D_64,D_256,D_1536
0.9856476734501388,1.0475038343799459,1.0397666096704317
1.2539806124972839,1.0141456913466196,1.0104179435274656
1.141136868910224,0.9947482467569846,0.9419061668475445
1.1056472294071793,0.9936645705370306,1.0249941114753505
1.1086781589477162,0.9395458124446064,0.9892245945547454
0.7128679283647066,0.9400008835344549,0.9440257126635373
1.2813173575625822,0.9101300635890164,0.9459153170358983
0.876142932343088,0.9447828775884408,1.0343845297399852
1.309020419391261,1.0613849389147867,0.9720923089903719
0.8536169295812933,0.868108379800137,1.054131691781922
0.8992031782879415,1.085491747083907,0.9899903246787717
1.1553115404702994,1.0499751054197821,1.0451747801065279
1.0308099101719321,0.9905353091797789,0.94732742969156
1.1899333119855187,0.9931593609869143,0.9683826708951658
0.9241217141713449,0.8513319726858248,0.9900598751951714
0.9104552927705806,1.1262825874995819,0.9947832078981715
0.8042640806811024,1.0084995417637341,0.9716948227732943
0.9607166525435169,0.9697688163212982,0.9402713044897016
1.0283923982939327,0.931720945963012,0.9785706743803031
0.915881807493598,0.9542802272032359,0.9772743855695483
0.8695390644669515,0.9669103246769657,0.9424690187994771
1.207533904893355,0.9579496392605594,1.0132037818603044
1.0251399683055922,1.1575976913308268,0.9862136418334432
0.8883711137690407,0.9729028090235234,1.0090355699216598
1.0087946263618726,0.9184263406978375,0.9608665669154357
0.9676044945551825,0.9556162337339578,1.030521514969011
1.3002431751078554,0.9756351393518862,0.9662116868805176
1.1012392603199115,1.1372745398026798,0.9577770277622211
0.9947596771270497,0.9318783387901675,1.0305152019738872
1.0827856624561396,0.9898006608088499,0.9805753458152182
0.7077682671528767,1.029283098354764,0.9870187313736983
1.125115608845847,0.9957384353292411,0.9425768277797034
0.9983865049168948,0.9834905554471323,0.9537332290709145
0.9294906751427756,0.995283124545098,1.0011087094079867
0.8292469368188524,1.018836237240841,0.9764788544266981
1.1451721996945574,0.9413947820817012,0.9989804619970375
0.9781087939682601,1.1125817431279599,0.9804301295401227
0.760081305636206,1.0315004752891395,1.0323854394991057
1.0540104168439526,1.1292104407408665,0.9842580871868223
0.7523406028494017,1.020596469801442,1.0162620878574031
0.8568741275005087,1.1181062799270476,1.0304123808176258
0.9208560236723451,0.9640766324480716,1.0203967942260885
1.1659463448558112,0.958911515704903,0.9891657330535858
0.9860985764096302,0.9144191775085457,0.9983539711965627
1.28482886787706,0.9436318989182282,1.0120134389257918
0.862775453728482,0.956373527060344,0.9084063054320904
1.1598588704204686,1.034881532023398,1.0458305773244039
0.7556193403787375,1.1836518721949434,1.1032121591448019
0.9480548169328018,1.1360681339242678,0.9964929958096566
0.6744954154785882,0.9103581161644998,0.9685734749178564
1.0414428654537216,1.0723987090330684,1.0109154052347555
0.9460896959326102,1.0261081275142558,0.9501517652573587
0.9873880811200851,1.1161659860547286,1.0504625695416592
0.908604324534569,0.8246351040975683,0.9769699424737363
0.9231764030272123,1.1830164672858148,1.0167560735666847
0.9138777892177389,0.9223777439274692,0.9976336597238965
0.8141032246851692,1.1846247417322635,0.9759497771967753
0.720056779445812,0.9881037520448521,0.9863510121872233
0.8701530058627258,1.046874225930936,0.9406891453705603
0.9489906688365706,1.0042771937422486,0.9795346574016651
1.123271876476855,0.9571484054914694,0.9807635532637683
0.6173921948804862,0.9373539739496571,1.0107526705534906
0.9770377751182124,1.054341097346896,0.9750901090520635
1.0216511495502048,1.0560994046009333,1.0247459780849406
1.1603638034895591,0.8646542986041339,1.0100161774137357
0.8805509595329284,1.1176248867732208,0.9525514078823187
0.9146284018611983,0.8736746591611559,0.9521617287607135
0.852670366875875,0.9359578291742681,1.0236268576741363
0.8513328908072708,1.0716739150483245,0.9818353553786817
0.8093827742465032,0.8518458456264371,0.9835322989445702
0.9236581833197447,0.9808987039737829,0.9817189450766088
0.9705082586205604,0.900342621931583,1.0034096040234297
0.931201876124399,1.0429183148774948,1.0154206496466454
1.03859973300873,0.8964202233883334,1.0160393543346602
0.9009914996790191,0.9323790720419571,1.0375162803007838
0.8652568898475075,1.0084878379943663,1.0248336339631343
0.7833491427677907,1.0861467915850953,1.0629091758470535
0.9767524645497916,1.0463150997754538,1.0621317499007583
0.6007950139334284,1.0620432712194963,0.9800075048218669
1.144581293124804,0.908006398040913,1.0252540876818979
0.9830168333164893,1.0163683960953624,0.9995477315941018
1.0337708061931594,0.9104178920854213,0.9687168516375501
0.9513895096833664,0.9113437140793111,0.9658371412624757
1.0642654123730433,0.876062578282299,1.034970721357343
0.9991145094031326,0.8641172813492808,1.0356604001515815
1.028141868813302,1.015484620606587,0.9824678258924039
1.0590669536493948,1.0158351482624943,1.0122766230214018
0.8699697728094286,0.9393124802393957,1.0071710014351758
0.8928741477912232,1.0266973260865604,0.9727333407117932
1.0029389195712872,0.9799447258787362,1.0223887286550102
1.1494386250380697,1.0552467469397309,1.0053043454737283
1.0232369341081973,0.8581658702958023,1.0180362615727656
1.0919622219662373,1.0574874868740398,0.9804255406994354
1.3802818388992761,1.0594498765954818,1.0180478438462472
0.837298488492355,1.1086401615676589,0.9975588469011724
1.4633707018641462,1.0066629043154405,0.9873960142094577
0.9648663977786173,1.0200452448572639,1.0164628390618295
0.8315452839410782,1.0538230874161891,0.9556439139915339
0.7868529327129843,0.9521443949367042,1.035777809310423
0.7146243264424504,1.005915689227041,1.0182745816471794
0.8928312972861626,0.988440010134084,1.001876508939911
1.2201238388573796,0.9704978030841853,0.9898019622559865
1.1813989742781077,0.9399261174657594,0.9755138998320794
1.0771028161280247,1.0930054658141637,1.0327990425044922
0.9836162270556297,0.8080131519828049,0.9730478006271062
0.9527247581163663,1.031970588538714,1.0516202166342261
0.9401271248519911,0.8384524117421558,1.0192427828477126
0.9842058081937146,1.0422421724106403,1.0059029432566828
1.5335747240600361,0.9470675557935426,0.9712952261761242
1.2124187533697646,1.092910962908475,1.0257755525797838
0.6834985497596855,1.0143916568003217,0.9813467148632569
1.1946701688605144,0.9820605165727279,0.9588758005723559
1.106990382895503,1.0944708690347311,1.0092854197013257
1.1120466732586625,0.992005072331211,0.9745668599935389
1.2211969560376619,0.9719780808429083,1.053267530770353
1.101928078822004,0.9034107855917854,1.0744961085340003
1.026971499011732,0.9678966831499661,0.9134472748533801
1.1629716573501119,0.9466553655389122,1.13236644144386
1.0361622419363128,1.0514848465441533,1.024372351297431
0.8995811770053679,0.9616840770356344,1.0308662980792704
0.8287376400142031,1.016460331493661,1.011823505452658
1.1641868203756651,0.8172725995621493,0.9891443674155038
0.7660472753590845,1.0119541416597313,1.0367300978091691
1.126845065018552,0.92248940410624,1.0450577192366655
0.9687530609736581,1.0691151684650915,0.9984811994946963
0.8215865871240741,1.0051177555868405,0.9746578001435142
1.166059908386102,0.9045107466304382,1.0061902672801633
1.0605706943531525,0.9812294769759836,1.0129246919367942
0.8507157356456814,0.9301320770671513,1.027113982030185
1.161411498084124,0.8409065621381215,0.9873426799148489
1.0528080621097056,0.8557352345081659,1.000322215270839
0.8473162239123453,1.0434656174394947,1.0057314529809667
0.7687757494442962,1.2038907874614853,1.0567199325182788
0.9139497928800102,1.0658691848352067,1.0059329525962795
1.0459282476115972,1.0443634565058773,0.9683823606291998
0.6580441708204292,1.128923745489676,0.9148968759833055
0.7730098821383973,1.0340360862707554,0.9090746444678217
0.9388148822446563,1.1273840766515684,0.9749918969959381
1.1382708201501543,1.0388034787815148,0.9592202784521779
0.9257286213526036,0.9772274617055676,1.0082072074386172
1.175715116258114,0.9900232034535964,1.0460293681186872
1.3550098422822519,0.9611911851140972,1.0700640451017431
1.0611812087932857,0.9772910672742016,0.9561422763556494
0.896789365956397,0.9920803903823606,0.9894316669580275
0.97657656206881,0.9736609144404176,1.0060914074037985
0.8964468184393741,1.04091941788103,1.0369887263743192
0.9238459876039986,0.9162574678358912,1.0190009611526858
1.0100454504498901,1.0405305881883464,0.9977422525704447
0.8136430841946111,1.028800097628142,0.9149429635071339
1.014996080451839,1.0289223267258936,0.9934361441563588
1.0760611252966132,1.0439844347998672,0.9719742725855746
0.7507559676548381,0.9632323527653326,1.0478232716312912
1.0471560441599774,0.8779815586396078,1.01948229807086
1.0769557407084431,0.9628563817567004,1.0183016583914062
1.1857471250091178,1.0404662664327984,1.048888684365284
1.0684019612363111,1.0010908070089495,0.978318414830556
1.0244193950558949,1.0259727323950267,1.0319464705183168
0.9007754634221596,0.9859138334707812,1.0674523303320835
0.9577545241586375,0.9839642143020335,1.0287610407503627
0.9350126202184939,0.8847432819478985,1.0281427940136652
0.9306285162847836,1.0342950535831263,0.970047371571004
1.024549485440648,1.0267094324111201,1.0158455215539572
1.0232209454805326,1.1662565795615345,0.98682772648659
1.0923995226599854,1.1482180777161823,0.9940150625534844
1.230070759716819,1.0611028239240334,1.0350447561185352
1.1278111131888369,1.0097338356039627,1.0275928228865336
1.0084209829995208,0.9283154366719506,0.9815642330348622
1.1292228969580933,0.9079839941981238,1.0173866698273246
1.3462249261411692,1.1120386276580394,0.9785811772337668
0.8036633963637536,1.1348210945627728,1.0454962435824244
0.9893765427964587,0.9649661580847542,1.0318534892082285
1.0064371179470344,1.0898927147512452,1.0316325810021165
0.9398865772373326,0.9154353191235004,1.0130776235842005
1.0470362473560761,1.0302126805931915,1.0492895739645915
1.0727398567159587,1.1257128336824844,0.9491200060498661
0.8021616247178374,0.9638890981763588,0.9787888614935859
1.189938025986491,0.8678650032900379,1.061354780762579
1.0515533279012066,1.1874607387732663,1.0286282458642517
1.048531111799544,1.0101569569152113,0.9939457192725634
0.9537063111372358,1.105007686473718,0.9815270557778879
0.9138918353685754,0.8336728277550453,1.0639474978769659
0.9904440843548364,1.0382935328484555,1.0698338910081138
1.0535199205187085,1.1614266140179192,1.032016911021664
0.7856531046384185,1.025363144625996,0.9466858995450439
0.973569440505996,1.1020922347677713,0.9983029962645252
0.8482211037059681,0.8757066509395157,1.039264274820399
1.1891644082497632,1.1403959962519221,1.0289744750173853
1.2082390800762388,1.010369370640871,1.0156956712252747
1.127947495318441,1.1081219803931026,0.9737835077279046
0.873150375038636,1.0597186780655274,0.9998073931099181
1.3204751373269912,1.0419586735516684,1.0261199633532074
0.9478907942056973,1.1076539395415637,0.9870924524991697
1.0604517845893118,1.0469002406190655,0.9845876983569467
1.1893643427066087,0.9226178035076725,0.9779454775177742
1.0335566567870293,0.9212526675871762,1.0108864672458724
0.7350701390980523,0.9276712812447496,0.9704117447524269
0.9513307978040751,1.0511898858265594,1.0050950844093463
1.3388932830345153,1.0654012865570994,1.0099433088102705
1.0872304581076404,1.013970865564961,1.039557053410392
1.1454018597098452,0.9659112225804338,1.0440949987164816
1.3756558132546681,1.0340560655400692,1.0091698274283452
0.8100942840440994,0.8562430116214166,1.0023364307399847
0.9028433974955932,0.9560348990579236,0.9246402112645544
0.9048663008260397,1.0918577377373289,1.0093104822833234
0.8588948114512909,0.8620900019297667,1.062145264393657
0.9635051418363545,1.1374173025287944,0.9892914642550888
0.8952305610045977,1.0785066000888008,1.0203850812595932
0.9094372103811743,0.825491584976707,1.0308083411259894
0.8074645031291988,1.0112580071985287,0.9675563170679435
0.9879101603283434,0.8843197002776287,1.0410000498726013
0.8346423660067155,0.9926594443673429,1.0001525975306989
0.884181277838541,1.1753595754316981,0.9426951677917531
1.0324175922807963,0.888431928165131,0.97699507558831
0.7925526332632051,0.9831918907639632,1.032148609589308
1.2422157015190842,0.9403414979135845,0.9625155650091689
1.0610786885546446,0.9988846247080881,0.9870113500939798
0.9407176722692777,0.9274997444230568,1.0253235338124458
0.926817198747154,1.124161516848238,0.999988625983549
1.1926394301680947,1.0455381406477016,1.0382791361262835
0.7868194041267023,1.0026101426032845,1.0143604449519552
1.1989952200239888,1.1062902052074974,1.0038491427594602
1.3261983814251055,1.095499242687752,1.0016588879930883
1.2100031519620802,0.9187360758664976,1.063451210282339
1.004937258943446,1.047911922041911,1.0226667741997344
0.7753683652853158,1.0893396211123931,0.9804006011202201
1.1338727342712578,1.0655276142047745,1.0828374046924962
1.1099561219843295,0.986629154281564,1.0142620122469908
0.8188035159667761,1.0402808747895966,1.0135583342158399
1.2857658757317427,1.0719549248707572,0.9504814401222333
0.8348349904980302,0.9324941642881975,1.0330875063364178
0.9318056996092992,1.0302092284210986,1.0654196924276178
1.3443917911047452,0.920328802066562,1.032916734874332
1.2782430802201687,0.9943636679548785,0.9543554962902069
1.123461338857552,1.0068924855986727,1.0342504782854258
0.9953928717287275,1.0222991161054367,1.0209538331769084
0.7609968169330075,0.8712383058507286,0.9918120779522207
0.858729750709912,1.0886836848867258,0.9687726082431322
1.184730418725997,0.9271431102227369,1.0544413193749966
1.05897466196569,1.194059042911913,1.0001040298329984
0.895679723534884,0.9968404278976422,1.009932840738849
0.8221727286023071,0.9761739522233743,0.9780469301629214
0.9826514422014276,0.9061415440875495,0.9637542820898911
1.2357694740039546,1.0799939447117883,0.93108655578357
0.8734951023867565,0.9741465831687708,1.0438621951646865
0.8855446266003943,0.9393230713919875,1.0007577452281753
0.9935836735468291,1.1347122146556938,1.0007560549147299
1.0431136993856263,0.9294006043062446,1.0459912781002305
0.8692545817837372,1.0196089812023703,1.0873728915142533
1.1888484849167718,1.0978584829223483,1.0145195838551293
0.8207591924279803,0.9045248671150963,1.0563459666889221
0.6804308255359237,0.9642766198525428,0.935179056435279
1.388865716503124,0.9590183708319522,0.994946659759372
1.0571530850791602,1.0364925790857507,1.0229687862128498
0.9365749097898668,0.8675977522467555,1.0919017392306871
0.766850251281938,0.9457256934991011,1.0186644162914147
1.0397581598126533,1.0282362536521428,0.9635152886381487
0.9220008938403776,1.0497855272015744,1.0605927933734172
0.8106211287636602,0.9888591035364257,0.9575818696403978
1.0612666138368163,0.9311639014814164,1.0258630710228804
1.1787014088786125,1.2028819573935825,1.032445692094586
0.9947250675890978,0.9734699538065488,1.0452178451810636
0.8555076840009957,0.8827247937001841,1.057068033409808
0.9886961079563994,0.965440443015262,0.979625965419065
1.0706583083609862,0.9893814254344964,1.0439793763178657
0.9272536335925338,0.956252771444536,1.0243138657550925
1.142694776089081,0.9698273381534949,1.0561866844684447
0.7839481388775882,1.0271166695860203,1.0486732735485835
0.7901316696563843,0.9153747196344529,1.0607647610083368
0.8691170609173962,1.0066908096096177,1.0242468196102779
0.8698959701629595,0.8542263119688228,0.9713730691703878
1.0247079487502657,0.9925146574564675,1.0185806781648346
1.1496331657080736,0.9215800857105095,0.994068749720717
1.167717735818577,0.9630307717533182,0.9999202575637728
1.0028680178931186,1.1251344192753163,0.9673820054877903
0.9430631891384789,1.0753469729992986,0.9996592396827962
0.9087990385580368,1.0690257627873336,1.0441107499050253
1.2483622517731745,0.9356456406327391,0.9924053715542845
0.7294006841560154,1.1379268297456466,0.9636892045174248
0.8974016202564399,1.0617400163586592,1.019658962767979
1.0115915642266926,0.9783758768328217,1.0192681658239964
1.2880165069432707,1.0440197664371746,0.9812746273535794
0.9685824462680541,0.9117730983636112,1.0211978243869353
1.0288536997813889,0.9372116857398647,0.9753055221698294
0.8475946533948133,1.1512832308271796,0.9734640339862364
0.8370798333593198,0.9533100213193235,1.003066014608718
1.06901670931419,1.0976418745815888,0.9668157063234695
0.6940976526375027,1.0537680325174041,0.9903789116520897
0.8897632752429804,0.896122308810621,1.0175017998969145
0.7060973405039037,1.0469002890297125,1.0554987695100335
0.8961994006587255,1.0478024982063983,1.042462926939612
1.074765740796823,1.0270459415182502,1.0326792480426052
0.9600126563543084,0.9994395351150727,0.9930136340558232
0.9405273514783353,0.9742101974874747,0.9820510039221824
1.2581162558132708,1.0729149580346435,1.0393082266763063
1.1491632720847835,1.141014079413504,0.9473027722212812
1.2841340137458266,1.025308130148158,1.0292472261821712
1.0427973402871693,1.0453457757550713,0.9462115678965803
0.7676685439907787,0.9025241518772036,1.0157442533586865
0.8539810775144286,0.936249587269063,1.0760346955079858
1.0348406207081686,0.9360976533923833,1.020562304346229
1.1259581730007029,1.0315060243482916,1.001988208997501
1.0091587547322887,0.8949599368404167,0.885441399045102
0.8069347903820152,0.9756200804554209,1.012432811680861
1.0446752629697151,1.0810344698696526,1.0654479857244177
1.1271714157270976,0.8487689138417582,1.002934635985386
1.0411235007863544,0.9774284348836002,0.9799870734006415
1.1718061767553918,0.9514643038117,0.9459701754038409
0.8090563572051446,0.9616708933058515,0.988485129453797
0.855965152234021,1.0728807492749786,0.9874163485341635
1.183386263248634,1.0439156467330986,0.9777181008078483
0.9051977682916377,0.9925207568938902,1.0149468538616278
0.8923889988495102,0.8283655091344858,0.9629522918113779
0.8411358949219507,0.9604650119239069,0.9516936281109641
0.8772209241326389,0.9999463853451565,1.0213201069332933
1.0116704116454804,0.9870281897380717,0.9597555729535611
0.826480032386871,0.9268694884381525,1.0090938963243536
1.1361486004635195,0.9946766160206076,0.954120506676387
0.8095223939536865,1.040124341259145,0.9543813998585687
0.8286396331802204,1.036009867644076,0.9370239381101563
0.8720024756904716,1.0392276454087725,0.9909026646851516
1.3328618509460104,1.0669520494222733,1.0428143522101347
1.157702014070526,1.0147547179297514,1.0083492923999897
1.2180526352140242,0.9906696885224933,0.9812691092761291
1.2965746335208497,1.0861771373331162,1.0225323869750464
0.8522174473836676,0.8822179269172657,0.9717638925975646
1.3919915980684585,0.9500054474097681,0.9841154388177665
0.8789724506514549,1.0367912596197746,0.9660590701917049
0.7893367837957168,1.0323307665691004,0.9793988468676705
1.1920927662982255,0.9265515677140566,1.0083535208060432
0.97733066455098,1.0231880321225955,1.0160845463561123
0.9313129860134384,1.0460216542082692,1.0016767170709375
0.9526448297960441,1.1458212630542528,1.0314135608738284
0.8671513572603327,0.9624426674291633,1.0298705568260438
1.0957577169529304,0.9314619780101816,1.0422882484123666
1.0276716208237633,0.9977238957487217,0.9671499327672523
0.9392694662982978,0.9308713396104664,0.995100620605117
0.9970454875172918,0.9086445185484615,0.992276872818367
0.8151297655281347,1.06783647382935,0.9684169887810139
0.9825593134819984,1.0696703064308948,0.939511814935354
1.0031179450676921,0.9785686120390744,1.0001712310634319
0.9769719128265263,0.9881306307018722,0.9944389455914712
1.1888716009185207,1.144145665953252,0.9406337582941582
1.0982093727816837,0.9648242230102859,0.9967123002007797
1.182556691121094,0.930634380569993,0.9491415676203575
0.8708960450847725,1.0447768890112135,0.9653489344232487
0.9238537297110033,0.9260310406902865,1.0229945747957203
1.1429019558254634,0.9797899898446187,0.9482339073194742
1.105464769565037,1.0573877235484412,1.0125690081023244
1.1365984489974856,1.097593750409768,1.029157655036764
1.0397617948604543,1.094375284595611,1.01083144401583
1.0703084113295231,0.9633390357970577,0.9556115015941273
1.5091077804371555,1.2014308783376995,1.0265334792289982
1.037948074652213,0.9788170155447311,0.9730241921921164
0.9044827439283196,1.0951198460831801,1.0167223749592817
0.7665141437805505,1.0807486124663552,0.9751427979440405
0.8303830322093,0.9583105452513294,0.9320643551524724
1.0331056003857857,1.0440635162963567,1.019780100533885
0.906949611260682,0.9787229133831867,1.0163544608168078
0.8317286343218341,1.0975979901503687,1.0241286695561038
0.9823552932197288,1.0633768718689958,0.9530879359116421
0.9913015863376673,0.8346660840219942,0.9774077927307016
1.1053697383345262,0.9069070394431776,1.0516083744359472
1.1876077280845942,1.017424713271294,0.9713414060600799
0.9369307725674503,1.1040776139744661,1.0119864016906106
1.2036938130873156,1.1013299147548594,1.0452319975200821
0.7947947568476792,1.0042145460706382,0.9661613320137028
0.9824716798363767,0.8397392253458131,0.9845283017432136
1.0838571740637546,1.0822212357320429,0.9603001649324501
0.86645368167677,0.9263134333566325,1.0118837431645302
0.9826994690245668,1.045874396700818,0.9444399334587041
1.2764284279569356,0.9420983591007389,0.9707439837645087
0.997903736614415,1.145682943253752,0.9733163712337202
1.1868120324446934,1.0078461338522358,1.0518562190982024
1.2562258621965108,0.9169622757982627,0.9843721562931668
1.1702303713087896,1.0489310534480571,1.0060489472694496
0.8000874684722246,0.8494016717215918,1.0245191838976282
0.7931152490830609,1.1218839414954442,0.9919523583782173
0.8842426106172632,1.0044458700718826,0.9544267057479304
1.132864423457891,0.9333069954338213,1.0357394414876522
1.0649213739144419,1.1388263500032385,1.0135015806524297
1.2230570248177233,1.1383109381441205,0.9906097138325017
1.2220780883982139,0.844491202944972,1.0285499136929641
0.9069952622465464,0.9660609068763648,0.9894613008501242
0.8553398632812934,0.9604351729693692,1.070588407582578
0.8942467094737016,0.9753459510858397,0.9931472887951097
0.8761709604053082,0.9174231754714179,1.0384184793952966
1.0076356937747533,0.9066992206114944,0.9693197984681964
1.2224075623552606,0.9477099304354918,0.9789886960511273
1.287018319083069,0.964815378867882,0.970256633030066
1.0371329211161655,1.067648588174616,1.0884226851584542
0.6049452842379297,1.1046376329005838,0.9816096281349661
1.0404939161784457,0.86030169137656,1.0315760333696047
1.1389880736398728,1.0639243286635809,1.0039944835027594
0.7455983400485413,0.9996979411426804,1.030457385819276
1.1975896885132697,1.011724171385119,0.9874805317885055
0.997652496411014,1.1876895378435186,1.0043068319983233
0.906060417238815,1.1017811336739456,0.9962146343684468
1.0682110200541897,1.010739580284129,1.0336748378598786
0.8388997756872922,0.9803788341388807,1.022790909749084
1.1327783297918783,0.9968011465117472,0.9888934167992668
1.0141209920964271,0.8855689488102514,1.0197016271751027
1.0200824514397988,1.137918197627196,1.037988765465901
0.7358613887636674,1.1989815645504431,0.9866658600602621
0.7622962643508611,1.0872992920489877,0.9839781600378261
0.7886814671507878,1.1420209251325624,1.0678959315396102
1.25633431675501,0.9660046848185333,0.9875265971712287
0.6723790400910552,1.061504766578854,1.0121654593497862
0.7885282040928752,0.8415245919329141,0.974427252721354
0.7482533470061319,1.0439009057667679,0.9792342328200506
0.9247162286160469,0.8609774517476032,1.012310074069414
0.9980605563227756,1.0078975638477397,0.9889576520601957
1.1146556279243311,1.0856190447432081,0.9607789308526143
1.1576133969453677,0.983445739216042,0.9901235501359548
0.9779931227738626,0.9271016287916307,1.052955936053823
0.9421084944670709,1.034780936316486,1.0235890492443953
0.8599516875662221,1.0010678377348277,1.0211974575798868
0.732851069597816,1.0069023794465766,0.9780763443196842
1.1206524203393284,1.1441284476540308,1.024213353925514
1.1239579628674892,0.8477846264017619,0.9738300851069935
1.1157865445083528,1.0135836237960025,1.0780604962113063
0.8489019722142521,0.948521869635316,0.954085290775771
0.9869474713420812,1.0875747827870672,0.9865836655444532
0.8293479992383843,0.9507447819307262,1.0251633733346024
0.9651396290499337,1.0891843200406908,0.9831776486247205
0.8125018990015688,1.12825330588231,0.9432198502182656
0.8816959570838211,1.0232283197316097,1.0589168374976239
1.1640496343959836,0.9757456114146695,0.9801711853421858
0.7657909806279629,0.9982165455637553,0.96341058317139
1.0193249354358342,1.0235630992974065,1.0570226653469819
1.0988124458343926,0.9600356197268882,1.0127728005141725
0.7675375451999471,0.9477724358417887,0.999260867250865
0.7934886225855189,1.0241897787024654,0.9737644271607753
0.9130864053090163,1.017347520660771,1.0542400000227736
0.8405869670911129,0.9746343097785923,1.0082719700665346
1.1440061329235394,1.0586791157862434,0.9633134707316199
1.3900082881944877,1.003278562954116,1.0396465746338377
0.6739538526714728,0.9762875244712843,0.9826783747634402
0.6976799815498765,0.8281141519730812,1.036359852707997
1.0062411020555646,1.0402149623027503,0.995344168240373
1.2678511753207737,1.0040645374393509,0.9849961535575892
0.8502932107377871,1.1071262771987342,1.0498466184580797
1.1862185511518653,0.8426496202809068,1.0513226914237601
0.9985575347189541,1.108143470797148,1.0152657254615907
1.211942157560267,0.9947370939772547,1.0397722947066397
1.1147297509515555,0.9319954479829416,1.020660268008444
0.9321743266241658,0.8234425018497882,1.0682353535183673
1.0844470105775468,1.0566095403926945,0.9930055902739937
0.8738655951147268,1.018545535255203,1.0117041110844036
1.0883335858615684,0.7952341804430181,0.9937326328932269
1.2259970355590077,1.1012559459332194,0.9779429441695214
1.1871846328330982,1.057382278817155,0.9898919090856263
1.2060543214869996,0.9576745036336755,0.979100793653219
0.9746229099465651,0.82802405621312,0.9845615219591614
0.8185871142108844,0.9704128047499199,0.9853450965390183
1.0760987396176593,1.0813584080049856,0.9686010086237106
0.9848120524371403,1.0794606371907578,1.00912759231291
0.8594907414188164,0.9804918222697057,1.0421718377026805
1.025092666779625,0.8715288343855856,0.9866832198088318
1.2376128454203295,1.0371212617276164,0.9878426223810672
1.0986844756054026,0.9802277354883019,0.9787033634003287
1.0702324566473407,1.0236358752440102,0.9980017892248062
1.0538629993381072,0.945482325329585,1.043856615216123
1.2041519924011037,1.1166320755811774,0.9329718008394049
0.8425020647880281,1.0846259505678297,0.9992836622338976
1.0370534020418822,0.9672365896853244,1.011360314380587
0.8407662599493824,1.0471793997554726,1.0689387411369886
0.9599234410617303,1.1187884926530827,0.9917925178487961
1.0557862366792996,1.0306538609167655,0.9938065936485838
0.9968400015337677,0.985656081727487,1.0212763601089099
0.755236600034648,0.9905972197834427,0.9566736442348481
0.8167950101276296,1.048350651312119,1.0539600065601673
1.1815096695059386,1.0565953008970501,1.0216695672833607
1.096866702741325,0.9044421315256878,1.0162552884471736
1.0198100899036167,0.9382548992892303,1.030427842885867
0.7434780789942304,0.8868716475772505,1.0504598748092489
1.059520629893162,0.9419748621203823,0.9958518516493835
0.7799037064168421,1.0838061477527687,0.9954857889971832
0.7581072127874628,1.0558225535771917,0.9973889385884797
1.1032027674208105,1.1070818824321202,1.0026666068697094
1.008395978817938,1.093210017026436,0.9743849311829696
0.8306894941220022,0.9371014065657036,1.1040809403314236
0.8196070288871355,1.2128090413419939,0.9802436269917126
0.7913549858753062,0.9170704375071785,1.0608065795153616
1.038689835696875,0.9862584856550851,1.0690972803442802
0.958866502422166,1.0093556050157497,1.0458019072178129
1.496214485538241,1.0188323439853422,1.021679202917052
1.3240653745794406,0.9624650373884476,0.9495057771050383
0.7587203669332124,1.0135934374275049,0.9746597727254539
0.872484248467791,1.139428764904269,0.9700542355217786
0.7278484307883331,1.0040652564490478,1.005802444548124
1.1158631819576477,0.9978312511554356,1.036477229003845
0.9353370351347985,0.9730678447753006,0.9638419347446394
1.351758397509133,1.0244347651808172,1.010618060549868
0.7665969483851389,1.0237411740290705,0.9720535578697921
1.0823757828770622,1.0638673207266083,0.989477890791972
0.8882858314981958,1.0349545504783473,0.9891019773978825
1.057572875415227,1.0734582567445177,0.9906123129259307
1.4288728578422387,1.0206458634829354,1.035618946643706
0.911590419018401,1.0791426405819224,1.0627521498023709
0.9603787619688985,0.9004177630771331,1.0239131273906572
1.1903937216701879,0.971509574839142,0.9489262927816685
1.4401410067055278,1.0243044512430086,0.9966320974673364
1.0802098395144493,0.8986163594052625,0.9995512904130147
1.0418370714140335,0.9670995400324063,1.0212703526095888
1.1002611256031256,0.9218347302405167,1.1168874725191122
1.195358832453893,0.9591821096946975,1.0119140349331486
1.26841195026623,1.0167171745867527,0.9900904487853269
1.0107316687802843,1.0523551240834552,0.9947336334831668
0.9441117999692656,1.0627087190533828,0.9607855167767099
1.100803295411171,1.1602218884307987,1.08718347648114
1.0184003403767696,0.9284628204956543,1.015713941834247
0.6483408692618772,1.0678396145004658,0.9944823803816449
1.2610005021121535,0.9928928601410588,1.0255340120966097
1.0560934859960476,0.9790883833225064,0.9603547212798609
1.0096021403702888,1.2020511577686255,1.015642745973634
1.0773239954273177,0.9604323691353673,0.9748088856677862
1.0593834415129626,1.1577539217877741,0.9758406898959286
0.7777492993456258,0.9594246601718925,1.022786953095092
0.904763541271421,1.0625408655142194,0.9189144046542775
0.7911389303837364,0.9486077945399456,1.0375106823282934
0.7250525665484057,0.9464189881297125,1.0060024418436935
1.0886972211564223,1.029484636380173,0.9750856315279027
0.7418188619219994,1.0501772695527245,1.0176566644196081
0.9904488072890977,1.071688482636818,1.0014522012844924
0.794537509262099,0.9127299250650271,0.9443867597015645
0.798278462696216,0.9500340530767424,1.0669745906321653
1.219755568102555,0.8931689934074413,0.9859771236157912
0.81554991808739,0.8603083563824321,0.9572432151793713
1.1099874509500942,1.1359006165391288,0.9623155344260832
1.0341708830649694,0.88423049683741,1.030732759703515
1.2056733974010312,0.944486723984258,0.9331074994083751
1.1370922298270059,1.113997338888078,0.996645012657878
0.6643729581852217,1.006545877626019,0.9580376868517303
0.9971375081586665,1.0090728947563337,1.0630154622694705
1.1548874766934094,1.0060272213061467,1.0411662217169488
0.8204775363176027,1.0153668377367717,0.996207788885486
1.4085273472987558,0.9529009439843366,1.0084100413752675
0.9692325764707067,0.9021551453943176,1.010111625016095
1.3204983763686573,1.1037827995407248,1.0141861332333202
0.9732202492437632,0.9420912894121819,1.02579088246212
0.9428620296224239,1.085893172223245,1.0208323987738026
1.1649779562529572,1.1889741114758308,1.008807088646661
0.8798260439339065,0.9676308222472102,1.0205791292785686
0.7157565259177863,1.1771307278718661,1.0020055728329644
1.3358018178543611,1.1309650029923006,1.0285689844710884
0.9785238240390071,0.9353838439505058,1.094738455658856
1.0838477522474481,0.9356186292526476,1.0013993380253394
0.6745372387455237,0.9914285559632795,1.0010157370854487
1.3128913842639724,1.1299149005962406,1.045893662386227
0.7781800441138774,1.0484654333795946,1.0306774907752843
1.0615612827558207,0.8593931484773567,1.0413918129899373
0.7833090857069838,1.0942649850623272,1.0450747587265246
0.8414466867006877,1.0084909776475885,1.0011200156042406
0.8681747381937412,1.1135982214573446,1.0002259853077258
1.1038057357704756,1.0588106442592893,1.0156990171642184
1.2321203800773137,1.2728048508074175,0.9651566123028301
0.9034209169408226,0.9722174896596609,1.0302906592659087
1.0618538550621248,0.875592513442113,0.9887651835010042
0.6908812851915038,0.9563946938334503,1.0385833714912802
1.1408734419787612,0.9945490904828735,1.0951780491454606
1.0879547673054075,1.0267331929783432,1.0371570920544697
0.8597287212112235,0.9405625031760055,0.970374179750428
1.2708948640869056,1.1818914520915362,0.960574980784247
0.9884287035392685,1.0609454219258283,1.0416109863827308
0.8645690158376418,1.0236076048568967,0.9520598368989378
0.9013895977327524,1.0432584962315223,0.9253403786548953
1.2895452326391932,0.8710132285259244,0.9719395770103844
1.3689938185358388,0.9986376064617717,0.9541784721504466
0.7835309324953912,1.0732188037157067,0.9788635543000067
1.420488782643334,0.9454736873054956,1.045386003175923
1.0226689340932549,1.0288530482408065,1.0367346990586317
0.9110943573671861,1.0077955716115259,0.9398215931941639
0.934271864953129,0.9684996121282194,0.9989487679025769
0.8000120348162907,0.8971005236805939,0.9968563135793239
0.9070210915732191,1.135784580005927,0.9962717329050282
1.0566104093079791,1.003429342910399,0.9941419878527835
1.0997955496612595,1.0414211018728388,0.9971818744583582
0.9784785818445265,0.9693102650735383,0.9702213006424362
0.5978361510534775,0.9952137072198561,1.016631775039012
0.9449448460392242,0.8860240700278195,1.1127683123743135
1.2320008999837095,1.1134845690953452,0.9876532659960079
1.2429186371273422,0.9198787369165154,0.959953348293691
1.0438315280721107,1.0550138667802929,0.9720143345547951
0.955273509430394,1.0541726728030472,1.0003766870868123
1.029040112420597,0.9117255830145878,1.0220436015402337
0.9086072085985963,0.977326507254066,1.1022530035108349
0.7767049030215458,1.1095120200796682,1.0337844502258746
0.8244693755927686,0.9812280201855308,0.9877011060776052
1.0306823363627262,1.0604350464182053,1.0322175995506833
1.1927954174266595,0.8622688100946857,0.9761696799578012
0.808300040259667,1.10873890043614,1.0001233347912464
0.8272119293242786,1.2015341973865434,0.9939225148930553
1.0439599429584163,0.8577525809539558,0.9985531439585329
1.0580105109608313,1.0705332550694684,0.9643743923283257
0.9833079348248495,0.9702238645298478,1.0542985935732436
0.64220154808653,0.8542381423486456,1.0687282916823924
1.0856211877815336,1.0058938280897876,1.0544481193775532
1.2189100893690248,1.0124255364745287,1.0423691226685388
0.8558552875515826,1.16215670188414,1.013139016362991
0.9157283552685941,1.0676505178759128,0.9935010927043995
1.2190555696112115,1.1269513611881,0.9998928266683172
1.0438582587092542,1.1136636222357923,1.044520651859653
1.2104155653125976,1.0448424848834796,0.9895018299134776
1.016150380960524,1.0005051736814599,0.99654260234619
0.6632928386284491,1.0263998175365225,1.0460483439708634
1.1233678457084362,1.0255960915126618,1.0178805979598837
0.9732774229249574,1.0972135882402574,1.0972010588516292
0.9592941260958429,0.9328977426930057,0.994321633022014
1.1723921346524997,1.168175765297762,1.0103249539974783
0.7820437619651304,0.9756951485579781,0.9829815173535081
0.8429007705759299,1.046823469624161,1.0535289708893096
1.1275856988047683,1.0048607999224233,0.9749499124880092
0.8602805411076824,0.9523579232590225,0.9709382128295486
1.1217837013666203,0.9908860024526149,1.0434380695036891
0.905546801813945,1.0178795556888396,1.0289065725366258
0.8768358887931507,1.140272860434371,1.0271737101162721
0.9305172934906549,1.0396963750515835,0.9714398354336939
1.3046591961334708,1.0960922628924743,0.9728443667273945
0.6540321390516673,1.1352498448425496,0.9279841937724496
1.090919504745815,1.0255288612114861,1.047509109629084
1.4104387862186463,1.057842220133847,1.0938015796579688
1.0636062123621572,0.992638960027016,0.9243780142185299
0.8462123804125568,0.90503185957204,1.0241829676335477
1.2694740077029012,1.1129971230458162,1.0223744106528792
1.1635602818977777,1.109991742293035,0.9536624889134954
1.1010381792119235,0.9418558954574909,1.0191724238034838
0.9605555841243517,0.9307369256696472,0.994273247345272
1.0258005342580654,0.8849028962221459,0.9701673985048086
1.0549545576664787,0.9988646824752169,1.0642975702217243
0.9508050934094665,1.0050347733931388,0.9941354830809658
0.7375733407770118,0.8806380896789536,0.9910286178890918
0.7813012857077716,0.8818216295384687,1.0191509673344508
0.9798897584955225,0.9389309301131699,0.9760893474109725
0.9623031607794492,1.0501206176975533,0.9597084471128327
1.2870614255514323,1.0175479123678257,0.9812036739096864
0.8849337856618884,1.1972799082235541,1.0150752497967075
1.00727848434969,0.9637099895802359,1.042326197016269
1.1278049206568639,1.1574485149414548,0.9984773466932578
1.096300694929027,0.9641522531665662,1.0300217266542242
1.1680219908935547,0.9490986125025622,0.9945520062516096
1.2476310101887762,0.8939618125017885,1.0630345568597452
0.8334531541961792,1.0018958176124835,1.0229296171653084
0.8794636630624835,0.8921446378758326,1.0149886332191704
0.9788627167403166,1.0574165543159977,1.0158984962861648
0.8291367943269882,1.227407239451861,1.0387044855726
0.8667512521164632,1.1264203259582657,1.0641868315733678
1.3229119188503484,0.9969452695250285,0.9455226135718874
1.0514557926382317,0.9031500355513651,1.028654199116821
0.554925534019969,0.898201177912491,0.9964383788857644
1.2467900933357574,1.098619714060061,0.9768407128797616
0.9196295253752181,0.9880626132917986,0.9527252646079744
0.968317173191195,0.9530762684767448,1.0149268488286864
1.103656338513893,0.7531423542831928,0.9816485486402445
0.6385888616170602,1.1326351160056314,1.025468753415036
0.9601922596969199,1.075356181769989,1.0067330757805186
0.8614144284182893,0.9717688064195541,1.0162220142602496
0.9083393477679553,1.0404572186867793,1.0497696884324985
1.2429070385981476,1.0079625790346536,0.9912290578869295
0.9140218855043775,0.8762951911225753,0.9830346112082137
1.3611376195097664,1.045696433268286,0.9884640461977688
0.8950534300347265,0.930989010087781,0.9956298894176623
0.9350107594978412,0.9249668410244138,1.0134862535116917
1.0185156053346787,1.0734797327887928,1.0249383322128958
1.5112364683656743,0.9143549406149877,0.9593611302761458
1.2583719141114729,0.9415901233855435,1.0434711698475168
0.8375331686088623,0.9536409477782561,0.96505537818395
0.9571941993662924,1.0959812831435292,1.0120505959596746
0.9729438950805462,1.0842196024424797,1.0537031742049858
1.1606042144247328,1.0862979728633286,1.018341320150447
0.8089234232083502,1.0294950308085096,1.02953504500796
0.6857266363206,0.9224603067791914,1.0004218748753633
0.8582792471815625,1.0583277687228747,0.9820911971732352
0.9466756171223715,0.8036715951373568,0.9632030918209477
1.2352290788335436,1.0188571746982285,0.9565385541623108
0.9779984744779758,0.9973936317861483,0.9619237621453692
0.9491766412701874,0.891416409210338,0.9600602125856795
1.2160939405443245,0.9755907647444827,1.0465852462598726
0.8688682256169411,1.0138932350929386,0.9559233244467187
0.8458699576016083,0.7537318997261582,0.9641681750789632
1.032824604007567,1.0438785559832173,1.0298041927072985
0.9132889059530457,0.9044065993412919,0.9625134111257726
0.666378015680485,0.9779913353486329,0.9767407161260063
0.8071693723798217,0.8630732321713668,1.0890454385164332
0.8461248044834291,1.139099253249435,0.9747929869094835
1.4301352910480816,1.1082480655949762,0.9440817362992813
0.9224457705729576,1.0678562066506907,1.0281511021889571
0.9083780999189746,0.92214664633401,0.9701457549614144
0.6987832546807129,0.9072567286690193,1.006779766205385
0.7412154783788916,1.0370178954845468,0.9525311915998925
0.9712966704244258,1.038948495218679,0.9696574381536558
0.9694439933775546,1.0878824925870312,0.9820233054598931
0.6431862973630449,1.0777654062092197,0.9871866672153633
1.075835653779062,1.0493659845605308,1.0437077609260201
1.0579299108820504,1.0479850866887535,1.0652639375178692
1.1391524838596556,0.8805220709298791,1.0274364272319845
0.7686108611648788,1.081244991932622,1.0078594159517436
0.9972440857247558,1.1371373837920788,0.9859902037842194
1.2793326655379285,0.9276837098692453,0.9774950733514913
0.865605134584617,0.8641231842126529,1.0085233176460082
0.6615637984487732,0.9169987733281981,1.0139254349174471
0.9351288464150428,0.7833654693458819,1.0153105312572561
0.7790340627125769,0.9879719954912092,0.9326734019558152
1.2456817259740984,0.8464004031507478,1.0172177382115495
0.6162208232247478,1.1413023898667962,0.9716414561357087
1.4175899897421602,0.8450115567360021,1.0033515537973778
1.321769641177443,1.116796174174537,0.9868970734187613
0.9682634337462988,1.0462483589338627,0.9460206392539549
1.4244729469284283,0.9110012008513222,0.9537985881324751
1.0586830477503686,0.9821508990550254,1.0611742604789463
1.0660552738600373,1.07674972584455,1.0066789731759933
0.9646330087628391,0.8432026633063973,0.9939340946730449
1.0049735996516396,0.881926382532364,0.9453052631621129
0.8252383012107571,1.1679513363332128,0.9724747376807784
0.9084169092387236,0.9684691553604513,0.9959464429752415
1.1254872641915825,0.972287220886088,0.9664811615870107
0.9033038511988128,0.8837237935360365,0.9881099126534963
1.3327277505559687,0.9282192634929318,1.0423597315128788
1.4205135475954205,0.9766426169677758,0.9516324915224973
1.0124638493457383,1.0492788613442483,1.0002603104973111
1.0819075471892685,0.8991974334060202,1.0044895325664758
0.6601247244465387,0.9484740818229466,1.003180028711543
0.6497850408364403,0.9989780139176956,0.9654105059399228
1.0447313674925023,1.2989519799087101,0.9678075780208889
0.9028919468923717,1.0436359415449008,1.0271044774222293
1.3138440038899695,1.0801722753545042,0.9722648067323053
0.9932366083780592,0.9474420685325161,0.9850413716954867
1.0410116302386736,0.8986787274739881,0.9911571654425418
0.8898440174886187,0.900418882930228,1.0096806622837733
0.7937709012144265,0.8884766637679626,0.9546834948432207
0.801215858652923,0.8642729285494952,0.9358831789706213
0.9501650445122264,1.074606072938218,0.9528267581755623
0.9522179527729613,1.1441685501483212,0.9940781128107995
0.8784665278594119,0.8688709378288624,0.9796363896179594
1.3067229581373887,0.882157176544208,0.9943352545043392
0.991775272623076,1.0040645584808,0.9668405199206701
0.8436173540209213,0.9871495539268922,0.9992612741167463
0.9079133199431413,1.0172611967256329,1.00586703179927
0.8485458794680386,0.92354216216637,1.0313982083189501
0.8078184825912186,1.1110198619300866,1.0613907263059457
0.9479833437318226,0.8775297976251665,1.0675167593366457
1.1207928091042718,1.0517927927561201,0.9668833008490608
1.1123255810732908,1.0253276741173099,0.9620626675570548
0.9533840692674116,0.9522032272017733,1.0404389471766875
1.2782823345128103,1.0354176301906777,1.0190780024469799
1.0730308454616284,1.1000658741240714,0.9915076142567022
0.9819499357133777,0.9477121779524094,1.0084734695773279
0.7485170884444581,0.9685096866527823,0.9894754326088092
1.0805660148683944,1.1552712530541385,0.9956764310918027
0.7762556510388537,0.9697733023129982,0.9766919691812741
1.0091858360360821,0.8795907732004449,1.034662696021001
0.8360704485199659,0.9297340958591447,1.0195219214010678
1.0482360467865555,0.9805743928039352,0.9870206245610657
1.0276321764053695,1.015666225856421,1.0005398596794681
1.1289839438107805,0.9675252438672127,1.02253964845228
1.089701881541258,1.0228732427239016,1.0482056087865639
0.9145856465116841,0.9461920527528926,0.9948440316205298
0.9530152962647558,0.985259413918245,0.9662945560359034
0.8339698204493067,1.0039807963596301,1.0164941286371572
0.8714871854763421,0.9457989339494445,0.9226424100328806
0.651284109781378,1.037589728640578,1.0612437989425205
1.1012325131184768,0.9490516917689368,0.9729411998694403
1.0723923442272043,1.0667918035075061,0.9547253171753036
0.9905633304803709,1.2113765465956505,0.9527991417527041
0.9757938594495339,1.0250680243532577,1.0134532838234336
1.196619597537903,0.9672321583711035,0.9314005315120051
0.929618111083307,1.1171016961427491,0.9793267937119087
0.7870595439473873,1.092036443708259,0.9313030458221278
1.1788407809038162,1.001930172063049,1.000913151553896
1.112761460730336,1.1306418556811202,0.9547681048439434
0.9327378756194935,0.9515894036408482,0.9553570137659673
0.7755013713883981,0.8211162361005322,1.0050190022424548
1.0453694658169512,0.9442878042638679,1.005389179084587
0.9465593910195539,1.089834900974011,1.0346392549402441
1.0885353100424018,1.1074096255708998,0.9802373374092621
0.9723507351132965,0.9164050153397484,1.0316421232907067
1.2637537169774171,1.0008783148699087,0.9584497952514407
0.9305898599061235,1.0042440953205856,0.9771397149116018
0.8423819539924909,0.9079807244517156,0.9590256347578352
1.0521065412163302,1.1080082454620461,0.9653973521705778
1.1074495204804897,0.9187953416496986,0.9612597016140842
0.9057113595358044,1.0551940450193764,1.051114696015419
0.9777075139873549,1.1023636569734543,0.9732056383564874
1.2182992323872415,1.1081436441679409,0.9894819777103133
0.8862064854120031,1.05938759071005,0.9822414609029982
1.218920879781297,0.9383832341518155,0.9927286730729247
1.25541225083345,1.0596332900041956,0.9680110092117561
0.8199825224839512,0.9289591737710919,0.9728012435430843
0.7511230934808039,0.8629357636849785,1.0513524393800575
0.8493211354334886,1.0752602687827277,0.9722282806120436
1.3098011359904098,1.093477964606798,0.9995207496839179
0.9932460676288588,0.8786047772579684,0.9790360624838349
0.7539464142690253,0.8174569106493726,1.0283207808997294
1.001082450238612,0.930679243169646,0.9662751794763372
1.0570327717629424,0.9426076690929956,1.0163394695837953
1.0889960415984279,1.0588910988705884,0.9720398329610628
1.4852579227466534,0.9903526919713836,0.9784732822151536
1.0962675008742617,1.2289251474548955,1.0174263607346268
1.0521373357409693,0.998563615877988,0.9762857232608714
0.8956949756499789,0.9556747466070722,0.9950314502169589
1.2297963926781843,1.0837014990917782,0.9674870847113887
0.8402839140761551,0.979466419782815,1.0147966576612442
1.0511268506181604,1.1804100769616517,1.0262361194784344
0.8945067820528836,0.9087962536719569,1.0208116895556039
1.0430888371560725,1.0644872222721211,0.9797780373627129
0.9454238298675633,0.9121268255780853,1.0066176234170758
0.9262008261802452,0.9299964905876432,0.9555344073635235
0.9289419789203444,1.0185002600711042,1.0362127516466888
0.9030787289699902,0.8163437620334809,1.0242911470275138
0.6997658835386227,1.049317879839177,1.0587824596414377
1.1108611964657809,1.0277402010884493,0.996714233442599
0.9629846823212207,1.0586410666609023,0.973680573979815
1.3553420874869513,0.8555218144344292,1.014886406305033
0.8818583872793447,1.028585335450443,1.0272575823120889
0.717255162464344,1.1674357735360041,0.9823429316548816
1.0094706475005149,0.9564603795192593,1.0094491976085407
0.6835579849530038,0.9602511072821753,0.9766979817937376
1.1009422321531908,1.2415939851137208,0.9648149820009501
0.8315806545410491,1.130274253148313,1.0010002848382908
1.2007179385485758,1.1470947589774791,1.0363851482416153
0.7475008386473244,1.0661789610053614,1.0224303721279748
0.9927107626175616,1.1155154353375731,0.9625638402054623
1.2760128998271774,1.1208983490575006,0.9874792469738382
0.8432911793032748,0.9601293015325654,1.0598797135826017
0.871997857721319,0.8626196140097337,1.011812861145671
0.7805787108193976,0.9271125663986163,0.9932014887624598
1.0415116469672876,1.049027005559385,0.9408626891535198
1.236207053008893,1.0467972685768907,1.0621140184608067
1.0252909644869737,1.1059426470555433,1.0230229044319767
1.3233045379411046,1.0330932063374587,0.9969613846676498
1.330031838971327,1.0501602217468742,1.0039791245952878
0.9287205297299379,0.9698456840671074,1.0525171915593092
1.0276232929252833,1.154805636550964,0.9106208465066321
0.8130926450186113,0.9173412888625254,0.9770005444501253
1.0187905999173557,0.977432609967716,0.979831752465914
0.9444223717701692,0.9350575665554188,1.014685982599166
1.213322181039994,1.0123553464188433,1.0131110468963858
1.0892145674737774,1.098439467723224,0.965713993974117
1.2134199411704376,1.027769724166921,0.9638425853287161
0.9746935881297106,0.9716300732967528,0.9946148339451734
1.126919102730829,0.8889348567545978,0.9714274969087215
1.0239321088830153,1.0387036347424115,0.9680267976878983
1.0566669581714905,1.1128402278053657,1.0352504132842395
0.9463680533141661,0.9676288517713343,0.9849879014697732
0.9832513229318046,1.0291663751580078,1.0627188585512155
1.0295227171461443,0.967337172706698,0.9423830042074837
1.293355401974827,0.9174519721868395,0.951275354515186
0.9070777078853545,1.0474405963334756,0.971889007548699
1.2761498335767265,0.9328993504024445,0.9691647187062609
0.8292378660983937,0.9651008362722315,1.0053848900788982
1.186137147667861,1.0008185707600548,0.9628192920434336
0.7337385665944278,1.0137476148635534,1.0102583248827306
0.6780188436194773,0.9529655894251916,0.9084698011098702
1.3363589348619231,1.0630384636918468,1.040974343091872
0.8047727100241742,1.0032815888252957,0.985266384611721
0.9928055630500403,1.0041723006452596,0.9511626857556529
1.368601195375142,0.9732397866028641,0.9228658610273693
1.1492797782559712,1.0390652306403156,1.034617511845088
0.9672693113535699,1.0798298940475408,0.9618131109300233
0.9185444274653303,1.0246454402528835,1.026371552700434
0.8434206474558132,1.03976212672159,0.9506454529204458
0.9135436187730062,1.0657158667838786,0.9931704323412109
1.17878191575514,1.0039942195997824,1.0197742404725987
1.051333158591321,1.0149179979735985,0.9650396896619114
1.09590430258468,0.9246033398226214,0.9861548964509558
0.9695990587318531,1.0748500679099025,0.9519261090736633
0.9292652565312721,1.102933738654732,1.0158912640880882
0.9508042305147366,1.0008532845504388,1.0212465162275277
0.9519647217987259,0.9311615988189715,1.0039468184767333
0.9464138826936949,0.8091912106139424,0.9712612445617262
1.439173737548374,0.9566955582117109,1.0155973578521993
1.0107294674460667,1.0029944420694514,0.9498829199532777
0.9332604894073674,0.9368752265221518,1.001826839386575
0.7971129347336348,0.9240714754596245,0.9905464739348929
1.3871887415679616,1.0147431751635665,0.9530270950870806
0.8214881704779557,0.9539848255274381,1.03199550458379
0.9540321159964134,1.029785971509634,0.9872240984415884
0.82767585337353,0.9228380644245924,0.9945313696753694
1.0992738526983081,1.062120906831848,0.9853157089378143
0.9941225059258092,0.9960530373086669,0.9744455588441397
0.8003613234384529,0.8536598437740863,1.0276971682499192
0.8402356856872059,1.170925938324337,0.9971919747472965
1.225473191792676,0.9589440952268264,1.0545716333798574
1.1867824685462929,0.9477153150209923,1.0782518573414546
1.0836195804599655,1.003459956042312,0.9979074940247971
0.9956047546467278,1.0212241469463414,1.016851327011122
0.9812097861521898,1.0598029011210028,0.9850956717706779
0.9485207859226024,1.0582642189678513,1.0155213526173512
1.0359039123390335,0.9973841378070322,0.9694152428342125
1.0520470212074526,0.9044308658279585,0.980240364243012
0.7516193270242432,1.0927234348367938,0.9916665815494232
0.9017302464288899,0.9043866180177917,1.0281621160532657
0.9690457557040484,0.9063837839981074,0.9292601502444416
0.8062985784034529,0.9480667445395827,0.9512946160434006
0.8987352788070555,1.0655185340962472,1.043969967950302
0.872692138987545,0.9869245585989541,0.9832659836954338
1.0619744621667062,1.1629833605646325,1.0271553923896188
1.1794949872751124,1.0562325796298269,1.0147377119772214
0.9613726671843987,1.0109255782629498,1.0109169850724866
1.3942149790621903,0.9082595408855546,1.0511371365931466
1.074073574412664,0.8807244260226127,1.0011411425637402
0.9192115730037335,0.914855611465868,0.9901323490097806
0.9292870138318874,0.9077472590037727,0.9769322592601831
1.3962181185020226,0.9766337768635165,0.9690349753770707
1.1555436924470877,0.964784871131692,1.0054979629691874
1.0958462448208368,0.9974854839978168,0.9949140283876877
1.1568799585663885,1.003689089851672,1.0145960543372805
1.3098753731596977,0.9468778712978876,0.9708148671521916
0.9916228519942836,0.8813932643710354,1.0368237342083035
0.9149901083163199,0.9822101150076387,1.0314944962145953
0.891481975971141,0.9594585341079966,0.9916255278792835
0.6619591463669704,1.1258757607711471,1.0655630666893905
0.9249088160481691,1.0491840922760014,1.0382225794748015
0.9270873998268385,0.8387503254058507,0.9673695031821415
0.9925958363721199,0.981936747396801,1.038510714598342
1.021544071073434,0.9048233550302296,0.9967747010996413
0.9291541474967244,1.343814447627207,1.0276253881343305
1.135587775773366,1.2431214009716802,1.0392181166507408
1.1063462833095907,1.017655039072714,0.9955072564544745
0.9147523123194405,0.9266073446730494,1.0742745275140066
1.1702073239330413,1.0822336971518598,1.0110593062678856
0.9665365561774737,0.9461495765585488,1.0062340694617282
1.0778546151275352,0.9196514264702325,0.9450161579607355
1.1156777695650404,1.0392226035135792,1.0191976433134031
1.0279392031923176,1.0646261817193752,0.9830576885472343
1.029831118162251,1.0236404915264936,0.9894640060568727
1.3070492434185956,0.958726906000007,1.0309894462346059
0.9562161795532855,1.0333615421638274,1.0306309202175539
1.1440664701719652,1.0270544138262967,1.0304472751582783
1.2491049430246468,0.8216936540226424,1.0000898870278567
0.8874070860638059,0.9647092320719168,1.0339854037611282
1.0602398273271243,0.9970975435300202,0.927243269416229
0.7743738897985897,1.0064365649627895,1.041466075754268
1.2143768510358521,0.8778201932980105,1.010499680572934
1.4255267315041147,0.991670275296585,1.03028328415405
1.2393696734538582,1.0076691882120918,1.0424146008512585
0.854347956377051,1.0430728734271737,0.9700242132219375
0.8277178228949076,0.9258005370255555,1.032018734330881
0.8970652827150227,1.0064784867906715,1.0137999980398906
1.001911611072044,1.0739793537698452,0.9801694719111148
0.6918570863178543,1.01173993802965,1.0614533967839532
1.0587352128186016,0.8664523696104232,1.0246658227157421
0.8527106284254351,0.8396697716615606,1.0102174576002347
1.1267410817819852,1.033937490557685,0.9858649488687042
0.8366742823451212,1.0496381399975792,1.0455722186481882
0.7955129961015276,1.1012968326598687,0.8976047009279143
0.9254459555752288,1.0567109128418521,0.9493830773992928
0.7372552777183168,1.1344757413255135,1.015591439952413
0.7479312551709474,1.138317574733687,0.9949244834234215
1.086130826198688,0.9606460418082452,1.050983347273206
0.6890135071709107,1.0081725834991149,0.9818537027406519
1.043927910247409,1.0451101177179654,0.9703491428916472
1.0759209922932962,0.9699365243599951,0.9752830173643394
1.4045751337250718,1.0847721989635257,1.052066125809862
0.739568486448598,0.9925251611396332,1.0524921062900174
0.7901936155332376,1.075712834780061,1.014449253511487
1.2672688012460267,0.9913409234707515,1.0053391922704042
0.9792887131816129,1.0835721263968532,1.0130366777266329
1.2523578267356736,0.8468479797358974,1.000669817901774
0.7259933667469669,1.0443839163877522,0.9515019152533307
0.9175438737679702,0.9842060548744521,0.9955919790803813
0.7931393010281564,0.9645102929781599,0.9118787575786479
1.3210445309587446,1.1104573174137056,1.0108351411181817
0.8101709046965131,0.9236985778401976,1.0429740113300385
1.0060405570271178,1.0031002223664538,0.9620228657258117
0.8772252524742723,1.1433474388508829,0.9989669822567393
1.0765262765576382,0.912458935695399,1.0913968063975277
1.1686547492205583,0.9390534785799256,0.9629108658557411
1.3409345421586487,0.8700529146048364,0.9820139057800027
0.9552578639302518,1.0747610705210144,0.9659787025574319
0.8796354803258053,0.9839585904992916,0.9597658163012982
1.0130543456313368,1.0206374018867603,1.040338877616888
1.005248008398905,1.0356708917845974,0.979339345679076
1.026473287745925,0.9912353443107439,0.9955331936606223
1.0662214742308107,0.8474156961038025,1.0039694040054654
0.9430817677334555,0.9262237956625865,0.9887018668052727
0.8060756576501547,1.1196397421340651,0.9638013956195021
1.157420764792397,0.9541797372210257,1.0240112300374407
0.9178955317961344,1.0276930713257044,1.0328141107053055
0.9545798224451406,1.1121225030927793,0.9104068647224391
1.119270994303421,0.9717440984639165,1.0264396199814219
1.2369557423636706,0.9926968414892182,0.9981005481279835
0.9662605075723282,0.8817463540620276,1.0301515259730163
1.0074812123101808,1.0528750151208972,1.0531471353383044
1.1152724450686784,1.0013447089088139,1.010801507821502
1.036995979056012,1.1490043600639264,0.9943812628797403
1.1159026605271714,1.1072084138416838,0.9460976219399284
0.9082806386077392,1.0815637550881747,0.987400926927541
1.3675167073252987,0.9811757104749648,0.9504931025220946
0.7649777672002048,1.1240162139104857,0.9954346241010019
1.1080967636619634,1.0137352929798094,1.0105268706668697
1.0800298759649827,0.9476589562105426,0.9952012927097865
0.9639477953435545,1.0491118097213672,0.990320670978253
0.7844402713107921,1.0659516828175999,1.010642482524459
1.0515313083292481,0.9051611557549151,1.0561857500447989
0.8492276767764532,1.02331430667396,0.9421749721268547
0.9545689670971942,1.03981885543464,1.0002968839740491
1.246609586907585,0.9261973879659462,1.035466318306653
0.9097425939736257,0.8925797656837824,0.9798832636635665
0.9459554666788709,1.200621531108761,1.023574200819422
0.6902283322517329,1.162692921333274,1.0141776301803183
0.7807170845563817,0.909877054958345,1.0202908593800044
1.0055533922887046,0.8082532992698298,1.021179409384497
1.0543397052618673,1.0478888326176128,1.0085412054350693
0.7274351163354326,1.0788853147691517,0.9837149651213805
1.1799336521489885,1.2258488404701404,0.9631800352044385
0.8700027080450838,1.0211493685180564,1.0418027955184164
1.014564098266936,1.058931388167001,0.9404068636289091
0.7792656268767095,0.8848386133973734,1.0355413420905226
1.0290014313013365,1.005607558998263,0.9807666769917945
0.8531841449077102,0.8831269362765164,1.035722942873594
0.7697876136293018,1.0869992911024324,0.9619045648710852
0.9941176276731409,1.05947731984767,0.9655275374146043
0.9926084788252384,0.9643295515045769,0.9524174496752286
1.068863511054059,0.9206257802652118,1.0218234952315022
1.3471060465057882,1.0948477901267952,1.0252782705020966
0.7605644667211708,0.8975816533756972,0.9375653171993323
0.9017171176597331,1.0614224898481737,1.0208528029533372
1.1124433439896038,1.0390750774880688,1.0416724250110532
1.112863166712807,1.1594174019177532,1.0643372632049688
0.9610630645794915,0.8264536596907162,0.9974836413249449
0.9864895736952386,0.9762821055717479,1.0755710413082171
0.8099962150299089,0.9776557375646531,0.9748467730908223
0.7381736332107259,1.0518760720657663,0.9611352502797548
1.0637893160559135,1.0520814185749827,1.0164431374883913
0.9291446326173083,0.9246277467013206,1.0869622393060914
0.9572869351995255,1.040726329053,0.9591221076489008
0.8366600623904836,1.1189810032437735,0.9765947865994379
0.6782270764347602,0.8710473046509936,0.9249838505109299
0.8819018941262282,0.8543803795009619,0.9652043326603188
1.0907368779889302,0.980082144018422,0.9196057070320909
1.12277776624274,0.9269247314930804,0.9792587731711135
0.7701876220394902,0.9824431388358408,1.0083910113182764
0.7495838631637743,0.9982250708769201,1.0428951672412847
1.490478604055611,0.8497266631774538,0.9953494656002011
1.3508539871556962,0.995552090408633,0.9757736358676787
1.0872718825706515,1.00781020153582,0.9684044560365693
0.9348943548386448,1.0303902757948997,1.009390517989645
1.0146959672002587,1.1478155868400521,1.0055506671869274
1.0360542202731382,0.8888535303677667,0.9819202151044145
1.0604741169313512,0.8883323706158139,1.016400513657719
1.3337121578092546,0.9356903604623834,1.0158462318204655
0.9103375659971308,0.9834327418994925,0.9725849999535775
0.8558078701385547,1.0589634079785686,1.0326271071628534
1.0341391636368142,0.8478793297905779,0.9578228648727322
0.7393996540865366,0.9781980043323654,1.0133413885701363
0.7125015683314116,1.0634992618970378,0.9630016640261166
1.0327874845751082,0.9487594260531659,1.0264429277807212
0.9574618628929594,1.0326854384008866,0.9713542532285945
0.6814567664012854,1.0562375363414351,0.987273665282589
0.811811507785433,0.9884870185313209,1.0390621165420526
1.3531863051276147,1.1099434053989565,0.9323522850898351
0.9463641579189009,1.1038199542937641,1.0394596380925945
0.8392922388174853,1.0057218207484504,1.0050102443460711
1.1259173014856823,1.0486012325253469,1.0420074611276593
1.3218926474744035,0.8962913929686129,1.0160305016798172
0.9356254118979865,0.927160268926609,0.9749532512929844
1.139839161979523,1.0173802594612011,1.0574376605988485
0.9561970679481236,0.9747056249349502,1.0244334767297971
0.8505395320679952,0.8268722578132734,0.9511256079567957
0.9269226149127973,0.9638618328645949,1.005771706223419
0.8637136984186168,1.1280649709917538,1.0419831721982067
0.867158099868125,1.1614975365284756,0.9564247440682152
0.8437695531601249,0.9945828602057887,1.0008441465956999
0.8253085761944864,1.237998170259767,1.0164582501879356
1.198947541440157,1.0264365447080772,0.9990117933224504
0.7448514293193779,1.0802726125483295,1.0197798414531
1.0064166032587767,1.0011816450558166,0.957975812405028
1.0189921915751488,1.133323072559652,0.9747557768342827
0.6624807295298507,1.0477368524568096,0.9982092722047119
1.1472783783362699,1.0178034341152808,0.9953293135830856
0.9229868574283795,0.9070228958147435,1.0840720498183714
1.1234664598891624,1.0297636033953004,0.9429514593666687
0.8491761457546434,1.0589561978127493,1.0355427237643078
1.0083713758969066,0.8734513676323403,0.9921429401360758
1.3696685312214718,0.9918872060822104,1.007818711346819
0.8977682835968694,0.9681746184667777,1.0091668204219484
0.8661260333603948,0.9699644229322061,0.9915883132800856
1.0393755904066098,0.9783167535422427,1.0497075043993052
1.2155283114937458,0.9159911066249102,0.9864698614391392
1.1968155367231825,1.1177680954655742,1.0210199374482827
1.0127977734713092,1.082549451157669,0.9931314652805657
0.8207651279146537,1.0298207579912746,1.033813960659484
1.0543380638923092,1.080049035635252,0.9853021454151021
1.0502606912862977,0.9421853924414483,0.9883598033485308
0.7942856883135644,0.9694854159441324,0.9292404075215902
0.8135765166562691,1.2106499397161294,1.0176707709250128
1.0496064918576367,1.0333262871865336,1.0353804753405516
1.2965782413917024,1.0163178469809022,1.0156266062126305
0.9139973112684929,0.9814368436413057,0.9239138297251946
1.0126612975979554,1.0151395986156717,0.9592730952967484
1.2022522613944029,1.009688355822348,1.045399844396877
1.0881666587997645,0.997766634075412,0.9862506188824328
0.7963902009951943,0.9416952851608109,1.0124646724189255
1.031542372809551,1.208969253514192,1.0796239036532922
1.0529706918400592,1.014726403353641,0.9823655331577651
1.170560089148647,0.9628699744574093,0.9816067624515501
0.9398665673103002,0.9384928759847637,1.0015418238955753
1.2834710611287259,1.1115583389853707,1.0323535590566635
1.430583129100245,1.133435857614165,0.9809109695113488
1.167800460824782,0.9871397487154638,0.9784935715844524
0.7238935934932449,1.0636559165350232,1.0208783472081913
1.0834633183325972,1.0131691118337374,0.9883550576888128
1.3360600812537704,0.8717277736830626,0.9483831040908729
0.8753369943546971,1.0333908330532844,0.9975311466149493
0.8378861083120637,0.86884886700245,0.9723931693838247
0.617507317183391,0.963335400620098,1.0150090537122571
1.04827320544717,1.113556164700452,0.9668227007279047
0.9487912929599874,0.9927175013394689,0.9403004994582022
1.2555863185463743,0.8683669985137903,0.9849419336126991
0.9036849314250563,1.0648418032533586,1.065902362025729
0.7353140353034744,0.8094589641607051,1.0211317325261893
0.7309083711488005,0.9888983044435953,0.9917058863582171
0.9606231547419213,0.9827279961922188,0.9839719133409348
1.0802886760529682,1.0588124991659087,0.9870905676321784
1.1249394409869136,0.8422547957479085,0.959288887440518
0.8571792663914963,0.8439089064844961,0.9428517673766175
0.9012794571112472,0.8860275501054306,1.0502576732266389
0.8664600816340814,0.9167554156413246,1.0452985990757515
0.9450896999667877,0.9672115005034023,1.0264478852275631
1.3231154601379278,1.1158747588021423,0.9541524667703262
0.7653044297896059,1.005229364567974,1.028029640360963
1.021357596822937,0.783460435285869,1.0362564684879592
0.9111294385169858,0.9783861721026273,0.9817670686977213
1.1730321075490018,1.0436302146562757,0.960854179864846
1.3523136669075253,0.9647280186584066,0.9876416303454773
0.9456697940500834,0.9560650243182814,1.0179195382239365
1.1912131805305308,1.1021316173655604,0.9433205428920467
0.7072446190821728,1.0429521821356813,0.9882401689960224
0.8528917082107368,1.0225569504863654,0.9681468953497473
1.0291516348164058,1.0038643824129723,0.9462539056054234
1.1656008148196109,0.9184878316758909,0.9697067858548953
0.8634530427048227,0.871156921613219,0.9952273827699659
0.6967419786494086,1.09604166440413,1.0133864508810146
1.3511068709055518,0.9007075238554411,0.9534597342964416
1.3646283058847322,0.9274005078394554,0.9896204076646334
1.011795625255277,1.151560023163146,0.9682502599613123
0.9671897521507905,0.9494276999721015,0.9631196134876294
0.8528142102808394,0.9341574011151603,0.9900423698496071
0.9202838100358339,1.0413624066132188,0.9745058015395213
1.0057310471942436,0.9736173892439685,0.9864090152612545
0.7845133793248948,1.2763153802150606,0.9874440458077606
0.8441473214785944,1.0323223771967465,0.9600748541375603
0.9517224118232585,0.9900979879724942,0.9424167383990211
1.0317673455508154,0.9447077104216846,1.0079013923433184
0.7798077030673863,1.0144436742154606,0.9855189113578012
0.9086028776277936,1.112450584103665,0.9864108484106837
0.9380739390585286,0.9798337496298961,1.0498856937923347
1.0546498338639594,1.112959445319631,0.9885866095170178
0.7001950260646418,0.8744789358556777,0.9737401909444702
0.7151639641047954,0.9640466908431633,1.0342730092164707
1.2190641253025492,1.0247627912538244,1.0352442089898615
1.3084925119441055,0.877401029732843,1.0543347387553288
0.884058551593562,1.2227511254375294,1.027078892215605
0.7740646753012638,1.0556897012053723,1.0080785614098937
1.0797623421040543,1.0444241168629858,0.9867249720186965
0.9179028546954082,1.007380374242574,1.0947935569235134
1.1202870374413312,1.0382923618602478,0.9901162231838825
0.7675483848537725,0.9838302269567369,0.9851639046149131
0.6927128028781064,1.0386850661887628,1.0367449088480167
0.5651507334607457,1.0078074274435218,1.0366210182884614
1.080589377873725,1.0370696587192278,1.0658268823841401
1.2749474389366617,1.0149718855148357,1.0058262108156122
1.1140381624476303,0.9469454269046241,1.0107948735542618
1.1866959587753745,1.0302199163653631,0.9257186446968166
0.7255103321548102,1.0901931603312933,0.9465832204502904
1.0203236197498269,0.9243780184094288,1.0201029123643897
0.930201346268277,0.9365118776508614,1.0237802025807374
1.355169985607821,0.9509462073104494,1.0349066354103114
1.0729211422990919,1.0694815497978187,1.0034924154657305
0.9281179071065636,0.9840832897378332,0.9737724224054986
0.9869123537088794,0.9994047662185189,1.0209069924223255
0.9768341310092059,1.0241223313865468,1.0432292106597085
1.0062042579195847,1.1674367485268657,1.025510592899889
1.2649861421295467,0.9998061199660837,1.0235473969223843
0.9236047792470272,1.0553542587436038,1.0653100163029567
0.8525354100699413,0.9404304135398533,1.021734076477107
1.1073008851432906,0.8427525458880786,0.9722108975589165
1.0530026520419762,1.0648098359075222,0.9723011645979659
0.9277857173586451,0.9237760708712333,1.0708702522574498
0.9708362408993945,1.085878841161168,0.9418589545790758
0.7800278693124973,1.067904745126344,1.009206075184279
0.932800794238601,1.126657069791706,0.9792155526253086
1.029905036627286,0.9994134688745191,0.9455708785865532
1.0211217684215061,1.0649305708129648,1.0079578908045226
1.061372082118254,0.9413807474394613,0.9894194367865815
0.9031109491470155,1.096158573589754,1.02786184642933
0.9198476360334943,0.9024934895240588,0.9825086672114235
1.077364060283827,1.0637127700408147,0.9256211253275511
1.208344785035099,0.93684639504243,1.0401970661677413
1.097570031212499,0.8780511102550899,1.0184064749999762
0.9047753666193319,0.9843433035045646,0.9783571565085971
1.2729183992927227,0.9978039725356235,0.9771648310861378
0.6668987754674536,0.974605967152819,1.0215233357492608
0.92132122489041,0.8851480722180036,1.0172630881416893
0.6124336730445161,1.0556240861134776,0.921297076062222
0.8660738066393125,0.7373466669457414,0.9942256433375113
0.8127075708168072,1.0531792574297538,0.9739031225366169
1.015057783984724,1.0453171663235135,0.9915993617972979
0.8475574007861696,0.9910504111739725,1.034188806529006
0.8282291841729472,0.881232143026563,1.0244972810481567
0.9037211447672476,1.0137500955235998,0.9342107572146698
0.9586746433865061,1.1139946226354445,1.034559380177359
0.962999140311734,0.9436513435717427,0.9570976774462157
1.0310418610301544,0.8749878178343602,0.9959967271924969
1.2397997668022838,0.944140653487028,0.9947862676217207
1.4534703125675927,0.9599707258604433,1.0067153679980112
1.1505009288275372,1.1417724793770698,1.0168665393142902
1.3521067335732548,0.9305985587127692,1.0199155568972536
1.0443268344164034,0.9802533870977419,0.928042157125704
0.96207137094997,1.0753711813186482,0.9553297552658034
0.9451486662469772,0.9740996094668313,0.9388216036035724
1.2740562741780952,1.1325027602296531,1.0016776994066077
0.8263121740801075,1.0836414298280146,1.0333080538627324
0.86793702217085,1.051956386988449,0.9819304917229393
0.8564580329365886,0.9603118203608451,0.9870116965712624
1.0404805563912176,1.1429126798243903,0.9760144402181045
1.4540997546141456,0.9800635028563939,0.9408267876207943
0.8199025719521518,0.9972849334121471,1.0736488063348084
0.9353052165633333,1.0149255911488737,1.026320225473151
1.237520630402678,1.0198648328137576,0.9816861760305441
1.0011585277277089,0.9284010877552009,1.046868462738091
1.1968232032292059,1.0962753242937402,1.002404613962914
0.9005077520838904,1.074376157883753,1.0294777834504678
1.2903036327400554,1.0608353371309365,0.9710765435272576
1.0164293672603004,0.9082106141252313,0.9919973361064907
1.3093814086121265,0.8900141967995772,0.9963542998684312
1.106328828296849,1.0569125663144452,0.9842152331992221
1.0669318910121186,1.0430013972970584,1.0395444730752492
0.9634847542597407,1.0367716304484489,0.9518377166273843
0.7020953382039068,0.9523481274617278,0.9826231981910265
0.9485013518003518,1.0802377886897745,1.013511320384292
1.1437654606665513,0.9474724975976423,1.0261122326239853
1.1970495359566526,0.9761928621406422,1.0052036686770143
0.9033917817209279,0.9867756360669611,1.0174732244888258
1.1345290928250433,0.9534037098526541,0.915988440356729
0.9856336445903616,0.963953488783289,1.002591625565265
0.9219676172142017,0.9834856971612604,1.0293784812307998
0.8498336451889721,1.0863804097929024,1.0062270841438863
0.8107223799206731,0.9603330659830935,0.9717467945482549
1.0480997277187138,0.9957055288647727,1.015740446466619
0.9574051061737776,0.8814049835135856,0.960064926083863
0.9084343115017075,1.0784525840879269,1.0006728327192818
0.9502410863576043,0.8724044000199342,0.9823302434798036
1.277001839269988,1.036965779228689,1.0044959655917058
0.8682907514212969,0.9467509871513805,1.0046367608888296
0.9336944032929094,1.0636914482806448,0.9505623106886709
1.0874938502194218,0.778035854639322,1.0474082639186568
0.8991116028603277,1.05521592392498,0.9761550664707394
1.236977860232774,1.0306185126736338,0.9868116951744869
1.0225345156788572,0.7745647211460531,0.9867661306370893
0.84506686221935,1.2759914187118904,0.9855943973241873
1.1092287033614714,0.9746325863349139,0.9579796112213037
0.8376555856579009,1.0411120160694054,1.002915955655485
1.2966858822484437,1.08768223102009,0.969587209431486
1.2176665235012527,1.034768493589088,0.965464699725858
0.8982567614522701,1.017996668826246,1.0416669415694761
0.8795515700958898,0.9924307305650371,1.0196183335994198
1.1633358380651502,0.9423956015020832,0.9548656178112344
0.9463342602802336,1.054785948795403,1.020416456557364
0.9979656421545451,0.9175338214976314,0.9771566432641378
0.8394841806159501,1.02842255164683,0.9699471335275006
0.9238992377204562,0.8894246017681064,0.9857139496277506
1.3899055704563787,1.008152654790888,0.9494934153258224
0.8979751548544106,1.0089868203571186,0.9892292284574244
0.9296489513464432,1.0905612300827523,1.040467898785324
1.1395424557779574,1.0333402052040244,0.9859628041295762
0.8023021755135064,0.8068058871246379,1.011266276111715
1.095841952564955,0.9694586612132652,0.993096831308366
0.9053540240351035,0.8548149880980624,1.0157996591082432
0.7809485704034692,1.1044858226407115,0.9572396040680863
0.8371874157036996,0.8861469490432361,0.9936168454291705
1.0108099471208734,1.0465972105559775,1.0086743798368583
0.9653000873329237,1.1101569535935703,1.0144525455711424
1.0563890907250504,0.8694050238536228,0.9119566988208936
1.165021477278724,1.0945832048301845,0.975341477774116
1.1816970173773682,1.1100979105349267,1.0103356040009792
1.3636318480523957,1.0750098718819494,1.024827149437399
1.078819800659587,0.9538483468613959,0.9797403224440493
0.9556061388921155,1.1826771802609302,0.9684363337272394
1.0688120213052,0.9923545883068692,0.9705537184989916
0.9266593463442241,0.921011931294713,1.0153407657449305
1.1776055108478118,0.9273581940235052,1.0249518846630996
0.8004821312975685,0.9505147082106624,1.0174461224288953
0.9770410584422669,0.943198642642293,0.9834330872634703
0.9505011977535902,0.9954610202966651,1.0194362753239592
0.8834553363372111,1.1412686578105886,1.005719763843877
0.9808418770166175,1.045312299547613,1.0427116781899672
0.6992875151567797,1.0877521273439554,0.9776652164863492
0.9129101541970903,1.0767149892444094,1.065340136432179
1.5235898450843208,1.0143362585248927,1.0070487305920934
1.1614560038329136,1.1026581880995252,0.9582084165848354
1.3931143332978382,0.94774567552643,1.0203428359485802
1.014334675367916,1.0077203918537843,1.0522201160503917
0.9256915022622751,0.9009477225375484,1.0097574953630237
1.2599992897731374,1.0966295412920197,1.0326270093923775
1.1940025464260233,0.9412599192535038,0.9921135319522225
0.7171451116980632,0.9541907165236965,0.9397577417669393
0.7792078740242919,0.9231256635156018,0.9869755410501542
0.9111679171374334,0.916928840403327,0.9752307375104602
1.2000504291974226,0.9986413040855229,1.0167837904404324
1.141701080365641,0.9327114407364855,1.053203606121402
1.1472689623574674,1.0750067183551106,0.9760246886200511
0.7721714378315863,0.8729813408191349,0.970049600763732
1.274786778967287,1.000320464229847,1.0623501860034665
1.2679269078419597,0.9485877966042449,0.9975411215974187
1.213956102973413,0.9724128751400507,0.911561548302433
1.0878498819512428,0.9334934415626617,1.03294503509868
1.0911770937027028,1.1313596117462783,0.9705385144592699
1.0314861619198339,0.9935817351140888,1.030508147798637
0.9084190107518566,0.9215619445611134,0.9194376168996724
1.0737196471994253,1.1361983956576478,0.9815804623786053
1.0475762442309615,1.1235646673951276,0.976533780411221
0.8132015878359706,1.0937662492499562,0.9609413438060289
1.0694036299227694,0.8964563145078781,0.9817614959826169
1.008628721893467,0.9554580114675536,1.00975525559776
0.8500231051046053,1.0890745719844055,0.9908419804068034
0.7590443042315256,1.058130818546363,0.9568379650301906
0.6568199675142454,0.9623360936041256,0.919444869927907
0.8777083287743093,0.9744466807706667,0.952164245987424
1.0967615587878126,1.0234067452981677,1.0004082647384918
1.3935578052136752,1.0149655957118857,1.0009296762243745
1.1921329689381317,1.000047820822565,1.0420258537979128
0.9600643752690705,0.8819581409797231,0.981608516903259
0.5516599683572784,1.1742677611172188,1.0179442789915558
1.0027800398466455,0.9471493285197029,1.0027373548282392
1.2489636644689792,1.110972946613738,1.0468541814234393
0.6120199485497784,1.024214812627124,1.0019524958825277
0.917945705196157,1.0515091029964942,1.0089482904968408
1.3415160134551896,1.058413625220576,0.9575054689533674
0.774039881080476,0.98933441112222,1.0234464126793101
0.9161435075426295,0.9986036919831884,0.9859080051423587
1.2902211956091867,0.9918301513225196,1.0599882495494939
1.1632352569776154,1.0081086067873666,1.0545541133483651
0.8779905294174302,0.9652996200931834,1.0178631004560479
1.2579567634588111,0.9259895197582106,0.98935495460795
0.7319105692903356,1.153847199248635,0.9750635545801583
0.9619525309479231,1.0548420370058058,0.9802497004525534
1.3231803903649855,1.1126930454329635,0.9789175049828884
0.935811792499422,0.9829104927244593,1.0049310261418272
0.7867882877610368,1.1852588728529407,0.9773034292255778
1.1650206604031585,1.0609891528324336,0.9797478754079759
0.8902330768778,1.0941737099094464,1.0383649502658647
1.1784949564275262,0.8701202371363137,0.986523976646852
1.2278700947849042,1.148287180930268,0.9711657554213847
0.9550281427140354,0.8204854137277616,1.0407294502227038
1.1132476615560123,0.9362503009697202,0.9739758075376693
0.7730127440815462,0.9917175063932387,1.053121023916202
1.2746397829832223,1.0232262388916937,0.9084099277303297
0.937202121793542,0.8995152350849949,0.9896619532066406
1.0234291354928615,0.9356781620336152,1.0124758302386159
1.0347607092364508,1.052843118537685,0.9401226557389234
0.9168745089497011,1.0590220202159188,0.9559522003035106
0.9574328525222722,1.0844472876421267,1.006525012562555
1.0410003668371202,1.1073268932843439,1.0498636181551813
1.0355679519614835,1.0077200517394669,0.9482508819637502
0.9305817911134807,0.9876638588922877,0.9428763628790137
1.0490192727842866,1.0672260347702134,0.956799324378478
0.9267674222456113,0.9536607411895134,1.0207045506139412
1.182478409049116,1.0499199768097098,0.9773492085796375
0.9306880288003652,1.0874589160837396,0.9256778690384172
0.8108353818555869,0.9100962612731415,0.9730336994018072
0.9604956317983395,1.0554222004619267,0.9539933208660893
1.118590352399363,0.8501257145312193,0.9816908255158819
1.0352801342589737,1.0469276089832944,1.036347139696657
0.811718799325505,0.9154643422787119,1.0488148954399938
0.9666783454195595,0.9437993457868644,1.032524895538776
0.8725323061141121,0.935390130281176,1.0094134798488719
1.0560026535398606,0.9060764941507402,0.9795485709086496
1.2839725104488062,0.9782241174776171,0.9998974712822095
1.0071648729728362,0.8431338378565649,1.0194227035996015
0.7441547963283446,1.133757395347816,1.0272902223646756
1.0463296582406243,1.013754428151759,1.0051887216197526
0.9746172577760241,1.085047385947918,0.9883868623167819
0.8892267437896058,1.040812989949775,0.975266472016
0.81080595905618,0.8592237527609035,0.9974166266238716
1.0447601248456015,1.0330623623138115,0.9894237421006262
0.8897653167074749,1.1002151471881034,0.9882895685070521
0.9902124435340385,0.9522977453690493,1.0156332963960473
0.9668062241967466,1.0446812917516837,1.0301423319508163
1.233607498758952,1.170549745004996,1.030732807202372
1.1623000781424329,0.995681526478957,1.059966322741724
0.9101943740362376,1.0590944152908695,0.9880399775414702
1.0111373235006793,0.8642187513673454,1.0453000593160418
1.2162884940421796,0.9719325200410995,0.971936951987891
1.145982048823278,1.238403883088605,1.0551737346367793
0.8992375568176244,1.105083516287749,1.0110742800300319
0.9253706333660303,1.0073877267825402,0.9642092457433971
0.8003885158944322,1.031514369723803,1.07254202483673
1.2612149341358312,1.2209713421969521,1.064113141639675
0.9702383623625226,1.0823811801232135,0.9361698413712221
1.3274028181764352,1.0902937038646079,1.1160220105067673
0.6246777797013401,1.111262669785817,1.0899898816322706
0.8871911950314202,1.0097579597331237,1.015766180268952
0.9801881031669084,0.9896207627520048,1.0162938301828721
1.1295975678191974,0.9471923085990072,0.9830251069273842
0.8088266437969067,1.0590141010534007,1.1036256189934635
1.1961657861365826,0.9492416862266908,0.978217109360969
0.9879783590807736,0.8199556906034471,0.9756094830896404
0.8416450154700268,0.9964060474222709,0.9626808881021538
0.8892208018276284,1.1913363043651746,0.9545219476868114
0.8573844601535145,0.858577859806428,0.9728467616519426
0.7768401252985724,0.9109349600047529,0.95864177061718
1.1416463023586572,0.9528501961038672,1.0239414245278056
0.7861352365184353,0.855361177588263,1.0680241994057456
0.7217611795814738,0.9269097471650319,0.9624330210234134
0.7843604601626063,0.9970754631897986,1.005175031979283
0.9838952946996675,1.1867131937812978,1.0320245945225108
1.2088274849929501,1.1938026318549921,0.9967785682362692
0.804402811601544,1.0217295062296987,1.0048223824861293
1.0751561262156974,0.8544724826300905,0.9442755553384986
1.1293824153723007,0.9470015875824758,1.0418767791878054
1.3463386539702729,1.0092319920221335,1.0733752549296653
0.9782212195485066,1.0847737056991882,1.02785389674568
0.9679325999426682,1.0526283866447563,1.0982737564620255
1.0824275073235547,1.1211541559607139,0.9799870549494386
1.405741121917056,1.0729671726178056,0.9753020979539547
0.983608652484697,0.888347976562897,0.9362079397271668
1.3241326764999668,0.907560478047251,0.9856642903571045
1.2602051070045408,1.001221790796908,0.9952601972813208
0.9706939464271032,0.9434236073905227,0.940091743123823
0.5584115307863744,0.98241897072734,0.9732135179202169
1.0674662987354628,1.0817511499485064,1.0135080398872607
0.9617433267551526,1.1194290889308687,1.012116245182279
1.1595932848431794,0.931620270442813,1.0247030362246294
0.8214203979202533,0.9307089689847979,0.9774721921659647
0.5848323537646396,1.0937430639256092,1.0238212543982923
1.1089864639273146,1.1317123776554283,1.0022991490553084
1.031378852136996,1.1749567628936797,0.9917203128397705
0.8290117503457547,0.9521374763480572,1.0012129861981365
0.9818057455185836,0.9788994789887662,0.9954382534360838
0.8878015651216848,0.8709221582418859,0.9922140918903527
1.1357717507064804,1.0741564718655228,0.987191924835388
1.0058582627389856,0.9751473407360918,1.00504049876368
0.8526947595410133,1.020199860675215,1.0648310888851829
0.9183790347697931,0.9674126014496118,0.9878783616873118
0.8584542348398383,0.9143885321336072,0.9512461650984824
0.778229607038087,0.9574441975527884,1.0345681447291755
1.019780835597884,1.140742668257444,1.0518275740652752
0.9788518629819677,0.94807385552753,0.981540387741723
0.9395419039750734,1.1690120187635684,1.0308488669471432
1.0790671555875,1.1089718501394326,1.0606758850235207
0.767710292477089,0.9438229711789777,1.0496242586802322
0.9253400108950389,1.1141283184331288,0.953993521563676
1.36109108294888,1.1141379067360073,1.0694242259147426
0.9819865979978513,0.8973271135351484,0.9861973782278239
1.087467223547569,1.0997740081434895,1.0607333814428344
1.0711303939401486,0.9693284755333778,0.9819631652865194
0.9778575022612055,0.9787979754294732,1.0313880585351558
1.058960527789675,0.8636353658974931,1.0128507077511426
1.1332833576164187,0.9200140617208663,1.037968996381765
1.2793847720964862,0.789365064037031,0.9938529259281116
0.958375146575903,0.9585962202729658,1.0202723701876926
1.1203362523723603,0.9144981833332322,0.9979048179384126
1.3304508075584438,1.0372525074275876,0.9888288911541667
1.3309932357564853,0.9672413949260434,1.0284110647327769
0.9258007279296911,1.0711243196680866,0.9987879610142244
1.2928769783570555,0.9600737353500519,0.9694384593777361
0.9653210382992363,0.8446001108645793,0.9519574821115998
1.1524290170708047,1.1582884095538937,0.9986029161658925
0.7974038194156268,1.1226704693040568,0.9567372586175852
0.8598390140360488,0.8974947870447993,1.0362929830304743
0.9659158097304247,0.9328322719069951,0.9855852905268666
0.812232431567526,0.9619833349322484,0.9887279215544474
1.0305823968907881,1.0189505471113174,1.0167166148463493
1.099064179005532,0.9159457390318341,0.9902271474445975
1.127341284802308,0.9698767330849203,1.0193531879806277
0.8806435701954207,0.9009995394915784,1.0643587635740246
1.2904725569208015,1.1087643479368117,0.9984626765655532
0.7034875986267581,0.9120322402759028,1.0320943305403718
0.7439536222822114,1.1014426831600597,0.9760194038285027
0.7722008818147843,0.9655843912100865,1.013220241214429
0.7220993210836351,0.8905036376853033,1.0333598388990575
0.9948921424516585,1.080257493857062,0.9924381757905558
1.3059143823871513,0.9705957478863656,0.9861203581211999
0.7658719685069517,0.8867724436270958,1.014033466592599
1.2038049926248873,1.0014719152281566,1.0192725551375565
0.703731510531546,0.942139275061594,0.997860362870887
0.8376058292372675,0.9444145432025669,0.9709665410060748
0.86557388567179,0.9583569437224826,0.9767286287007382
0.9159661836028558,1.0080468330396146,1.0188990459390392
0.9922721661386671,0.8527738443571323,1.0504565979578928
0.8434296571650224,1.1067009148569416,0.9661165098932893
0.9684952257608479,0.9960963841992369,1.0100414291080078
1.061275888420531,0.9534831908272121,0.9932290414821398
0.964301766680278,1.0332540737507103,1.0367429645896467
0.9101434055309028,1.0278848483061434,1.0665753086985676
1.1450491078497174,1.002629973142247,0.9342095648981315
0.9743702341712758,0.961995546674173,0.9310446255420065
1.211546789579368,1.0842564754151944,0.9721195294802611
1.114232797438466,1.09402725970445,0.999662355770725
0.8161921176194227,0.9754006836010489,0.9740551916677366
1.0414409545300238,0.9160645794645411,0.9897198113749663
1.1874805627205927,1.1362415155951624,1.0179868509719512
0.7365338643479193,0.9250092059200677,1.0352838987002513
0.9705816573271562,1.0772837185995512,0.9786334358087624
1.0662964463658284,0.9931423268293529,1.036928537892379
0.9689833132877012,0.8587164448421865,0.9816184238454632
0.9811188535913296,0.9431605365003579,1.0704369238977602
1.0276145907496892,0.9458295506340918,1.0091268066716423
0.9457186841282217,1.0313469894680654,1.0064621543155705
1.0299062409225281,0.9110545239357833,0.9952660433072023
1.2605081939077039,0.8593232205932123,1.0420949654179454
0.9283197341085054,0.9089855366063269,1.0576521509289558
0.9377363980824818,0.8822288716005863,1.0647057984366566
1.1925330689968348,0.8146118434201738,0.9763638888390939
1.2432141260208562,1.1446633465051894,0.9993992875317753
1.0499682373300234,0.9692839811108872,0.997372555986022
1.242231198527587,1.0888956910122856,1.058484592895171
0.8864706013949865,1.0351619528555043,1.0394881042013542
0.836250762190527,0.961148168382731,0.9470957824480788
0.8904369994819148,0.9399893428378554,0.974314306503668
1.020611315516872,0.960774453364589,0.9975205749398398
1.0499855677473777,0.9927908863084856,1.0309496872133
0.9981723947491069,1.0197157426755428,1.0376181449340447
1.4960812647721506,1.1457372474552434,1.0522020922949842
0.9107494773948944,0.915438137013321,0.9897727722766355
1.1364018937156992,0.8548938220886682,0.9697370385000398
0.7171781112057225,0.9440925152735888,0.9118377343683894
1.1265171132484135,1.107940669573164,1.033968400177286
1.2062128140761015,1.036555461097464,0.9158476344491153
0.8698607249986092,0.8634208659277278,1.0013961569464527
0.9718175459399289,1.1803281785636754,0.9500905926990701
1.5675404073886494,0.9400656471405275,1.0624976228806438
1.1617422675976545,0.836858062152055,0.9806061945170682
0.8840450692340797,1.103219961164712,0.9669220510225975
1.0551434250207314,1.0522983301575533,1.0638921992769934
0.8284648448653393,1.0156012196860216,0.9734013186198878
0.9367446049567522,0.7019441825441868,1.037693605160904
0.7895611989925568,1.0208532994281156,0.9418802752587919
0.8003297865869008,0.8776394947392563,0.9790952212000418
0.9413234784317804,0.8999329800773869,1.0118138062037423
1.033283355020552,1.0261725159562927,1.022472169651508
0.7237411723115412,1.0745799768266684,1.0442341510710584
0.8670837809654276,1.0578377946540796,0.9803618209477515
0.7926560534994851,1.1798942079401658,0.9523365381910361
0.9309951171560888,1.038423253201222,1.024106195738675
0.8924136676689816,0.8720062990341455,0.986590101539389
1.116619768630024,1.0403716858288683,1.039656517918148
1.180198058914412,0.8254336810355949,0.9883638962060601
1.3840790321593712,1.18265725558035,1.078760348180122
1.192404328292195,0.9809763669612981,0.9724480789701313
0.9682935686062177,1.0509201852572732,0.981029659142504
1.0130803095738043,1.0532543620989254,0.993034102323019
1.046290268722328,1.1056459700250336,0.975733769563225
0.8789412513382786,1.0429977573695042,0.9679110189624965
1.11205582103781,1.0593668022169647,1.0028127743914248
0.875644262021623,0.9620073909624545,1.0306187122175683
0.9310561017553551,0.9931972224982526,1.036074264623118
0.7892650263142366,1.0942901545521355,1.0748042292256474
0.8629521438623384,1.1056261340104465,1.0056779841460752
1.0899761045079495,1.048344490756996,0.9714376571654301
1.0624397658480498,1.0098118229929987,0.942959592505557
0.9041877426487298,1.0870587135817105,1.0398434389640558
1.0803435409082134,0.8205675457970819,1.0391113087252917
0.8537697797430055,1.1828182679757804,1.0579423106865862
0.8606920313181664,0.9580465514865412,0.9886858609639516
1.0139513360422425,1.020852649681945,1.0295732785367402
0.7941859202003254,1.1566849276207818,0.9200605772097434
1.2842566468183954,1.0820508602090506,0.9539987545878968
0.8161583584821949,0.9292832461372206,1.0079054905586036
0.8695810109707958,0.9008216206694116,0.995269106938633
0.967126427786167,0.8488426210968792,1.0201613009302346
1.1849627200442547,0.9023629775855686,1.0494649089366288
1.096160892412666,0.9397722094120378,0.9527163344189292
1.235634302838871,0.9735902367280974,0.9751792001475398
1.060539580583038,0.9744797003260648,1.0321217094964277
0.6510874481240858,1.0328215762814996,0.9559596838599017
0.9597374445959337,1.0763714851664943,0.9690121675450681
0.8453281249681237,1.0078718672779186,1.012832247262275
1.06825560048984,0.9381515058718694,0.9419334939242127
1.158275946548522,1.1360943795389296,1.03023848856923
0.9582973857631465,1.1522635636897864,0.9519157192610251
0.9485513511910291,1.13126378596538,0.9392160039492166
0.7859597714341235,0.9685061934791144,1.030347732143525
0.9835964197841092,1.0043163332624898,1.0233931227803683
1.0678011813889423,0.9522262903069396,1.0269259576072025
0.960427489382478,1.0436254652673438,1.0207486079964292
1.2406849027512512,1.1758043754496548,1.046047580560925
0.7545520854540206,0.9985539911938288,0.98448137835473
1.2407708283598387,0.9959430186656303,0.932749575755987
0.5904764990991497,1.0988630516805387,1.0095532800775076
0.8507409446464261,1.0162960165829826,1.004770214323613
0.8757482185480698,0.9878331442414032,0.9725346857818448
1.1438903516342043,0.9067841812640431,0.9431808818511532
1.1682351852310227,1.1492089265953913,0.9772281429113677
0.8789806927315801,0.9519241357838981,0.9762741377630647
1.184436505700882,0.9513849822155274,1.0225052522647404
1.2667502547631249,1.1131066945922616,1.0444153073178055
0.8579961813999437,0.9184030078419252,0.9625355602724076
0.9232827059943232,1.0760881065057695,1.0302191320011393
0.8824540939006796,1.0019252429567826,1.0141522580954254
1.1547056963878972,0.9222413212124653,0.986998764731252
0.8165870631512023,0.9290016533885914,0.9920996893652104
1.0129571549292056,1.0314196973930254,1.0092793137477816
1.0494070561536355,0.8549679572228943,1.0610816187182273
1.0624814544585899,1.044354019303067,0.9549499753746372
0.9983336892266512,0.9897881794438033,1.0942613207539589
0.6918978595983762,1.045114443933838,0.9577611127170376
0.8603062870120168,0.9792704572891352,1.0667136571005627
0.8975600803081449,1.0392880141651304,1.0194577893534162
0.9464661153922319,0.9531299695475649,1.0061066565310925
0.9536857921097441,1.0719647871144913,1.09919335100081
0.7746390451829805,1.0081566679985872,0.9505695188878057
0.9329906055622356,1.0268963376839437,0.9844122619693015
0.9969423585257382,1.0437160416933478,0.9721629488178961
0.7474175044196084,1.081263339138863,1.0162235403342668
0.6888326392500461,0.9945958276065052,1.0111020599201856
1.0920350561171785,0.8653465913649945,0.9411216801096023
0.9176146682847717,1.2283446556373994,1.0768454935191167
0.9085427482564308,1.0532883294095285,0.9809344356127596
1.263671691037259,1.1883475690127474,0.9644156528604322
0.617455132609091,1.0913490992512267,0.9953060972120965
0.6682903119474048,0.9862433295796718,1.0136233351308508
0.7375006484559481,1.018036851543487,1.024767789669884
1.0293920522158642,0.8876576136348986,0.9661655361082966
1.0629500172222384,0.941546693683766,1.009762459928594
0.895250893984586,1.1849925041700566,1.0258193049958726
1.0808557962494345,0.9090217345485103,1.0303325540347437
0.9422117056705563,0.8715942783356156,0.9547664610983909
1.2867084477933508,0.9950856179443379,0.9494171226544389
0.9261103186316506,0.9147128512672111,0.9510564966715783
1.0555310476463924,0.870633789033445,0.9369762076247906
1.0045196802734822,1.0853247013257827,0.9820431517976727
0.9204983755162981,1.081452624678577,0.9931160836606638
0.9933154921071263,0.9338443664477739,1.009152970042514
0.8946327301773473,1.0525318268416717,0.9328601386531687
1.2101607499077867,0.8921487571646536,1.067650245969466
0.9777292560269714,1.1315249186481857,1.022211966317056
0.9959727826535272,1.0152192495380163,1.000444183892162
0.9908824036167158,1.0022286867980403,1.0154358129452319
1.235526042275448,0.9742293128643528,1.058191520265093
0.8503477396792252,0.9439641878499514,0.8846377360279218
1.197750755960918,1.0229475437599596,1.0260612794770656
1.1025676061616023,0.7909804727955315,0.9594197782151724
0.9804393594915009,1.175538894671109,0.9702374718520099
1.066911693559602,1.13192864809043,1.0079354065003947
1.0175265096828574,1.097164329142943,0.9827436182798491
1.1926741012588453,0.9623509463032788,1.012247318518609
1.1047119152355573,0.9795825803691101,1.0180221492983534
0.9949889535655657,1.0461459513394211,1.059933081142353
0.725332142087266,1.0819663557196817,0.9999698272232417
0.6936765770362323,1.0521659989897625,1.007040110111873
0.9713856164831594,1.1481405596912588,1.086033919867553
0.8170021498344959,0.8250555108615092,1.0200557170289055
1.4702703792263943,0.9859813707453828,0.9986750699608203
0.9957538815314263,1.0518231619740912,1.0544195651934374
0.8006356287370112,0.9686033165301535,0.9426010114360391
1.2262892314471,0.8916781143184752,0.964886331867871
0.9404583438398558,1.154298773020349,0.9900120780758254
0.9971728422761397,0.8526517316823243,0.9990787806974385
1.0185812631616278,0.9366483600470463,1.1105423962750312
0.8297031347685111,0.9074214346411569,1.001183391831472
1.1701676902685718,1.0407806097867467,1.03353804006842
1.0653997106609125,0.9043891295569619,0.9743602560708409
1.2335701456375583,1.077448262058775,0.9816782497412878
1.1914220788303749,0.9970738136115087,1.025638108106934
1.2514278879028173,0.9285593237343056,0.9306139006432632
1.1744968329640626,1.053271936974558,1.0329459085190589
1.0068302542536958,1.008925742992541,0.9285454704937237
0.8425035931373364,0.912691740647865,1.0187747548258965
1.0997794236835794,1.0094184917581828,1.0295695850558035
0.8540289426422676,0.9634219892301786,1.0272345113150685
0.9920454543224146,0.9216443685397209,1.0016175793069457
0.9586130708002958,0.9562376539873434,1.0165649667289711
1.0053353465473531,0.8991754221856032,0.9995219464217536
0.8335004280856751,1.0716192580472113,1.0453500991996234
0.8660123285479286,0.9544618699085746,0.984860276734974
1.616454074802507,0.9926937676942373,1.0128525290201216
1.1383108897971923,1.0502399776634497,0.9663657437182751
0.8588820172529835,0.9553380719237305,1.038420731113286
1.129962122284788,0.9940583547659725,0.974773392665976
0.9261871179221599,1.025626199286225,0.9819262629838894
1.0095999927768464,1.0220516985541956,0.9878565339734111
0.9928572817027443,1.0817755377205185,0.9825594548619137
1.1577573387756193,0.9429123256691814,1.0523382714562761
1.1194693090372083,0.9799496586995166,1.0242499741007223
1.0276365153329348,0.8162380275271748,1.0192728851096315
1.0610870335226474,1.0793849824477606,1.015160445356795
0.9054373394193206,0.8829498317537865,0.9697440931717677
0.849516443641197,0.9777763514556594,0.9958748147282463
0.9371725005170386,1.1708733388574177,1.0034496260814356
0.7870895231087964,0.950768626729607,1.0331815123618195
0.7322872654441521,0.9992206334738964,0.9921039500300312
1.1869078975141765,0.8594513091947589,1.0911382032880226
0.8911365133375064,1.0155151245403855,1.0092882944043609
0.8332021093636162,0.9305356040640211,0.9853441565798621
1.1903128295051,0.7998281240646099,0.9917705063119961
1.1236614363462523,0.8382556539691042,1.0035890319527374
1.0627597543270086,0.9176658883682781,1.026668927959819
1.0579727888805845,1.0748401197316237,0.9768849073507745
1.200552035151746,0.8934084661088645,0.9754735820561877
1.0173857147402519,0.8674741391930361,1.0062170526898948
1.0302402585987576,0.9209953990089481,0.9381564707398858
1.1162716352570026,1.1009195560210694,1.0814329125198843
1.4599523484733745,0.8276347493385529,0.9801722738406934
0.8257109913722331,1.0634063365520663,0.97418519388745
0.9109074390219625,0.914857437365012,0.9787328732577812
1.541316455054984,1.0142792326167367,0.9299964921314613
0.959124793990101,1.0093967136888558,1.0390503758800806
0.8660819503195737,0.9693026219021221,0.9345383423406775
1.0374359783777691,0.9519467908119802,0.9473400131628753
0.7072178465289534,1.140460159115717,0.9109366399753954
1.098188157807467,0.8914494092487537,0.988242824191358
1.1074800723789675,0.9478689853631255,0.9750166669731094
0.831308745187425,1.0287676573608648,1.0102899149746924
1.1109243905803388,1.00774507374877,0.957093629204361
0.7897782751426039,1.0538997734788573,0.9194824108076348
0.902192357477476,1.0774914309174735,0.969529106129035
0.7705690709368325,1.0113150570145157,1.0189955859446556
1.2112318782550808,1.0860604074591445,0.9492891574501936
0.7498673012273062,1.0750169493523294,1.0307799804414735
1.110225842281222,1.0657377220042168,1.0374935372789034
1.0650516339542286,1.0967890268205966,0.892129110590397
1.033466243307955,1.007408202844241,0.9705723119057138
1.1048646716853665,1.1466212024984903,1.0179080233541153
0.9528320601298441,1.1318021660858415,1.0092751349193645
0.9502795348633682,1.1460406196709485,0.9636294448592467
0.9158963604472192,1.0801600813709418,0.9710490114444225
1.0472088678057703,0.906896828488792,0.9751461284338516
0.9066185966173284,0.89695358700905,0.994897417407307
0.8247874158255488,0.9519583327847709,0.9771088009401924
0.9563300181336466,0.9644816337320892,0.9822166166372298
0.8117375555094506,0.9745939758018735,1.036490774338853
0.8876063522505764,1.0534970069711207,0.980356374823271
1.131559301816207,1.00874273560022,1.0481136988120727
0.9535884030727797,0.9784370957093184,0.9910869632841203
0.9047791480052382,1.0248799746255117,1.016481625603425
0.8083464696594901,1.1744503044405934,1.040064418506414
1.020842019064774,0.9900644252423605,0.9610060120956284
1.2052237249939006,0.9068526123757248,1.0187430077242083
1.159208503999543,1.011859310980523,0.9597584320699927
1.1669246230447134,0.890158473143922,1.0106691766770122
1.0289617272551874,1.0141407764319377,1.026822251875578
1.088029533212058,1.0779473752722826,1.0503156413682702
0.997857749315989,0.8964379465182959,1.0916388502122445
0.6218798613933911,0.8885105106415141,0.9592169864362785
0.9660403689432716,1.0429380452394614,1.0060748106161324
1.0875318951699893,0.9660107129673136,0.9701122035128976
0.7445945784000316,1.0128895335076304,0.9301888000911633
0.9870300575707591,1.1398915243026304,0.98544677453679
1.0735665783917705,1.0530826400883742,1.0880838596053322
0.836971119471928,1.036917645707613,1.0555104696581028
1.0649978832823952,1.0021474176993106,1.0153502674266799
1.06754011550873,1.1164642703274779,1.0178498201979753
1.3908523091302554,0.951245865005172,1.0527648688839004
1.174334195764728,0.9015239858276867,1.0200401665877739
0.9716930226014426,1.0043524356047313,0.9716665284701301
0.7323989721920157,0.9827473100659566,0.9989746704259751
0.6665333993154532,0.8744125929845183,0.9825238221596652
1.2711262780579313,0.9173716144837255,1.0431739418996597
1.038567804672991,0.9097777806222355,1.0300371790100737
0.942534983929773,1.0120511988219807,0.9607122955574138
1.2848102452319226,1.0901225598341617,0.998217194322408
1.285878023525066,1.0466664121924438,1.0155569614158455
0.7472474659643457,1.1140502979776983,0.9886239051550838
0.8924061825571304,1.0244121888314364,0.9960583419313737
1.0039073371074565,0.9004981785510382,0.9287572255332383
1.0281878413981542,1.1585845914700048,1.051941886166423
0.7843486534263256,0.9707882333368668,0.9885812865636155
0.977062592060724,1.0300699932472668,1.0870048973234652
1.0301447372022998,1.023604348038577,0.9462696716549441
1.0212195298234237,1.0093530944278346,0.9894509673915062
0.7490043685283416,1.0272901511991583,1.0246508877481346
1.0687441354232645,1.0094315382249972,0.983150388757314
0.8377485719372763,1.0844053971739482,1.0422151873928602
1.2190776400395102,1.1459826761967884,0.9987097691962762
0.8350587803358087,1.0588864625897711,1.0283786002860646
1.218978260223358,0.912310291552866,1.0393884368778066
1.3171242434833483,0.9804590911060126,0.9710453307142437
0.8065876242991843,0.9737786912142515,0.9696234322286515
1.0793197892947806,1.0467431153137823,1.0220512738991636
1.0977471990395493,0.8704805916796174,1.0434228799868448
1.2047595163310374,1.022197698168166,0.9522910438140514
0.8731805825041212,1.0720117720084144,1.0781730910351717
0.9463947024287831,0.9599024166139333,0.9637159546575788
1.208818398363059,1.0031695934664837,0.9519731686475802
0.9371487082820047,1.0339111012484308,0.9577295115849752
0.8053477104016598,1.1387314953791399,0.9785875740191058
1.1648779268904619,1.0586707228289975,1.0588143735381645
0.8406928085183081,1.0016675183159163,1.0117499687181104
1.123893732813408,1.0444241344778429,1.020031931987327
0.9940896663979132,0.9681796008113894,1.0494520228046913
1.3656551365887015,1.040891845212284,0.952910032823743
0.7877058642765332,0.9552084933539452,1.0222343805249692
1.021509750159674,1.088942109058765,0.9896706369408553
0.7504236098322741,0.9864466813972802,0.9905607224771557
1.0045301010454826,0.9780303252568635,1.0154598751426553
0.8532913279571981,0.9184040833105663,0.9463977570401592
0.8758238049647439,0.9825076527893515,0.974337759855489
0.7312059502709878,0.9491572075704565,1.0074513037870185
1.0763647506559684,0.9952784732955055,1.0702670234567184
0.9643600479183007,0.9754238919642215,0.9954103250894302
0.835088451150477,1.0189529982280123,0.9819843094957782
0.8203856181351012,0.9776504949133606,1.1023214953914584
1.0061624199270256,0.9752680111789465,0.994438645251647
1.1030641096525116,1.0482513451668967,0.9833372469297798
0.9050309354447386,1.304134917027914,0.965649180608651
1.1754908988776909,1.038256948930887,0.9849795069905772
1.0876223312460396,1.1095207133639526,1.0054082553311334
0.689884339547629,1.010892142115356,1.0218129034861176
0.660510353041191,1.1544390813831862,0.9958681737555107
0.8452472034089766,1.0249674260632329,1.016304114718763
0.9799578645849648,1.0344293171513557,0.991468780748385
0.7501036442646691,0.8931890182245501,1.0271380672342294
0.9558202291939704,1.0486806217997744,0.9799293203464879
1.1368359973824047,1.032937169713656,1.0206136048894756
0.756220755263787,1.3213503391963652,1.011476137506891
1.2881557512902875,0.9761689977141733,0.8985351939365599
1.4002854417934816,1.079236690799387,1.063285759673266
1.0280740812826208,0.9247812585604396,1.042417252825494
1.2600221349232714,1.132103551659522,0.9985206181919315
1.0458348791496375,1.0572557480814277,1.0108434362694037
1.0800250047271374,1.0565151790742893,1.0544992644725328
0.9168775059117809,0.883912960282299,0.9917024589321587
0.7718117163113234,0.9730225957479279,1.0591309876768673
1.3206353676336597,0.9378981232102481,1.0645819969122625
1.218410461423765,1.10120192434483,1.0382400385063653
1.2137920392642685,0.9840466193034205,0.9887932122678892
1.3063298735138242,1.2331711854723642,0.9731086576618301
0.7795865220211633,1.021205050573152,0.9756549163087845
0.9140793578651177,1.0128398730982404,0.9562548690903264
0.9362052866245887,0.9829745664773769,0.9727778739977103
1.185200177332438,1.1058459075720726,0.9937455488133772
0.905060876839035,0.9824048998504047,1.0146923960210763
0.8467790379093154,1.007170325004191,0.9970451179980726
0.9426659853646198,1.0316980523750585,1.0140585095498054
0.7381464572935712,0.9584447614227428,0.9740809012795523
0.8935151052006518,1.0266486092048424,0.967510759930477
1.5851291048648033,1.067133389947368,0.9782097475055567
1.0320908695319648,0.8400929080844868,1.0228607714560674
0.6000141437624067,1.0052419446683067,0.9568507183592816
0.8848489989849072,1.1767756937863032,0.9847125239278225
0.8711702753132964,1.1002869581109969,1.0007389032441376
0.6124357706019307,1.101988579833045,1.0277205679606316
0.8504785849449671,0.9394122020947939,1.0115705911620134
0.8566299163298063,0.9044715429954542,0.9517619237153817
0.799296814311372,0.9094226991864683,1.0178349766532448
0.7680996195712817,1.0043627953019634,0.9760917854457132
1.2439571928416306,1.063804197616005,1.0442772166310985
1.361296556677823,0.9167232541120186,1.0590423932356003
0.8420421354932441,0.9696242599796454,0.9659358313165369
0.6784904544779159,1.0130611927783224,0.9809690604153546
1.2452020372172385,0.8752304475999163,0.943759958678133
0.9651325271584863,1.090101361034558,0.9357923146893644
1.130557434812372,1.045401674373351,0.9881554656782336
0.9271280684307863,1.0789637495451987,1.0055337247079867
1.3387704156307654,0.9039969743147668,1.0171130712760748
0.8866256524790501,0.9794163564825505,0.9778200527125956
0.7881456320618099,0.9537712995569048,0.985603901879354
0.8471961664942831,1.0013057266109695,0.997555455754096
0.992148107098113,0.9426875465427851,1.0843502020899922
1.1449019343291875,1.0946338228512051,1.0510189808348835
1.0694749569932327,0.9091090822126092,1.0116055226472946
0.9524564924391021,0.8978451944166046,0.9962653312883202
0.9575618944227575,0.9247934418790141,0.9800345059831472
0.9919004428920974,1.0798195162842368,1.0014806888444259
1.1108320964955967,0.9871205787186237,0.9838030443547687
0.8824162513967881,1.087146611021281,0.9679159165075647
0.9434745223269264,0.7792482641397767,1.0597705899674745
0.9995650381275272,1.0951078796243192,1.0182481144629898
1.137497751687404,0.8924326546122765,0.9765050991503487
1.0039588310482255,1.053797777677171,1.000569093473461
1.277197786963707,1.0462978339466016,0.9734630577443836
0.9961320931299025,1.0230502534759656,0.96319871799193
0.9657333161577726,1.0080085885764698,0.9955301264465611
0.8663945193193299,1.009807715320442,1.0090637551038126
0.9556320151987467,0.9265272482967483,0.992226240860993
0.8198257018772261,1.029439758293171,1.044906666611278
1.3074766868554137,1.1266141145011475,0.9579225810075588
0.9700721266736723,0.9243904850966498,1.0480580027556823
1.1283835601030854,1.0316506783959416,0.9263361879140564
0.6924104996065139,0.9899939067570074,0.9812873676094128
1.0086743435554615,1.0211752479983554,1.0192882352307706
1.1607789767950343,0.9284194508705763,1.0165854905588902
1.061394158672461,1.1305107199623934,0.9899673939971269
0.9724895056256878,0.8739442803959387,0.986860793207474
0.7617704638957532,0.9896623494896328,0.9847986749626636
0.9632936614275451,1.071655461974499,1.0019628093193622
1.0094382445724333,0.8830170199581091,0.9283521193566858
1.1147802519622667,1.0478378770439527,1.0096882731266235
1.0737721751921327,1.0730453116358891,0.9563819119732099
1.1290373361552497,1.0789812400622338,1.0533095751160895
0.8175345518458423,1.0135442257199454,1.0137562163475746
0.7202143897485564,1.0967631673010927,1.1066732983745435
0.8388816225026976,1.0167015115070293,1.0196813327009218
0.9186199715727883,1.0606245127999143,1.0546051058833552
1.30540254357977,1.1444465204298624,0.9400892763749059
0.7790896067733599,0.8770960152149085,1.053148623310837
0.8846487584033825,0.8934840994905273,1.0129164192641547
0.880615765018485,0.946622625800138,0.9669156634485668
0.7815204865978937,0.9518099174198755,1.0280983849885306
0.9107705402153938,1.03999445185122,0.9900465436460676
0.7193001731595978,0.8607979991038532,0.987262576861417
0.9599530482358481,1.0147341074172773,0.9539716929710035
1.5241074382667785,1.0480010927660772,1.013127350691351
1.1070500824082823,1.0185123581780509,0.994368581151933
1.111057351975143,1.0144051277572295,1.0891790555476364
1.1632036593259614,1.0384916692013717,0.9909596837265212
0.9436638295491571,1.1225994345614718,0.9443215024241639
0.9668224565570323,0.9019883996623648,1.0807998157999832
0.9835934359788538,0.9189673794724743,0.9673499034931557
1.1167364623503393,1.1935973777816091,1.0175906931554903
0.8010368211561573,1.0253917663110754,0.9764755716112431
1.2214110969102134,1.1079982151275698,0.952835199734793
0.9813216553960719,0.9252823905848194,0.9909320733789585
0.7594951496761948,0.7883479357304763,1.0239224447093143
1.1368079952746122,1.1248279834035555,0.9653510672407757
0.7284449747690651,1.0913569162376158,0.9951154046490519
0.9853533089072977,0.9494874427100468,0.961964231435768
0.9245202086616664,0.934567353650561,0.9802280728340182
0.9649181386901486,1.0848195711039381,0.9650105833677064
0.6458999021247688,1.0766259310639406,1.0335553144732905
0.6903347225259377,1.243292533036231,1.0240372495443308
1.0484002583018905,1.033395140596193,0.96877731895983
0.8173502777453241,0.9228784605232608,1.046276330233628
0.7215083561906608,0.951205486424106,1.038568382198487
1.0536921083947894,0.9738551355739057,0.9381751506998762
0.9322055341125091,0.860182655456758,0.9598828076312745
0.9119645567261364,1.0121676551732377,1.0053311268180902
0.8518969955959954,1.156899173251924,1.0446307458464428
1.110573273670536,0.9148883502858529,1.0011061089606417
1.1032317875066704,0.8919036446685858,0.9870378377574984
0.795474356794011,0.8390896134422144,1.0053372185608607
0.6639173223630317,0.9316829017442627,1.026269656047966
1.08648481230575,1.1189227525050935,1.0416722293874463
0.9114441045479342,1.044927080901493,0.9617926026850734
1.1057979947906476,1.1260438293660617,1.023690778974453
0.8525880118971207,0.961853922637766,0.9500502943543236
0.8324695798160575,0.9433017014551952,1.0520339555348832
1.1449371934993215,0.8991476202808134,1.017881732232239
0.911236607573864,0.959437447991769,1.0179975385717175
0.9901761401489474,1.0074486187242169,0.9784416714124173
1.1203255017346745,0.946904747669136,0.9987259876545173
1.1754860357013635,1.0681924800776568,1.0032279008165819
0.8895995160105581,0.9278289267040981,1.0455978272494142
0.9350331574877334,1.0732370507066435,0.9689316592049471
0.9295410525526135,1.079007741847609,1.0351939974875168
1.1881181766222264,1.109728918195854,1.0165201848755947
1.510889662662606,0.954815152847254,1.0538389912044845
1.1309072969935126,0.765410866193188,0.9609615810395254
0.8712780324300344,0.9202990221485927,0.9999373246428963
1.0724505899125552,1.0531281111679074,1.0134909783468533
0.9944166830669666,0.9979719974766961,1.016843071514842
0.8426960988353603,0.9448404356057256,1.0282889393511772
1.0194229714122809,1.12316463448421,1.0569284017439522
0.8572892030589312,1.0653351479336757,1.0169139188268936
0.9879405903812833,0.918063740944104,0.9855375557194127
0.9280692956463015,0.9020359887078598,0.9837667640593571
0.8946199249642632,0.954722216839762,1.053846951088207
0.9863397058269601,1.1254210151950246,1.0558604638445932
1.1305225070106855,0.924701304510132,1.0057809070627208
1.05308490631021,0.9666102210784094,0.9344307808404994
0.9792074114992756,0.8362969318494508,0.901408805660696
0.9962038667846249,0.8637601940375234,1.0094940950644453
0.9045564126676665,1.0362651708600708,0.9745651821434382
0.8561606153369312,0.8859202340637016,1.0512649578647792
1.1524796906860741,1.017931080174757,0.9598702790740878
1.193662859903113,0.8979175895972404,0.9890320578573814
0.883954931908713,1.0527821389709136,0.9736136847348349
1.238052601515678,0.9123670075568611,1.0051160774050507
1.1573114917305762,0.9732761726254306,0.9799195831666067
0.6039400997700748,0.9695851517357018,0.9660311671921892
0.8749603269440488,1.1595062900292312,1.0229580712439226
0.6611347606216176,1.05021644181506,0.9676827691507995
0.7618793499894375,1.0360947218042784,1.002820224972642
0.8795099553442283,1.0567255833799414,0.973203025682165
0.993174711898249,0.9841026659851211,0.8973367280939973
0.7213146267017368,1.0137603273202924,0.9194427000809217
1.0721496291511976,0.9297111803938798,1.0235440165789063
1.0133546239758733,0.9427485926401064,0.9330678076170221
0.7742774860683053,1.0956706365512616,1.050506074951518
1.1030276493075808,0.9792315099068291,1.0073376578168913
0.848846944855908,1.0303660898854345,0.9632398030141175
1.254695298787808,0.9544805855702889,0.9856054538890876
1.02070880204273,1.0325975405365626,0.9957510774162118
1.22724850326837,1.0181805933488803,1.0689706833817365
1.0482121150079025,1.2530335490824098,1.0324346395437682
0.929428095179706,0.8677199805568079,0.9503848189065001
0.8499071356046758,1.0419067581279533,0.9951444676168902
0.836430018571253,0.9040987942310712,1.0069396261759012
0.9203621331838112,0.9378744143483033,0.9661750184613291
1.1879458541767338,1.0189892208355944,0.9627460967171565
0.9960992067871917,0.8295031223775555,1.0452863015913079
0.9252558690994221,0.9309482281149619,1.0301608894165957
0.9004171420433169,0.915541230627319,0.994794938176656
1.1214398736680897,1.0237657738534054,1.0442159540907563
0.9950375845588392,0.9862396342094057,0.9356113964843537
0.8022438126468862,1.1545205654297932,1.0156213113398387
0.9169980903867117,0.9848792637555236,0.9581584888929727
0.9905982922907077,0.9721827948044761,0.9412329615461724
1.1639815669675684,0.9503736344952394,1.0028468093563403
0.8215136842579644,0.8792898438933905,1.0977226089549337
0.872287642070412,0.8606766344927225,0.9751045862261051
1.2178138342434035,1.0897726277385202,1.001014761978052
0.6962421668370329,0.9722634649583995,1.0445428294918024
1.025230059594985,1.1676851606305025,1.0119293561325577
1.1031520404265402,0.9418529795129168,1.076041746674515
0.9258578487076754,1.0441914683884521,1.03835922816661
0.9023090362185495,0.9773435401280564,0.9511702643215093
0.9820983455647018,1.0305714040648035,1.0028231276396151
1.0488394745056568,0.9173725114247053,0.977346528130572
0.8594133268498445,1.011043632232082,0.9620133119756237
1.0048444901378222,1.2513950929259434,0.9995594459034723
1.2969365590125155,1.080159068664631,0.9916144715262215
1.1573334715904486,0.908603199803381,1.0539056953509585
0.9056179705304561,1.095426110613953,0.9620081377111546
1.2396158858858213,0.9621634830610779,0.9527277286672792
0.9312543719996063,0.9848101145631134,0.9945536798040112
0.8769352041194785,1.088904572245097,1.0193001872622136
1.1986296896219844,1.0281180092380198,0.9523264976183938
1.1620852996089197,0.8751678135360275,1.0129491649181885
0.8700565832678112,0.9911076687817724,0.995992857701844
1.138525734826516,1.0709118339449586,0.9652210053680547
1.0297403230044027,0.9538772867131675,1.0252959864709772
0.982508650254941,1.1263292905610869,0.9465092407195376
1.3032758390566745,0.872621936393235,1.007667594866639
0.9370364928527426,0.8942517921550834,1.0867118075193478
1.0718406543684864,1.025412083618157,1.0104821312205392
0.7763308447876851,0.8824602274340326,0.9829143378159566
1.0947901118735257,1.00912759247307,1.060556293954045
0.9377301353496477,0.9058779177141648,0.9513750751312241
1.1065292340082113,1.1265279833478892,1.0015957923297318
1.0141497317523218,0.9871725868962531,1.0256073556070149
1.2019078836447874,1.0220053510468916,1.006040632936833
1.1317209758882911,1.0310545598880063,1.0162408441119621
1.0071530497280274,0.9961577973554945,1.0036763744470407
1.0747826766653206,0.9196929012338695,0.95223908694296
1.1448953887999327,0.8928939186430803,1.0100455356650808
0.7652796071162327,1.0307452943759328,1.0261447789719715
0.9160623244408923,1.0426315924680023,0.9720455717022563
1.206990052912289,1.1174326882139234,0.8863282685791939
0.9803226824363511,0.8795326192314383,1.0244223695825017
0.8343369305039413,1.0014458580267638,1.0089264137241847
0.8615737427437337,0.979357235704081,1.0162489481268009
0.8205685317564873,0.8553739195306781,1.0038650436252536
1.1433766582667255,0.9845976172667885,1.003399745638039
1.1894297358005952,1.0517492441667122,1.0119362716400209
1.0382331844299932,1.0670697553326718,1.0174757907868826
0.6339213771723262,1.0623094210370645,1.0042903481567096
0.8857925808478088,1.0814273727412549,1.0004719367675672
0.8597409513201227,0.9989858371977411,1.0070017396389892
0.8110144934020718,1.0335438319156804,1.0107117452497454
0.7929173293315069,0.9731710690328977,0.9246039459908776
1.0577740545575436,0.8537339097456864,0.9433801866839424
1.1767697558604078,0.9334823024315215,0.9884352792653043
0.8736752162610992,0.9106126402637169,1.0266455652743616
1.0435614277618028,1.019492420597392,0.9867890890569656
0.7973243066447908,1.099606649522292,1.041063944510215
0.7607717533001741,1.120900475997825,0.9928149639395064
0.7564541801368823,0.9272942408087335,1.0629574221812208
0.80271538474985,0.9973135449118955,1.0221621946875497
1.0918292980439395,1.016311504211565,1.0158387245076688
0.7762628962601666,1.1493961092058353,1.0317881453210938
0.8345108833083679,0.9376664712449745,1.017526982314792
0.7955561078210985,1.0494506943683612,0.9974071175191158
0.8458480936823239,1.0452437794088942,0.9759885415831788
1.1110049463423004,0.9941179585044775,0.9936082075023766
0.930769348657744,1.1133641252343593,0.947182306360963
0.8572021798940455,0.9748691425989368,0.9606291479563752
1.0818835603739552,0.9506859846512492,0.9382341349583783
0.6240760399183114,0.9908111431661856,0.9895834644686851
1.1598061206469956,0.9149636498415354,0.993239291932794
1.1037041827051466,1.001809385212304,0.9563290014963814
0.9368300143583201,1.030472563997178,1.0342578939391558
1.2205088736423226,0.865518393273359,0.9709946824844423
1.1247847873565358,0.9724961587550802,0.9563954338636703
1.1110190070996633,0.9848535476621776,0.9093252506176448
1.3260835815865355,1.1685324708250402,0.996999082789427
0.8608658467687127,0.988347634721956,0.9993366921405985
0.9960659823469656,1.0325013796184392,1.0241516571975555
1.1216401587835145,1.1795041754662359,1.0262618933914973
0.7906969519104828,1.023196865171449,1.0188557541023338
1.1732028857602252,1.0670770145864827,0.9756031470708318
1.1274663618662324,0.9884073059681469,0.9608881359786737
1.001425230414871,0.8571761978621195,0.9850769584803466
0.9795348072200303,0.9426666649121354,0.9993935525897454
0.9158175783152478,1.0296305372402104,0.9405297313071846
1.1714565330242552,1.1382080206944194,1.0085678944713476
0.856635432007657,0.9337455781019152,0.9810327973587339
1.201690897509501,1.143374458114455,1.028875248150028
1.2878644216889432,0.9809960573628629,0.9982422143594718
0.9414950399123518,0.9670375075215027,1.0334343103465187
1.1667756040717445,1.1734890658435477,0.947135808509621
1.1205303553310761,0.8271861882957399,0.9433458865281693
1.0250410986214593,0.973892533401032,1.028054728249659
0.8841737048098448,0.8324431241225534,1.0418321253506948
1.1669726251031753,0.9218743916743966,1.0504516332869187
0.9275049433821889,0.887739314663709,0.9557570964244263
1.1141698490017249,0.9562614157517848,1.0311131713118782
1.0307358659008046,0.9755322152792303,1.0471636714085202
0.9207779003383927,1.1571520262723451,1.0209701435351481
0.9129136000731939,1.0467026304488691,0.9517864032397941
1.054226389764001,0.9520191482436648,1.0145407517389617
0.952441963147145,1.0284767635869487,0.9984581254402554
0.9668507440303384,0.927867160185264,1.0001443672860664
0.8365869633860878,1.0113365177949354,1.0253924715368774
0.9996941624348186,0.9709629094714349,0.9781445006578778
1.1165472757519834,1.0663495344073193,1.0290498286016831
1.0179726473910615,1.125181844724266,1.041199185946142
0.9261573010923403,0.9668004632212583,1.0355890359586784
1.1829265997380363,1.0570439923432833,1.0100646215855675
1.0396500109292879,1.0116889075236115,0.9695486932489844
1.2198282615861236,0.8872093415583464,1.0694265842797095
1.1549251845158528,1.0065654405621605,0.9344667851288294
1.3069219760400403,1.213311230828709,1.0094329870436107
0.8225275211225864,1.0393487820287468,1.0396421925350772
1.055671574694553,1.008153182650531,0.9856817649140006
1.0544001540773393,0.8894023885230039,1.037333594170655
0.9788553640664979,0.9125926780771363,1.088138967939126
0.9316528725180926,1.0010609640460817,1.0022445088792828
0.9195544954763997,0.8974755743637883,0.9740733200982746
0.6651083704368189,1.030695314300587,1.018539657284468
1.1614040089590372,1.0935442548216991,1.0229287235347375
0.9508153646330704,0.9030187553026122,1.0194171434408237
1.2869162226350954,0.994647157310399,1.0344676252110412
1.0075485830893938,0.8984815312116793,1.0578273937782168
1.0597276093695809,1.0327308509499318,0.9967177249102773
1.027726328186695,1.2050198539103092,0.9449145201776293
0.9652670477024038,0.9298746992077636,1.0300967302195039
1.0328352781549597,1.0487232880893314,0.9593021653057768
0.7905192621972329,0.9907191320245021,1.01053854471973
0.787479204446601,1.0143563934057316,0.976051806929877
0.802018580649615,1.0295852808412236,0.9191946663330229
0.834135316417937,0.9071390499103288,0.9714387610919649
1.155361843698947,1.0056491042257572,0.9994977689859063
1.0474092312551129,0.9982000708207522,0.9501714570736143
0.766029811251083,0.9658395614942901,0.9701946005295591
0.837123904020155,0.9447538340205155,0.9984670827593529
0.8878004481418639,1.0387368798058074,1.0216593102603844
0.9719084722968993,1.0542882616847238,0.9808759553953464
1.1855644327355161,0.8905238179123622,0.9337113286472359
0.9299554898387572,1.1129576066815998,0.9780985228001106
0.6762822862464444,0.9976891919031523,1.0106532864777604
1.2002989585759987,0.9643593178499823,0.9224809271401031
1.3683314355499583,0.9630818922196251,1.0363138492486776
1.016608781374118,1.152391157483003,0.9895841712779623
1.0064315145187666,1.1632396264477296,1.0135092168387383
1.1555670990455567,1.019337819184386,0.9910044297473654
1.0756200423187106,1.155556488934078,1.0150718788125375
1.247393553264784,0.8497097697819938,0.9748815098290669
1.0079986882130847,1.0783850644856634,1.0264603719333432
1.092348031747597,1.0799071026294185,1.0392423907476462
1.034958144369365,0.8390787326144712,0.9964993180194478
1.102308580538843,0.9052595951388891,0.9799392787159388
1.0308547525160754,1.0301707550997778,1.0019105048889458
1.1046514834619865,1.0159483890235435,0.9725023504175544
1.0727287254918716,0.9271800702591126,0.9679123527487116
0.8669964251468802,0.993183709097623,1.0197455290855222
0.7234737983613821,0.8688844721865993,0.9458310719825991
0.8483551838302106,1.0101975050557557,1.0614781487673142
1.2321992342126893,1.0982340006882136,0.983237847552339
0.8558659223941623,0.942702115770436,0.9397322521749015
0.912427151884,0.8660509592488159,0.9893616884428544
0.7005441677336641,0.9153736834349455,1.0231719721059527
1.0549836090907831,1.0081934806833526,0.9874642441197846
0.8998927343726397,0.9444385339896373,0.9577113758272757
0.9711270142474172,0.9359448518243996,0.9760509053860922
1.1455423939853664,1.0306463608515393,0.9578902326611388
0.7118126569719888,1.0715677341317416,0.9852816555264988
0.94763911091394,0.9587211661241534,0.9539589580017133
1.3273029158874072,1.07912617034783,0.9787181706565798
0.9079271675243143,0.9922104512251229,1.030051559519509
1.183632704490416,0.9442441605215544,1.0212352244045497
1.136844430125216,1.1030904381204245,1.0092286128589103
1.0272771083132792,0.9328606569178215,1.0220776761281891
1.2950922373692726,0.9159382773840123,1.0586141447323378
1.108893306559771,0.955456630705297,1.040833438354373
1.2727123778521072,1.0039210459731505,1.031366549880442
0.8642305323782487,0.9960519034623755,0.9610423094147084
0.784492305582251,0.9140280163581358,1.0012150958169785
1.1421981963208427,0.9701448312812363,0.9619252853368238
1.1837424798676515,1.0852156631619012,0.972436773254539
0.8182227063740557,1.0538216408713912,0.9792390322880854
0.9631901352038804,1.1006715303570025,1.045879512810962
0.8919857652344612,0.9815333802022989,1.0482430398335396
1.1808654744874332,0.8914863163809521,0.9797872419628367
1.0652351095240224,0.9347249203311893,1.0243432675616624
1.1093801094523625,1.0659351353094046,1.035949811532791
1.0496470566846017,0.8919151818475695,1.0022972656577733
0.9125940186881352,0.9707053787881444,1.0144924075911284
1.2363822520779184,0.9694132368648534,1.0294864866555211
0.950090344966386,0.9365559019631142,1.0489206901635446
0.9660443111880266,0.9468409753895786,0.9847655510663392
1.341190229377365,0.9867437428003667,1.0106672523451217
1.0470228151234253,0.9143508279463299,0.9736977887599219
1.0309120397976357,0.9714571270774572,0.9732981608734743
1.401332157644707,0.8733002090891234,1.0112576146340413
1.3091155694367385,1.0284073509027103,0.9562570552550044
1.0481463963246824,0.9061845394946326,1.0626611114239923
1.224157544849919,0.9471511014944854,0.9999001351670039
1.164900581820698,0.9500422176800783,0.9701401557763832
1.0104394091194002,0.9847267765311118,0.9729772649707655
1.3478879904689571,0.9415027245559207,0.960498719035447
0.9470781034422125,0.8820187379541713,1.0798698519745142
1.3472005416137618,0.940275609730708,1.0084918867449517
1.0764195526818439,0.9751703241318659,0.9280603402322818
1.0476268819144363,0.9056223595721005,1.020290643943673
1.0268211758279855,1.0829439011195043,0.9755374409452099
0.944930315413383,0.889813044527968,1.0448459594706978
1.1454591311285665,0.9645115283680916,1.0129498983050282
0.6842559120770839,0.897678552831559,1.0076428204343066
1.2357670621119645,1.1758410322690243,0.9989321769742258
1.1205578475237319,1.022021525520944,1.0166320318022473
0.7013729914767335,1.1040264512464963,0.9786659467732394
0.7555574818497421,0.9373012762358328,0.9857427828815668
1.1703913956627257,0.8789855310399188,0.9787434946677246
0.7327863890427292,0.9500218405993466,0.9917444863098838
1.0414909982505212,1.1712976533487773,1.0036370480153631
1.2367917465846898,1.0198435705939652,0.9872231616803577
1.008425558393298,0.9683572780656822,1.037567590416934
1.360159709246822,1.0316725965582556,0.9817787151536743
1.0030473418507526,1.1094491113329084,1.055783397247852
0.7224504118339528,0.9241952037596008,0.9654306231934671
1.005991900044641,1.0635677690656695,1.000938309590387
0.9634167072852351,1.0783042349199645,0.9809407180626873
1.2088716337605572,0.9616626992838558,0.9566707461533946
0.9412360954313317,1.080821703744885,0.9455710936996761
1.0731608151119953,1.001405976441967,1.0514996830711965
0.7721829931964559,0.9248918741372203,1.0177341875196617
1.141202788401084,0.9507128367727076,0.999016057584611
1.195004524105888,1.024104046103607,1.045444881603056
1.1732485267996204,1.0784149707472923,0.964367629482377
0.7313507334807566,0.8924656721157399,1.0334625383153861
1.048458695887614,0.9945368757504274,0.9985326358876779
0.7236702852145839,1.0454131023073407,0.9663936351777206
0.8914277821355405,0.9021285859742165,1.0463554821729721
1.0354056942811545,0.8685661778933127,1.1140066880043251
1.2499079541026827,1.1554159577451557,0.9779751525825563
0.8139498147224026,1.0204775877847803,0.9598535081044698
0.8741459311942164,1.0612071705351238,0.9990825941285585
1.0775978152220265,1.0869305889550995,1.0197371999164373
1.1225938970981455,1.0308096022958058,0.9753736443850096
1.378046181254947,1.1814644195936146,1.0323043474234
1.1045796453074135,0.9823662790939709,0.9559442291188024
1.1944867070679663,1.0662158307808727,1.0037267514233228
0.7663059830230612,0.8965425150513757,1.028608517612091
0.8592632956003314,1.1708229638700915,0.9787394850324137
0.8998457206911181,0.8601556686445011,0.958270757419062
0.9951381433890701,1.1221766116668699,1.0537718792743564
0.9791975253781958,0.9930448250267081,0.9589333413955939
0.938686609739691,1.1476886013601413,1.020507901373806
0.9030240527336031,1.0663709550375757,0.9660281716664194
0.966003798757813,0.9734479016637194,1.0619993383462827
0.9063634448638263,0.9360372025217557,1.0029165384711656
1.3652365430547688,1.0058383325210087,0.9365480615114056
0.8760233901766195,0.9101371642005196,0.9641102811445297
1.2282645536627204,0.9233527862086215,1.0267218778146117
0.9126564471591484,0.9282824413305926,1.0225553029392431
1.0469652455068112,0.9374575411203301,1.0221362214071135
0.9543948793061289,1.0934860501071362,0.9695606698294613
1.0199959537678853,1.1617741560257082,0.9943861697632229
0.9702333441488635,1.083332841288856,0.9620577364291263
1.4357127493059185,0.875785929234381,1.0114435551824086
0.9933504777398487,0.9091313602269624,0.9673007731461082
0.9120695680562521,1.0077642053862854,1.050098718464191
0.9636653633367722,0.9384590138931834,1.0109634228062523
0.9097380930373808,0.8849850595044417,0.9869141891610642
0.7782780668009945,0.9259841357086815,1.0353070213776083
1.029450121938296,1.015097620340256,0.980009586979243
1.2141841494033632,1.032624831509114,0.9575576204668371
0.9223287489550149,0.9915853227884105,0.9959143951604318
1.1281851515540557,1.1480725064507973,0.9700273833204247
0.8806247367297033,1.0153626596600493,1.030773251841362
0.9565942161769267,0.8413111812387116,0.9831111195275165
1.3684352300556717,1.039088117879026,0.9815672102416798
0.9259671038311645,0.8653858398806107,1.0325312510914704
1.063728157054415,0.9506627325935442,1.0267222101472955
0.9369928966091308,0.9908055489760372,1.013659079752309
0.8732215859222072,0.7729210973762498,0.9927261589369017
1.2162520645167623,1.0205381886718667,0.9704899896819632
0.8910362792073394,1.0049806802344647,1.1254467146360232
1.0511878474404903,0.7280153739339053,1.0094482040748725
1.1048468817097818,0.970078018083681,1.0199596630751797
1.2306299400738425,0.9466875643021028,0.9545815527179116
0.8668742130945772,0.9720460935191952,1.0262142132576064
1.285917198676161,0.8395524509035401,1.0071977688451204
1.068184170014809,1.1181080815881077,0.9822532841161525
0.9944891252065089,0.9487480364991386,0.9772630194690136
1.210768685816155,0.9408823878893584,0.9799136381380468
1.1966006303602197,1.1025787752691874,1.0062402000104511
1.1785754635455534,1.0584868165433692,1.0045301056843319
0.7528690530666761,1.0027919163531935,1.0412319836170718
1.1808896160960511,0.8537393862690047,0.9364213590587417
0.612118942678584,1.0453216895128903,1.0504905228619783
0.9806547115573583,0.9824163681950365,1.0349504119126942
0.9637099868609327,0.9464440072578372,0.9490067437163003
1.1467798526500368,0.9712104616193147,1.0090339547335039
1.2409707430341153,1.0667539161524533,0.9759376422838528
0.9737854499566617,1.0613955597991662,1.0223744562475943
1.0373581496489201,1.0301368105431057,1.0033611387450756
0.9275782754090995,0.9957628945081283,0.9981522871846696
1.192889358587473,1.0214918230271917,1.0113871188887462
0.6669971257845002,1.0678846880730382,1.0216578117559934
0.8347953403035326,1.0050179631947505,1.0716706553333326
1.024384230472016,1.1309607886763502,0.9946253829560092
0.9737569300572348,0.950303110266719,0.9642827017678771
1.1789569254384604,0.9338892489314254,0.9303741383840672
0.787577025576315,1.0019709554541074,0.9114001322841817
0.9607948676306652,1.1951408332167759,1.0189553326275422
1.0264023693429296,0.9767258738500593,1.042503075820097
0.9242481612738653,1.0271984675859813,0.9542410672619633
1.0465159105688449,0.9301146786627642,1.042603264208404
1.0152119223774765,0.9624788637034944,0.9375268473353202
0.8579730404129937,1.131134117159961,0.942363533944205
0.8919738047192408,0.8788374915265104,1.0484932774525342
0.9397489092925126,1.0411127071643773,0.976280253612874
1.26511089491362,0.9778431248541006,0.9486064584803566
1.0215318827995152,0.9597856283815369,0.9795623556091297
0.9693087868251768,1.0126392904084682,0.9485106554979882
1.1857607878463838,1.1436783792706058,1.062834421990179
0.8184221674207711,0.8548249728324414,1.008621105672402
0.7271581836173334,1.0250486191709558,1.0179726046358724
0.687317062694412,1.0178275712087577,0.950714621079577
0.8476316973275463,0.9628922545868359,1.0515239302873745
1.0639479542657582,1.0109444624443409,0.9848526557581675
0.9046637170928085,1.0664548497334425,0.9828925528617187
1.3602956247124158,1.1003142476117493,0.985605236591685
1.031604767963172,0.98888022260711,0.9953278386567371
0.8548721550804201,0.9733585461617184,1.010574948827756
0.7250466732784585,0.8990584092355097,0.9824950253796155
1.0658874270907395,0.9003257653197297,0.9829652113606334
1.1865879467768643,1.1430458395119938,0.9705929833470263
0.9945451251556688,1.0384609295415552,0.9887676423579336
0.7278364830632162,0.983013714131985,0.9640228993405878
0.9190415287290472,0.8897936269135753,0.984137121589419
0.9506059847589856,0.9846378083707862,0.9938332869613715
0.9554954732008981,0.8507155042967471,0.991281260483356
0.9062983878900728,0.9101643743618084,0.9473140893918052
1.2394244512259416,0.9164999955251099,0.992717885279668
1.054935860562987,0.9557323590596831,0.9124346363605977
1.3677581524349938,1.1730273976560532,1.0758849950827594
0.7289766992948858,1.0306599258652633,0.9577004966000487
1.0177302074538386,0.925456982204461,0.9202064870734166
1.1841836003095405,0.9337350922604332,0.9542298263805513
0.83082667170243,0.992856748206561,1.0476941731233904
1.184918237509612,0.9192518660754425,1.0389673847680758
1.2188460094855862,1.0342938230864083,0.9732619839770159
0.7866051512280017,1.186546124081127,0.9672276571406915
0.838185196244839,1.0968650120070738,0.9417504130675542
0.7452878424729708,1.0072641873719033,1.020008569740282
0.9627171532435304,0.9396683616040951,1.0416095080852006
0.9014746074602193,0.9552707322285703,1.0144951465727117
1.199726014067231,0.9361266713632521,1.008912715821309
0.8721856186212059,1.0930333037785571,1.015344353427546
1.1473857419148286,1.171685331208736,0.9790460561058717
0.7499411539031664,1.0637162475633768,1.017482100572248
1.2119350213936995,1.0856608835911554,0.9640694208729951
1.3535899997281673,1.1252883638185434,0.9568903612187808
1.0405805437301612,1.0369234418584328,0.996510399914158
0.8499358398545581,1.1176138282405148,1.0345888768447322
0.898181180356007,0.8745005504650355,1.0274847953265425
1.077032295873558,0.9462370299067064,1.050831011084133
0.9958438899398867,0.8680637673458254,1.0234486562231464
0.9134565744920736,0.8502555609012912,0.9960786869652467
0.7343875328657153,0.9885084236177963,1.0425751731670259
1.1019569877306532,1.0384454536901668,0.9868102603895333
1.2713939292422767,1.0218296037539951,1.0154054540330144
1.029843690869427,1.0512192746777296,0.9990957566664361
1.365452097576533,1.0458996207700784,1.0512654031891808
1.2317694147958334,0.9969474637125513,1.0021445282767925
0.9563699820042946,0.9804271127944918,1.0605943836207092
0.7072699224354799,1.043424709673404,0.9657115094278138
1.1098682701704137,1.0488896570029014,0.9926885873511696
0.7606618101586471,0.967322039394315,1.001179030543563
0.8906096991583461,1.185289537019791,1.0016752206990762
0.9624503033587073,0.9215655517415854,0.9737207029486173
0.8676487966337294,0.9280956548422884,0.9708133182364153
0.7447428243478285,0.9352350814165277,1.0087779161084536
1.1313485060446475,0.9623374512449592,1.0422182019717745
0.993096441313466,1.0331006982760058,0.9781278988457726
1.0256150354631919,0.8953329926815413,0.9969757193512222
0.9639691487247372,0.8097884519939452,1.017846554666465
1.0796483891289717,0.9466250273592731,1.0016756238691225
0.8320566204369881,1.1421933606508177,0.9446270600532601
0.9294436105899251,0.9633543254437822,0.9903477497427232
1.1801273428803687,1.1288168177809124,0.9845828123722753
0.9485416501304273,1.1849566565282723,1.0129644685794
1.1762047939231142,1.0554279914943745,0.9970275011487179
1.008117007889096,0.9809438645576518,0.9555138197002092
0.8683179601604556,0.9696322183395536,0.9547466262671849
0.7976912127050902,1.0488814576756371,0.9809025912579296
0.861460942624973,0.9372585584624491,0.974214275079731
0.9523377522710376,0.8758984775150626,1.0099556216187302
1.1531163180328452,0.9631159522416001,1.068254461183523
0.5598012814483213,0.8765476913228976,1.0467613691671611
1.1420130474481436,1.0168961455030985,0.9780296183837226
1.094729413254784,0.9962663993623337,1.0013945140991407
1.112779968747741,0.9894238793288566,0.9828130819748199
0.9989313686709945,1.1169225474695117,0.959635424121904
1.2255229691664162,1.1123943547659998,0.9866371587877106
0.8956778897078563,1.0191671916262863,0.961602787343962
1.0262418702015652,1.0011521057910757,0.9546338711688535
1.2520159015310948,1.0174083086636094,1.078056223075959
1.0391537594305047,0.9228333540704562,1.0047471705527076
0.9007448026750899,1.0851855523094334,1.0775693286200465
0.9663486555817593,0.792375765722239,0.9943030789126056
1.3068132990982058,0.979021722459671,1.0062993138696896
1.3558355281028254,1.0371337091454342,0.994269927337499
1.1698568576029171,1.0146154731707073,1.0327816938354435
1.3573371211079492,1.0708084418638826,1.0140219769976602
0.844361658383407,0.945313060900089,1.0159831777374198
0.9571797660969423,1.0825027346560168,0.9559973412016468
0.897406047578001,1.0241733663091859,0.917016209100288
0.8503841122626754,1.0884740606113146,1.0042419950187575
0.7850915044969367,1.010459545300423,1.010512664530971
1.0141089359272497,0.9937410938293556,0.9868512049220118
1.1317602165729674,0.9794064382016215,0.9816167713318812
0.8637459969695439,0.8709532664030722,0.9959329190934078
1.3742475285588693,0.9245595694962534,0.9561359464391215
1.03250398820305,1.0018259208472693,1.0606320026816414
1.0128614347917293,0.9288063619154774,1.0322402581246133
0.7647961283837584,0.9375642104781343,0.9701022223506249
0.9429782680625314,0.9939689772189848,0.9902938399150466
1.2672707220337114,1.0245798164782853,1.0267928318891257
0.9630901701077632,1.1233834498863522,0.9845942708244927
0.8796785574875838,0.8779490612102963,1.0321313120071776
0.7832056219950188,1.032168579519312,1.0335020349137554
1.0079296327954106,0.9129050280286294,0.9393328056330885
0.9672524311982441,1.0227490350447406,0.9562772017258365
1.031063995323796,0.9479874063866192,1.0049916339061078
0.8930983618087024,0.8823824212491184,0.98211083036137
0.920196736613502,1.1399654206076764,1.0143158030413089
1.1769711619795133,0.9503759495226113,0.9761645490391482
1.2082607310244513,0.9542102433461722,0.9933573997433826
0.9285304141031542,0.8503079136170693,1.0292792613278738
1.1487800984122898,0.8618533547046059,1.0400055392259153
0.7864098288651802,1.0069572629726298,1.0050713109154712
0.8882855665926981,0.8955119793458015,1.000284825395837
0.9768960075628901,1.1553238579260556,0.9571292987821175
1.1201850594367162,0.9243654819024805,1.0085849110577176
1.3305363389258864,1.0144300425625028,0.9955664904569589
1.1272621067293946,0.9751766180070955,1.0118509837862952
0.9530507279192552,0.9275354028694733,0.9654793304697588
1.0802018677683969,1.0744449339131028,1.0613745293108066
1.2046077327057085,1.0035138859522683,0.9620180434670411
0.9722209688308513,0.9061339179310868,0.9780751966273665
0.8197607272270223,0.9939564090789046,1.0655967508360644
1.0769176492953754,0.8672666475322572,0.906185519172066
0.9095383173752245,0.9817861199215296,0.9645743922870826
0.851313607905477,1.1197846038448136,0.9976667339738209
1.0727593555654824,0.9173613446762598,0.9807830485450335
0.9871885182543982,1.0178723185857932,0.9851449865214422
0.6688015084589829,0.9566734359872787,1.0761760355629353
1.1601934297948573,0.9126604536969041,1.0085026361076848
0.9558472720921514,1.0810418623283968,1.032360116377138
0.6962171573127469,1.035707147872334,0.9643853113108953
0.881321575893738,0.9331388441287465,0.9995878886359684
1.0808956197833242,1.017169809506371,1.013558576815239
1.3563953030977673,0.8971152660266961,0.958112967024356
1.2301960511694667,1.050696751371314,0.966402323143269
0.7901555254500208,1.053307464989194,0.9739207942169451
0.9509582401817297,0.8500559437778445,0.9984993978439854
1.4717037412126215,1.093292696573763,1.0203886540085463
1.1087483106435982,0.8603104144944449,1.037272412618455
0.7996545806406397,0.8491547944129416,0.9928491875392252
0.98290463966162,1.0473436820281807,1.0135163054146676
0.8940898523283787,1.0409582475123647,0.983653833775775
0.9493380660054289,0.9610533044873444,1.0067345705311934
0.866581181545793,1.0829328830996605,0.9798677204254703
0.7692087089727451,0.9430256443411421,0.962996937126817
0.7235490572884027,0.9428396528460361,0.9968622060792974
1.1730802656587165,0.9749933927511444,1.0019991517517453
0.8452823124899442,1.2466238108120449,0.9763365120169603
1.0477825596144483,0.9394658062187229,0.9597257789046619
1.0755703939896217,1.0166152487146873,1.0312507017252976
1.0244887018458089,0.9407120219399746,0.9855635705079987
0.8439037075488852,0.9912395923175015,0.9972283645942603
1.2008834266081982,1.012595712409606,0.9664782451626507
1.1267689645696581,1.1031210999064323,1.0518110751511114
0.9938109658416088,1.179371646132214,1.020954816437031
0.9428373185939987,1.180171049407129,0.9862119589988841
1.3886951582416427,1.070683947965793,0.9981761262229091
1.0732498797420682,0.9579237125435653,1.0195169419796681
1.0899983529659003,0.8422396561221419,0.9865422903690643
0.9325864037404835,0.87918148008709,1.0100047368408422
0.841687002757066,0.933923245469632,1.0118395393999016
1.0105251430466957,1.003492268851379,1.0264386809847725
1.427795209027312,0.9735964958481562,1.0472718061698318
0.9393699744482693,0.8543609593019958,0.9860661952708782
0.9420463222938549,0.8058574317359535,1.0586709523308229
1.0510897144332163,1.0217316029205374,1.1015298662403155
0.8869916587980333,1.3131269445320155,0.9794739367762801
1.1438031103582222,0.9635103651654988,1.0529458267528045
0.6522966617180238,1.0566609030586078,1.0255800174218954
0.8781693888422396,0.9872283221888394,0.9465930758851425
1.1443512912211777,1.086903842832529,0.9798131540743569
1.2609374843158792,0.8732290304262861,1.012226697582827
0.994551759300168,1.011231955884148,1.0094079526241189
1.088296910926532,1.1814057765785688,1.0037707386143693
0.9231796959108023,1.074152792267682,0.9573854443616338
1.0302386119232958,1.00225418178948,1.0300184535594639
0.5951109561851773,1.0854316406080442,1.0426196799108638
1.0333775407095116,0.8959409113882195,1.0024273251745683
0.8053605546138842,0.9556128748983774,0.9764747380533502
0.9607588533338861,1.107469708250805,0.95474853862495
1.058860310045773,0.8783364804554189,1.0717058120943836
0.8475796255648971,0.9921045278409372,1.0346072010951592
1.1295230115599646,0.9109887931077554,1.0058163561065114
1.0435729433335457,1.0305213661369304,0.9987691902748833
1.1222849020784378,1.0125748831994401,0.9805008403090207
0.6925137870627909,0.7832490266190744,0.9798528080689896
1.1976942172340341,1.0773922858154692,1.0648984756593831
1.164219213508528,0.9343546311119517,0.9973817529850669
1.125716684433101,1.0362955998943786,0.9980437724412647
0.8838447403185599,0.9995441326377459,1.0113657135685843
1.1159690060052112,1.0752109174981992,1.0246854839439221
1.2797152765752888,0.9254695629977038,0.9959914435624357
0.9142169283276278,0.9438909465897953,0.9663584144527911
0.9257697894885593,1.1125423278510325,0.9704282905364533
1.1457449102735695,1.1191331315867512,0.9528962024050257
0.9704086386381208,0.964897711672324,0.9497042646169621
0.947622559046977,1.087320170089641,0.9744290317179717
1.2502743511322512,1.0591147632104732,0.9998200664664568
1.0499307861264422,0.8784085726891913,1.0017191104492216
1.0934361945837798,0.9765069610430273,1.0641255080320193
0.7900416860747128,0.8152957351320778,0.9519184559772063
0.8990620445951378,1.024763522839736,0.9423586943325987
0.9920235618247704,0.9879051641650591,0.9209694182985299
0.7806445609851629,1.1020428936759232,0.9770654022008481
1.2745235559636585,0.9736749858355983,1.0077331642856169
1.2466696570091877,0.8772768058854292,1.0264742608757091
1.1002014169894836,1.0517820749651712,0.9984722032539904
0.8492686962039366,0.9488842945555451,0.991854402299114
1.0030004115652793,1.0932322262540017,1.030569780181254
0.8657523446016976,0.9483141563808,1.0135167697663083
0.9821470863107985,0.8488004394839905,0.9698914173742802
0.9044292967483427,1.1111324948609993,1.0757083204651732
1.3095886427590906,1.0369742905967916,1.0362969177876138
0.8671619828055672,0.9307861575616099,0.9500574499140503
1.3433372705555113,1.0453748755621723,0.9733803195968509
1.1516371958967746,0.9625619059603976,0.9813774967405703
0.8309789263132327,0.9082673807117561,1.0705501074698354
0.8614504135570538,0.9781897236358715,1.033749917117219
1.189245521737834,0.9954553871332302,1.0737118090028277
1.1185697858101118,0.9458788856135334,1.013495131700146
1.288576768292751,0.9513274072213698,1.0034133057284205
1.0800060550586936,0.919518898013955,0.9998411273262718
1.054692606697886,0.8376308216810846,0.9722655328798827
1.094295351843222,0.952805296981557,1.0143967360065698
1.3167370554423095,1.111986807479152,0.9794915122756928
1.0192129744849243,1.1030439947365132,1.0506251198667929
0.8932960854482151,0.9441849915638296,1.0261952192921195
1.0943038839582746,1.1104082593387843,1.0326724120577337
0.9406185320036691,1.0628736165444184,0.9490726703278115
0.9331255558514211,0.9037906870133178,1.0485174146234897
1.12561869344092,0.9548326143947502,1.022554255906704
0.964430431931284,0.9919008872422925,0.9664346121407954
1.107527086718476,1.0190185987373699,0.9895560539689425
1.0027602694234843,1.0149245033771566,1.0126149444527723
1.0344982827968259,1.0215014011045205,1.045936806931072
0.9800960027987449,0.9799746164397389,1.0335583827928394
1.2530419246325628,0.9113140575924319,1.002415179775697
0.9558862387349665,1.0041343071256592,1.057603422360218
1.0456612029383898,1.0058354793115947,0.9800553907256869
1.0747568544999573,1.134051605694213,0.9898490507276655
1.3856325845851658,0.8387304088444307,1.013176396163675
0.8931053771625557,1.0700689591907295,0.9357805114941565
1.2301574804061435,1.0789838098201914,0.9652382897753613
1.1193232709215675,1.0699284051397764,0.9822097478595845
0.8753914166028849,1.047024140164992,1.0085538317002904
0.897147303419545,1.086129993833805,1.0192733608644735
1.1330350959848494,0.9097457012842907,0.9584517563228987
1.0735046399063797,0.9988552357606835,1.0294782417238395
0.951487915041778,1.0072930229007933,1.00262765112819
1.0721576024824602,0.9958655719683466,0.9345417904956008
1.1752751578324587,1.1023171457380516,0.9587695450873485
1.1563721737002275,0.8135513205749435,0.9964611103849701
0.9563812513991452,1.1029812988950134,0.9915192284330719
0.8705582626453731,1.0327341369767695,1.0203861961370557
0.8568637760321973,1.0460784840221073,1.047873677676732
0.9467467456422038,0.9872221871849238,0.9319985642719946
0.8092186817811833,1.1590651484609524,1.0007128764424837
1.054493277281813,1.029191030495019,1.0281825667170967
1.1738589545035567,1.0394948065651861,0.9771754482364633
0.7209953870865834,1.1223483803819612,1.0475076525269227
1.2534981915175265,0.9151611847806949,1.0108173432547585
1.2261768540860236,1.1386718399866176,1.0030862387605937
0.7532776545829231,1.0833148233772558,0.9705710044355301
0.8773372505932511,0.8811143425668118,1.0324110053291873
1.053835030515541,1.0978204016198019,0.9850467556748725
1.2019426066351737,1.061814542454329,1.0317498265876912
1.0050559913820822,1.059184461433805,1.042252203334815
0.9472683225664632,0.901801174687469,1.0209895289505462
1.1832301931387852,1.068804362813914,0.993942265941873
0.8040910280514606,1.0078006322613478,1.004066158431588
0.9735061158449638,1.0214981715083133,0.9775844130406913
0.909313489796769,1.1901561610723295,1.011122970490878
0.9085875160117018,1.1627695521085966,0.9802789487259801
1.1916163942745983,1.0524161225887276,0.9785562500852252
0.9032814000664394,0.9769375510628965,1.000506319441417
1.5683274302506842,0.9773505718344346,0.9411280558792384
1.381333658698039,0.8912011360891967,0.9988462219510579
0.8328568632244364,1.09851583889904,1.0940509303490495
1.0544533730300802,1.0757762377466944,1.022973429397177
0.7566756448697791,0.9394238222076515,0.9905499735379548
1.0560412073749161,0.9639643422345605,0.9900988429853038
0.8819931417791813,0.9259954663239672,1.0473325679620131
1.19190618322948,1.055015569645403,0.9894594070466267
0.6525309571362891,1.1366320606077092,0.9906725897860961
1.348503285091093,1.01939766715281,1.0008731394588157
1.0491750917543494,1.0627117918603832,1.0007097344830402
0.9634658711715091,1.0474534687598842,0.9924979205192367
0.8059549594421871,1.0522551489397158,1.0333603471144803
0.903277295340188,1.1434128093443636,1.024038866659443
1.1516845579835349,1.022276771408858,0.9833648560118956
0.9196278994031253,1.234533731056506,1.091740459402101
0.7243662715669344,0.9033433163077911,1.009897229086502
0.8437607592039427,1.0752969230392093,0.9807405502474927
0.7640117851215247,0.9330740590305031,0.964844191938029
1.137239502299944,0.9572636725826429,0.9928769036109961
1.125744132631846,0.9857081568071114,1.087035914348964
0.8458198640387855,1.0117565615144617,1.024059149726382
0.7075887738856219,1.1584367163368006,1.0243171794117305
0.9440793842007918,1.0016541267400638,1.0144967583920834
1.092983801764359,1.0381221749296197,0.9971488347194913
0.8106355144871942,1.0200524212351654,0.9832300306365367
1.2917985987669383,0.9565690913568543,1.046003201448464
1.041193303045441,0.9162476148761419,0.980409596067398
0.9350648527698409,1.0249841259779342,1.0086176355792
0.9965489305785981,0.9671996480168816,1.0580640427455734
1.1033686291438598,0.9351989180436999,1.049403419423702
0.9857211545931654,1.0229759509481933,0.954419923852969
0.8956837195023419,0.9685266122607209,1.003194622474257
0.9860520779552809,1.0955351684610344,1.0450506251342901
0.7237785411117155,1.0347529859766487,1.0290392683002605
0.896491567914738,1.052788491398402,0.9841042141873109
1.3347446541153878,1.1104306532058192,1.0022801900477816
0.9568950154858442,1.0965514998751715,1.037161959921657
1.257422388362435,1.076912065664367,0.9997161183276896
0.8756004569079741,1.0170688562167745,0.9716405204994047
0.8067770813517082,0.9674115516809413,1.00342532007887
1.0308470708779947,1.193545775724702,1.0430316630435403
1.0848896611835006,1.0265750868665917,0.9987750547105535
0.7146787166179478,0.8955560043383939,1.0688059658062377
0.8990371153568855,0.9525453885902084,0.9526640573888624
1.1646088516880373,1.0931920201784437,0.9796203851552772
1.299812291923995,1.0580421055806375,0.9798499563863228
0.882232226063888,0.9271848022630187,0.9922493527877233
0.8779612845733392,1.0164630690425502,0.9585889068239285
0.9238797137273027,1.0971596185544912,1.0324500270571397
1.3217549687033208,1.0311954220563464,0.966373905039708
0.8877516431516288,1.178794261751028,0.9637743086917222
1.122039174657825,1.130945604285258,0.9163591008181644
0.9704428136104084,1.0491063421274436,0.9898720000875336
0.7135851824576471,0.905291434529838,1.0058473028621322
0.8252425023082621,0.8779585913704728,0.9635051163441699
1.0607361223366678,0.963919498393728,0.9866908471269542
1.1137750292200896,1.0200091598816385,0.9998103519465144
1.272815253589054,0.8903070811307684,1.0110709870516545
1.308291129170791,0.9391550193101146,1.040620657755385
0.7793474324218972,1.1319754074241897,0.9671182758028215
0.8651236957033283,0.9989761295241752,0.9956448466451548
0.7840773627723316,0.9924009850014579,1.011264485736098
1.223688883943492,0.9497748631890814,1.0254013118107972
0.8637298675891947,0.9792027387875343,1.017931755544044
1.0981281415995505,1.0492676666088436,0.9728130742616115
0.9500996180346893,1.052988823319636,0.940450432276423
1.091392218255216,0.9672940889741531,0.9724901567095431
1.0037386398259398,0.997782897570703,1.004025600308705
0.8774860738523687,0.9748592611606928,1.0147929342860078
0.9552901213461655,1.0302578267963796,0.954492905699661
1.1294746500488355,1.1272157029213643,1.0543889737328038
0.9526685108967877,0.9138072936896531,0.9816716231798462
1.1213578186493594,0.9490627656690953,0.9846373057667738
0.6582693774205945,1.0331956222766054,0.9491427546076684
1.089097639625944,1.2342613566186302,1.0223010943727064
0.8897527586869053,0.9527422093226334,1.0148721431166463
1.2221089538303955,0.9145070292096455,0.9984421952215815
0.7476237158793181,1.1122070524998466,1.0250390445248867
1.1681200651172245,1.0923444412904875,1.013218174745303
1.0152469751815802,1.0590220874055307,1.0249655796209287
1.0971459697646548,1.166669730896463,0.9861782148251409
1.3614350713683723,1.0451300932628254,0.9926283135210875
1.094208059806496,1.086339477328557,0.9866895111793821
1.1252066320050473,1.1349550024606927,1.0128718501328207
1.0815179859196256,0.99475704356989,0.9685958779725837
0.8331232172230782,1.0836559407109396,1.0032920325425219
1.0090090664011369,0.9952285315972547,1.023206613103917
1.0843862929330963,0.8594143581083395,0.9508498830697611
0.6460515803764973,0.9275470640422887,1.0206503295193414
1.2219831639212122,0.9963581300704808,0.952322618968739
1.358848457565831,0.9292422435951069,1.0026489398862963
0.9067946858852602,1.0300311098350483,0.9611938569303393
1.0630438904134558,1.1167317029638335,1.0647477370547065
0.8421350019380975,1.0505562853272434,1.0582451387354033
0.822680006966787,1.0040135483821633,1.021042986932185
1.0398817643721592,1.0487930489055113,1.0200248274819328
0.957949705518311,1.0889223609458034,1.060511279965611
1.0707137663332236,1.0068583474001138,1.0125679221843245
1.0149786811368395,1.1074089891327008,1.0312278676921751
0.9195437644947664,0.9829303344374576,0.9759061463952713
1.0141044579023875,0.9895897627252273,0.9451312792078858
1.2711604398313106,1.1076660150437727,1.005882747195985
0.9819298377628052,1.036291824589909,0.9933004008540118
1.1919040040826943,0.9730385630356191,0.9633131658269165
0.9158229376009686,0.9666098927378652,0.9454513028575876
1.2276594065333524,1.0134927048584095,0.9551290254513041
1.3835669524308005,1.0575770464640826,1.0357511606018124
1.1397652435898356,0.9014355825714306,1.0196419059334485
1.2617054585498533,1.1770766129234609,1.0667238457250325
0.9441497177491255,0.9311211254403897,1.008626164900993
0.9114891933819578,0.9895387428623665,1.0199721116437515
1.0922635483293779,0.9425044438488187,1.0057196591734532
1.3909499546703077,0.9294280319792847,0.9879840126235612
0.7002669879997399,0.9007165595318753,0.996371331107382
1.1200608715442806,1.000321168418472,0.9591013505021909
0.8112503784064344,1.0379669160209692,1.0199205873403046
1.0734981026005397,1.1129566782832354,0.9948940158188865
0.991818216823946,0.9568323655467571,0.9617536631305331
0.9416522239560935,1.1532202444377844,1.0254238342736175
1.3305360891050126,1.1285365693507916,1.0090965080858003
1.0384685693953661,1.0487789000075323,0.9591090597642689
1.1292500238557248,1.057919751346164,0.9555492588307898
1.1370200829540509,1.0569655283913402,1.0465174906479828
0.9266361470557984,1.0365496749482759,1.0109732680845955
1.3785603321752364,1.1040052586820814,0.9633185556330561
1.2008024916506093,1.030981670464761,0.9696637042781148
1.137836698433026,1.036324723939297,0.9679707224051403
0.8498190601243563,0.9638786068438723,0.9680216201005694
0.9864094593750645,0.992269819271659,0.9798675129414409
0.9042843220510859,1.252467368987952,1.0509231333821063
1.0056582644994876,1.0038714025875923,0.9267772978751765
0.9812883493425724,1.004682854286426,0.9585394954736336
1.0664791295379366,0.9263852768826857,0.9783007558104719
0.7610297416758254,1.0061057591644302,1.0244647301400436
1.0300305219026726,1.0761911799236588,0.9575331466171298
1.0648275828918354,1.0404685749502134,0.9776433349851583
0.8743416567922457,0.8684137275467723,1.0141485660022822
1.022929166753252,0.8877518162854919,1.0157445052148733
0.788045512727339,0.8235867551918135,1.0731329095243503
1.0770684390466627,1.0155328243616384,0.9640053841052039
1.183611601473387,0.9846850909383746,0.9534213038346989
0.8483485861413734,1.0127834173485075,0.9577019154038423
0.942478640285554,1.0643963022048717,0.9673730393609677
0.7931015338050099,1.0830299028861041,0.9600046880591441
0.8789760218464562,1.0530225616434714,0.9413909557763507
0.9029389537632144,0.9656929296445227,1.0267972127966811
0.7597730556066602,0.8602548352071498,0.9605904943955199
0.8824562551463767,1.029834506921046,0.9486843818415779
1.0948453202654536,0.9506861621061764,0.9927267409671487
1.7200520899813783,0.9939838385509316,1.0075373043952558
1.1537825222761873,1.0731192154188198,0.996807930474877
0.9938399282230316,0.8883853266548302,1.007555205637377
0.6822287048098927,1.094983225899109,0.9805578815126847
1.060286078837753,0.9437959327562904,1.0385867368377897
0.8138356628909911,0.8062128943157668,1.0223256176941151
0.8609753193654458,0.9653064435352626,1.0173666211377694
0.9684644078324433,1.1639277872994633,0.9832473202729718
1.5377713469767236,0.981554194642173,0.9654264858824441
0.9204775735101149,1.0053348973566696,1.01707931243744
1.0401699162634825,0.9389964957457725,1.0391983210215405
1.3360705298802293,0.8333356457688914,1.0025886321637154
0.8391963370391352,0.9765600563446794,0.9717994749614663
0.8693589811854793,0.9319576787674524,1.0290348241712202
0.8974794138051061,0.9665745296913795,1.0390041807419095
0.9733451873240269,1.0113710970776946,0.9954251338239594
1.0985486648179539,0.957325767595721,1.0148461493526293
1.1285923619035536,0.9415333423976238,1.0277149392949814
1.0879006714424437,1.0545904223603015,0.9974844690384032
1.0634928005964541,0.9948025426593095,1.0256620673585577
1.1434451086461732,1.157899847828222,0.9834277008446178
1.1048771084842162,0.9687851521709699,1.0326872003575713
1.080215228429977,0.9722162160751215,1.0425951454664064
0.9146736658928031,1.0073070986447679,1.0513669818910731
1.0417245400320498,0.8611344468061144,0.9842414462618905
1.112671960461991,0.9141719239791303,1.0072415447852883
0.9424588369223144,0.8047453675067524,1.0332272620713379
0.9379262237368315,1.155234765845174,1.0033453837239155
0.8879504191119166,1.1354395281180434,0.9971659820938408
1.0790033656648905,1.1058612701937016,1.0092292767261233
0.8435419005620065,1.0492394197524086,1.0086274153047095
1.0204895602366801,1.0297074882650172,1.0249856312271814
1.0180826894005026,1.064342440380753,0.8835684278609368
0.8598177990727156,0.9578237378081703,1.0217771838041705
0.9180915749611895,0.9357628875395083,0.9915234205975425
1.0500584589190032,0.9096595157902992,1.0295315516496786
1.292762800117902,0.8840533274021769,1.0086939237211523
0.7209434857988495,1.0869699071690013,0.9745623655527718
0.8687825963496421,1.017191279512731,0.9685603753477411
1.0543554308952205,0.8485539722150723,1.017415458905298
1.2569687132772853,1.0055313489759525,1.0347519756679056
0.845413391480828,1.1096148449265262,1.0103772389899233
0.8074667223493992,1.0005011170167117,1.0589878876791425
1.1695346513999672,1.1544549473342376,0.9681413751541904
0.822378671758479,1.0138520982529924,0.998210442780941
0.9825583126744161,0.9972639867735386,1.0592666916782052
1.1215166542121158,0.8842004022766188,0.9647703864177745
1.2295564593221062,1.0538636126043994,1.0168938653006867
1.1863261912176057,1.0130538427620421,0.9710931997044976
1.0439531235284045,0.8122821751872813,0.9931668354414876
1.2031222787895208,0.9274586938172314,1.0433255321710024
1.0611425513197235,0.9599496885909373,1.036142149067029
1.0151610130682722,0.9520200262004358,0.9696670377195544
1.0071211548238512,1.2055068671735072,0.9746781441240868
0.8766743587003135,1.1130739922486448,1.088632430756493
1.065924570438908,1.0292570038735187,0.993231600256205
0.861691390899149,1.017363914437998,0.9844822523691725
1.0592373410253861,1.007666854662105,0.9772052257089051
1.2550859664668506,0.9787378086258094,1.0380131592413055
0.9690579856200665,1.038838852054882,1.0907238360993379
1.0088276851539417,1.0151110800837684,0.9995534361022367
0.9827928761327444,1.068499938747045,0.9480300220178943
0.9004629191500491,1.01196102345043,0.9665824220277708
1.1505695943222185,0.8922450145431775,0.9975177602348327
1.1802128236832976,0.9639854596129143,0.9718552563477901
0.9084096385868979,1.1161375886599,1.0007033334790665
1.208633914247075,0.9922612332999908,1.0023539418626457
0.8521864136032051,0.9686658298983095,0.9957503802696773
0.7941718565698601,1.1192529215606974,0.9754459095920022
1.056345886918051,1.1462640366489796,0.985569517600453
1.3750972050579127,1.2517409820088616,1.0445816237901056
0.9864208852151022,1.0676467519439816,0.9945520267124248
0.9406854393305553,1.1825583101036734,1.0187024845070074
1.041972425635029,0.9141903146508258,1.0669294936745068
1.0805846738964577,0.9926643838652347,0.9760164547689602
1.026261329174143,0.9014928834916305,0.9575430035226518
1.0465521143720435,1.0056312232398206,1.0304539079047499
0.9652188028340185,0.9596688833297617,1.0597044507278939
0.948625196655035,1.06895004508383,0.9819111307225414
0.8807428649675554,0.9401077241030283,0.9539393033136214
1.0117057919016317,1.1571322369214407,0.9564411537208258
1.0846599780873292,1.0157255332272204,0.9523049223408293
0.9185983005091617,1.11817551230253,1.022594480295762
0.6246545192770727,1.0165277241877084,1.0078467389760841
0.9844180519948398,1.064402158898261,0.964671271020071
1.1189783743869746,1.114853491010527,1.005879495624643
1.2335372500334234,0.9990735774047319,1.0404125076389616
0.8478341103742579,1.0197868133322963,0.9892561578757699
0.7849512818550971,0.9474515358718267,1.0196762855909203
0.9360482927348394,0.959077407833126,1.0047797873764008
0.9215904551222956,1.0435741318562348,1.0079199828422827
1.0259146192361621,0.8909223063200405,1.0565892544870665
1.1665985522793234,0.9841977855068563,1.0284502536318822
1.3360916138601056,0.8710780832800016,0.970576928707232
0.8723166190693852,1.0131359268723292,0.9831040754774346
0.838642795695277,1.0205748265353347,1.0033984434253067
1.0875591968847185,1.0118535351132083,0.9617500600660273
1.2022993411392267,0.9397219386486311,1.033369056764302
1.1584020819225478,1.0138936726416343,0.9691868407996121
0.8294767308045947,0.9401168085136504,0.9650403991289048
0.7193880432997486,1.0862520983382689,0.9792930279409378
0.6605458774597097,1.1691972859964896,1.0141362517731964
0.8801150092792343,0.9301425992914824,1.0267563793872518
1.0557099167901451,1.0171405644763092,1.0017954642030769
0.8200350217108024,0.7540952338152459,1.0306192834630339
0.9245943597274837,1.1450699872413213,1.022691499943684
0.9666969548352549,1.0830429131470363,1.1102540248817523
0.947952897874576,0.932446289784967,0.9856924646678179
1.2381470915372284,1.0145726920401843,0.986191129121956
0.942026137853279,0.9732295538845298,0.9609366924896356
1.1707127305622407,0.9339830237035056,1.0436934115505572
1.2201317035493122,0.9600095995233064,0.9916857238327327
0.9830980796337325,0.9201072263987964,1.0282923934982657
0.7394680593083947,0.9687459245175781,0.9431562728522214
1.164056417361321,0.9638231348481499,0.9836868603631816
0.9691860558806723,1.0163815902153719,0.9544938799417174
1.081309404026463,0.8998915353335663,0.983376289948709
1.0835484085041993,1.0027573219607058,0.999827594855874
1.1524105372152547,1.0370881551384485,0.9955914613493094
0.8674684858894274,0.9794472985383272,0.9819983784533933
1.4097560101765991,1.0459610111826874,1.013558311906485
0.8830977716455948,1.0285972268393655,1.0392625364421777
1.501786443744942,0.9981075908645421,1.0251254448847469
0.989619228433507,0.8666302090255298,0.9397441661940141
0.9630468932124303,1.0991604978545437,1.0318418241195835
1.042564910265017,0.8762319074732461,0.9699539706734409
1.1323788607893455,0.8745280678400752,1.0263131762988242
0.793722943297335,0.9358521566950073,1.0080449230277182
0.7165410807941153,1.1068109008100206,0.9803858267632757
1.0931752317622134,1.0637788224146805,0.9673924427203792
1.2222187114178666,1.112150975805698,1.0066940447051123
1.0521063149990117,0.9717341181011909,0.9967868707201856
1.0290172123014913,0.9993169542130499,1.01610310650147
0.6725738640568417,0.9025579703223198,1.0147660173696995
0.9903008132473146,1.053389440318509,1.015024217496498
0.7466981490168638,0.894305571908619,1.0095869605644474
0.9976773027548228,1.0755304679331301,0.9858648807523057
0.9202552842602633,1.0183904251112732,1.0220492129454843
0.8417406520458448,0.9627242803202906,0.9630526300388288
1.2856402192026326,1.075404327146406,0.9453342032759506
1.1118800160545113,1.0245262712573164,1.0200786046905788
1.0245828321003452,0.9168539109954816,1.0037345975063416
0.7996391218027914,1.1257960164499579,0.984979618503152
1.4096530708844321,1.0534096253768572,1.0139318315762955
1.1661653035018653,1.0808379318805084,0.9848874680195211
1.112130570708103,1.2295620024054155,1.000707975083958
0.8465508611013298,0.9007120868632986,0.9784215065461798
1.3774958163306652,0.9963681938903207,1.052385705665108
0.9931175999455761,0.9662794293479149,1.0038236464215493
1.1022730659472466,0.9242434046668188,1.0076914875437444
1.079110146751636,1.0833565888724868,0.9622058658664155
1.1848485161579874,0.9448032207803967,0.9739170949756355
1.156794183727761,0.9081562319711011,0.9550242446086911
0.8803229090210662,0.85736954931464,0.9711099027879947
0.7390170122758009,1.0810700122194485,0.9955987455289025
1.0834742117824374,1.0916566208357859,0.9977236236100634
1.2771136403851324,1.0602593900281896,0.9942935530545918
1.1945084704007254,0.8565541185019696,1.0222714854973864
1.319843775591862,0.9571685048971154,0.9884370816893601
0.8929267313654369,0.923093686085882,1.0229506352913595
0.8745023223540034,0.9694398608602006,1.0088494658352318
1.254578778264058,1.1055405882704907,1.0077450234391132
1.1048386719716068,0.8610928003682441,0.9958019281867893
0.8547513532317836,1.0334613272402726,1.0055919456459057
0.7891491185168551,0.9758402214381114,0.9823598553038627
1.2865673001572966,0.963728494016864,0.9611970320369919
0.7767272958547268,1.1253369910418747,0.93132424633793
0.9406891931325561,1.020691814073337,1.040913581935219
1.0946647409599113,1.0931982691168292,0.9915176968965026
0.9881648216419879,0.9554646822233568,1.045419104532767
1.2928732908580867,0.9743591724289489,0.9741011707759663
0.8995652917414734,1.0477044457427915,0.9804253953668356
0.8966565108681308,1.0045636573767127,1.0263528021554957
1.0352422452952794,0.9566505036731647,0.996745141262771
0.8136440783396701,0.936010036850363,0.965869400831919
1.0990028711172841,1.1449737083072105,0.975583901056886
1.0048317477571929,0.8705400761596267,0.9901555395788607
0.8995294161811467,1.1394567020260495,1.0606116668898686
0.9361161403339491,1.0488411330731693,0.9851407906993265
0.8566428798189419,0.9393614292075694,1.0109586833359225
0.9953874969012223,1.1193502254757197,1.0085459442599334
0.759537804472689,1.2185901967622366,1.0111557487731195
1.060090974549864,1.0174034427827063,0.9773770686582001
0.7782762487103724,1.093298141903463,0.9545533067341188
0.7628315938501649,0.8798893236636007,0.9950174351837893
0.8341244881534269,1.028301907821913,0.9718637780117806
1.2183056036303146,1.0293136778482292,1.0542784074733809
0.798502557084906,1.0303649487693207,1.0622576469940501
1.0346591104462375,0.8707361312861935,0.8871292599729074
1.3898357788687177,0.953400915175033,1.006237444324358
0.8871766423419425,0.9856245701215245,1.0263617221364167
1.3705017291974935,1.0349249048349443,0.9411401437902013
1.0194915559780195,1.0544047199889952,0.9669478480110799
0.6853887954578683,1.028771541545849,0.9765720373340656
1.002179382943658,0.9164804660336436,1.036631215373282
1.0023903336010946,1.0488432107368357,0.9670948299163286
1.5552411419277163,1.048756909364254,1.0036781427811432
0.6615796880457857,0.95192340911024,1.0261717653272135
1.0716369624150675,0.9239331057354331,1.0035201344708229
1.1745683476236843,0.9661540051055545,1.0230084470783058
1.1892917062670036,0.9172037784077478,1.040647097385585
0.9641601595825567,0.9610828280493929,1.0250225740995722
0.7506141770003103,0.9453330045849508,0.973030403493352
1.1064515890809434,0.9853667550201749,1.0095746223243545
1.1218608860644268,1.01863812778496,1.043197841308973
1.125749209306702,0.9836644955469827,1.0327391673896904
0.9806291225322268,1.075754712193982,0.958586487915437
0.921292786259911,1.116238461480596,0.9987825642483973
1.011091018918924,1.2842396042182316,0.9883999629913544
0.9586689149559968,0.9703803859631479,1.0442681929027848
1.1576273821352001,1.1192134511224312,0.9923749795858295
0.999467105534812,0.8215685951017678,0.927030610830399
1.1978286621788754,1.073585036947732,0.9788026509617342
0.9432556442410265,1.0313249369139903,0.9419104612444281
0.8628626328589013,1.031641132071246,1.021736532258833
0.7453933117503224,0.9184838361268859,0.9723675708849763
0.8524530919383797,0.993487988704,1.011860908793017
1.0235836288822107,0.9349451219684511,0.9834267094784419
1.33091247820306,0.9497095615121959,0.9564522255174763
1.070844101480716,0.9935550288179875,0.9938347880057073
0.840479184158269,0.9837447269563591,1.0136248055183044
1.0618544367228897,0.9044942007781115,1.001619507221173
0.9835083199554615,0.9064868878963844,0.9576248177177984
0.8252202746953032,0.8666369788265601,0.9231364949072761
0.9674868404230201,0.9236817431912002,0.9767515158240728
0.9179442416196428,0.9069102048707832,0.9793103431119938
0.8884165264950324,1.0264425972008941,0.9549875716851443
1.1522744724197302,0.9962561195143382,0.9336228176755773
1.1203815600541436,0.8894953078184321,0.9853240627366718
0.9092691091139385,1.0657591995133742,0.9667072637519546
1.085800846565892,1.0533233350505928,1.0101487710466668
0.9019683222885895,0.9405313755417886,1.0484551974291056
0.8197906897114211,0.9580508346401249,1.0097728889076887
1.1787827306735363,1.009518862079116,0.9963636406329958
0.9769033332214558,0.9634568443642627,0.9515820366747758
1.2827970933236084,1.2871631013310303,0.9712897746559069
0.956782893330419,0.9925567048434059,0.9905574686171242
0.7560474559846659,0.9440783208837356,0.9953901888662776
0.9675410098031134,1.0036087080494618,1.0162199290025682
1.121080632076465,0.8804295519837785,0.998518029263968
0.817368062527799,0.8241667341300951,1.0279557601731308
1.2644130331554277,0.9953405106958302,0.9990999252549891
1.1731675378667674,1.062772365300245,1.0073586486793928
0.7963985140792733,1.1608661508055675,1.0212051347259579
1.229135510587703,0.9334493024963503,1.027303535825946
0.8876879762868104,0.9745322262209541,0.9902154957101018
0.7463757159857837,1.0659145543119886,0.995259198154279
0.8082061417538053,1.0653270690400327,0.978584840897052
0.9951053435824164,0.9661142033634141,0.9806635044156798
1.097533833030003,0.9804011812351376,0.9819455198247723
0.921969446730131,0.9656143926911828,1.0352576520588663
1.024022386613734,1.0547661054197284,1.0302751277534137
0.9692423512922241,1.0150638166296058,0.9891983151464654
0.756941702244557,1.0327533352638005,0.9767553910532331
1.1988843231348272,1.0297643836616626,1.026054127907423
1.070714685806919,1.041759920390183,0.994200225340978
1.0885370715519322,0.9502608931988304,1.079361910567566
1.145001297597494,0.9292347400391998,0.9778303878778534
0.867615157024938,1.0077639043964575,0.974860984221932
1.165412846421243,1.0689823951842956,0.9974213091878338
0.9456362516710323,1.1027999910165658,0.975929037819558
1.0585949442146894,0.9318019038337578,1.0510664798787774
0.9067808790688805,0.8362277154472573,0.9396429668694344
0.8565746592284174,0.9084259228684041,0.9698933549287075
1.1282238245472418,0.9039540701491042,0.9830177955030021
1.1547857508732606,0.9662561018286187,0.9792916926102607
0.7814690138068501,1.1279165154695665,1.010856727420917
0.9097501108139151,1.0636363196297358,0.9650318476263067
1.016625199557887,0.9673578415029129,1.0512600160410634
1.0163624913648706,1.1665786372883868,1.0051284803976952
0.8940347086028212,1.1252745750481572,1.0376963510793271
0.9374998620779864,0.927509325593897,0.9880493563649811
1.1699136089529807,1.026716654532481,0.925424729498381
0.8795697257974138,0.975779016390681,0.9585715116339522
1.1083949096088097,1.0658042696999996,0.9697705387667672
0.7135843557426482,1.0018009090535798,1.0271588873668616
1.2916661970777967,0.8941209295911892,0.9904045370820719
1.1064626878315749,1.06360357789038,1.0524462137344155
1.2646318683481321,0.9822850243978851,0.9891202408423326
1.201286392494325,0.9091360666244861,0.9653100685565432
0.9699196432047086,0.8780549692859956,1.0252843322583447
0.9891631429002672,0.944630885144892,1.0102257939804928
0.9935580924943305,1.0214095718066334,1.0404225905393545
1.0408208305782396,1.1528396603321602,1.0920853626961404
0.8415586378228863,1.222787219485975,1.0373876887234281
1.0606780389893768,0.9274043674418966,0.9429884660617995
0.8194344591511133,0.9669760642927501,1.0074637007129406
1.1040270444491345,0.9670146215151064,0.9861002309103846
0.9962219293985175,1.1329338518838812,1.005753118331236
0.9125429969299453,0.9648743244767071,1.001797492031052
0.9737656969815366,0.9184704731763546,1.0624947482409879
0.712475416611809,1.0106765231876806,1.031799593584833
1.1797631493063196,0.9739292721406037,0.9549859891320326
1.025966108602904,0.9832950118308257,0.9997541083184127
0.9799752120271825,1.093334454854195,0.9796807429507316
1.103579994382168,0.894269111280614,0.9924569057977705
0.9217899538276607,1.1126592293980981,0.9534312757823257
1.0976979029541076,0.9436343525194409,0.9837884142742506
0.7967844705821292,0.963029890385732,0.9984644742515153
0.8820006624375618,0.86037828967848,1.006386512773248
1.1284592129902076,1.0155241264728145,1.0114929840187592
0.9404276191963816,1.0122681793721098,1.0004591660162319
0.828892681827284,0.9960644786022683,0.9632708237323139
0.8482474576997965,0.9279720234100322,1.009010016060577
0.8507638987445574,0.9651177831843032,0.957377473185273
0.9959412529533481,0.913808959200809,0.9965193397934801
1.2251782538415295,1.0156761089613386,0.9692141244110494
1.2530437058980648,0.9794292776701181,0.989755138647889
1.320045393186327,0.9463390925786785,1.0466367739324387
1.3344417540583597,0.9962795109286451,1.0893963971248772
1.3516617308782797,1.0498707364580535,0.9933765461474257
1.2980413329518607,0.9812603722382199,1.0422489094911358
1.1429215161482023,0.8054992796273337,0.9967017865797835
1.2075098228636463,1.09207279996997,0.9769074880034344
0.8625046640409445,1.1702523397485858,0.9789048189975148
1.1112413981139442,0.9309024784858331,0.9824874006979248
1.1661397035012555,0.9610573620641102,0.9878003047273219
1.1017349391939002,0.9001154570892221,1.019251132800241
1.3799564143466427,1.0154093927666923,1.0102106153890635
1.4421234169085109,0.8335145231817929,1.0136044529475452
0.8884683910114202,1.0913844824677688,0.9737477505564813
0.8514780736562734,0.9589996806974473,0.9682125686174959
0.9579157653375276,1.062843733156441,0.9752921779418298
1.065448528156749,1.1673497815383005,0.9486486010156646
1.1319409763704702,0.9284750004708785,0.9562414914907617
0.8929697515542194,0.948830383501637,0.9911329332101833
0.9129843182941235,0.9461011152206436,0.9804742907017151
1.2815799589532646,0.9941866492086103,0.9677457433857762
0.8767039704241729,1.0146652655936794,1.0151673086570356
1.014056381779462,0.98281727621053,1.0352203374186784
0.8622129917905821,0.9297063837094934,1.025601268030482
1.007517104602178,1.0145913053389566,0.9799033660219906
1.3043733297084341,1.0932691927062437,0.9960421925404924
0.6926125712952143,0.870277406624119,1.0039847494929084
0.9984096922117525,1.1053870932157726,0.933397749957677
0.9194077911918028,0.9803224085928358,1.0255669732704924
0.8431577518513647,0.9811792617494457,1.0045534526576798
0.8239791699436554,0.972129755876325,1.0383712143752293
1.4479836624018616,0.9561313998492675,1.0262508858362367
0.7691731762375963,0.9794481734155106,0.9893989936988546
1.4164146571753322,0.9697270307344998,0.9895243390223051
0.6814090982394587,0.9817871168788127,0.9547911004181399
0.8971785735202221,1.004851600085618,1.0030874453380765
1.2090076987898293,1.0693398968845753,0.9915922203617878
0.6811281657670873,1.0203013771579366,0.9540186623562943
0.9897541838316162,1.0115122739597142,1.0426207414176394
1.061819120634479,0.9347991304986332,0.9929200560400323
0.8222490662025341,0.9830442020236357,1.0418601217480876
1.005059169766144,1.1533230537721437,0.9805778987997927
0.9923616217551232,1.0001848750418303,1.0094919502707596
0.9280700232515718,1.078307536806279,0.964249750804064
0.7134794965079712,1.0074234974250311,1.0213063316692421
0.945687897874459,0.8648303147422104,0.9874582610964276
0.8663105544989947,0.7788817776458568,1.0472480013288685
0.9682553492484947,1.042540711771647,0.9763670689466742
1.3334547554286358,1.1218967063622294,1.0043116549712956
0.9023684354372599,1.1321660473212432,1.0026730414363774
1.1355288615176842,1.0599803134633898,0.9809847548261935
0.7230976951926823,0.9572424836084621,0.9098418550530255
0.8772065457583968,0.9964048087112655,0.9773931510297317
0.9435904008354444,0.9352296156004605,1.0060916711925365
0.7436347993944338,0.8925041292750471,0.9766689502556333
1.0773614002149798,1.0831750319277589,1.0120674803613348
0.8676189956912341,1.1721552272702092,0.9682303931492037
0.8579504507498678,0.886422752314477,1.0150608414679942
0.7988805496629193,0.974751955542101,1.0366682724255236
0.9977158330120636,1.104687352065677,1.041286228203744
1.2350036096655428,0.8255923594285142,1.0031060143790056
1.1204346521148465,1.1588021043259054,0.9790878732685054
1.0646744976520237,0.9785216306181584,0.9735416528167636
1.2590944826863533,1.036225468121493,0.9706684206216414
0.8722882381001624,0.9841243446270782,0.9724790877550027
1.1918596560441301,0.9273137299632024,0.9828055064608643
0.708291628945168,0.9299576003935047,0.9861460050047489
0.9236156213897948,0.9866696861513364,0.9899920412849589
0.9502048169759492,0.9641138053972842,1.001762425257606
1.2295093058837223,1.0073488306377998,1.0260576369908732
0.9962828320616802,1.0203345979923533,0.9646672685375952
0.91083487598169,1.0576038652925501,1.0220914168253095
1.3436842065777919,1.056949110117994,1.0176623227300736
0.6474641138638113,1.117806402962758,1.0372744422153455
0.9203465754203144,0.9073802125586528,0.9851415079716822
1.017101226439722,0.994887543195766,0.97132642707065
0.8080117803763259,1.0304241907479321,1.0560555809730738
0.6998055886739286,0.9339080658050347,1.0439238212560524
1.1219689267390014,0.8348108859314423,1.0219684773161892
0.8429380731884349,1.045153400101952,1.0426367533580185
0.8490853724544152,1.1819805479082208,0.9646175312539468
1.2445477744608164,0.8701035617946569,0.9346423160059599
0.8441381999626112,1.0634981436415334,0.9958047683251919
1.0354709547550414,1.1940909923554228,1.030996155945978
0.9446207083943191,0.956195585372109,1.0028152509160486
0.9610940849635912,1.0516079462971544,1.030747955646363
0.6900044471675034,1.0769468945735594,0.9934549230536424
1.1477231659254425,1.0673378236377935,1.049242118947059
0.8078733517170836,0.988925705441541,0.9782589190134695
1.167943302265096,1.132426964357041,1.0370462937090654
1.033695967197941,0.965910901304659,0.9802863178329986
1.048169058854881,0.9654768388542613,0.9930939097361352
0.8426242388345824,1.1327921025338719,0.9947923040832949
0.86604114221068,1.086254152439257,1.0560311265945075
1.0094253484018485,0.9202691297924308,1.0805976945574531
1.0394986113841496,0.9273955570656738,1.0002170854261654
0.7550373218551663,0.9222013903454314,1.050126938817013
0.9048408518366609,1.0468014440860727,0.9676866697051102
1.1226044716005779,1.0457401818810586,0.9905771443832028
1.193930272544735,0.9613764666343462,1.0590072290306958
1.125656323058255,1.016728408611289,0.9858302132536774
1.1576722048516772,0.98383832125349,1.0220941767199392
1.3450040391822369,1.0246469572008214,1.0337940556664502
1.490463548915325,1.0047345077918313,0.9446183536537264
1.1720188320277267,1.0463807764385449,1.0169324807567406
0.8439373488761344,1.0319840408789327,1.0587322594037245
0.9595480028477399,0.9069746426661052,0.9901926628935875
0.9309594537256285,1.0156381658383808,0.9426738084209894
1.2303205716306544,1.001849097234683,1.0435386508480509
0.8975923346862217,0.8527018128500382,0.9848055611718153
1.4313305014655175,1.1447036759006235,1.0731183861946023
0.9798556018412291,0.9059504487085103,0.9865128121373822
1.327783425199373,0.9305910582783194,1.0520328449481766
1.2049895626410434,1.0476584031784366,1.0657117920278558
0.8804805010029271,1.0379057169645498,0.9913616278077285
0.9590914775050895,0.8568453095393938,1.0173814001194872
0.8969141089909695,0.9278020750981453,1.0022348244307793
0.7927970337503709,0.9008364869713363,1.0081224173777783
0.8625193425730641,1.0753625160422444,0.977192249018965
1.199721050794507,1.0633291311252453,1.0186272685589792
1.06746533431432,1.137649685185331,1.0050177670597418
1.0533085415106944,0.9424225737812798,0.9137237348829839
0.8962154634010974,1.19800868150056,0.9685604253302135
1.1744401118372538,0.9910987918885613,1.0148334014491578
0.935264514565092,1.0927491380583911,0.9397193160233305
0.7810655070406177,0.9144475910789437,1.0330381114642968
0.8955910303517189,0.8611839702447563,0.9725607740698106
1.0533203501905728,1.0349116198842752,0.974631340769001
0.8718632257405454,0.9317316877740923,1.0325018342834822
0.8968376709815381,0.9911804865558776,0.9892154793081773
0.7973911932825359,1.2378342022776327,1.0671846557239941
0.9941652811701412,0.9767389259998718,0.8942649946763256
1.052448052485302,0.8751420202912229,0.9668506023112134
1.1210333817575395,0.9692214948322599,1.0036598433070119
1.0547772257803198,1.0778986204962846,1.0118544241467575
1.0229352945245944,1.1470692613191706,0.9439677821161263
1.0684024941167987,0.944972779810929,0.9674862117503764
1.189733365114938,1.022414781479342,1.0317953687370032
1.0631971461731209,1.0203349424017718,1.016079684299953
1.2780966558540647,0.929387703945386,0.9693548127444936
0.8648908125162257,1.1807073318266492,1.0038242508687618
0.9417462703893255,0.9258277270551845,1.0193085294249151
1.0417395815508328,0.9969274390591352,1.0459439106577069
1.2121657471066822,0.8648882237194534,1.0331590532301873
0.9449322833203371,1.0090843769002416,0.9608652388750175
1.0407055536717182,0.928082605382734,0.9827377236233024
1.1734621445495166,0.8281070624320321,1.0573222298799116
1.4499563049010282,1.008056081548558,1.0012244084238007
0.7047874698518848,0.903904493215038,0.9769530544505175
0.7912697591182882,1.0054255353500232,0.9619390011817471
1.1200949761848362,0.8572700123421216,0.9697856421257557
1.0617955252161297,0.9583102596785682,0.989593879184782
0.573310380344294,0.8937215696874142,0.9758617142757137
0.913520000544283,1.131150776113277,0.9740880795146607
0.7662510763972109,0.8821985816839077,1.0793375468940212
0.9426596202589622,0.9747531479659622,1.0022520249049007
1.0359745059248548,1.088000214416053,0.9671334727342867
1.3327115737360593,0.9537135718941419,1.0295078094821741
0.9651645235685727,0.9043515573629313,0.9821647775087204
0.7513720662682336,0.9692366397153405,1.0432451734952757
1.0183770935455663,1.0156761660506841,1.0197367600247373
1.0187437424859864,0.9697010835594699,0.9902971110729609
0.6900679252760655,1.0205075205097063,1.0369217410734917
0.8579069632709897,0.9250083871624856,1.0432455130060596
1.2142505112107136,1.0607261708135531,0.9532258188463771
1.2343896418800588,1.0079119799398935,1.0001079050469157
1.0398203589162212,0.8458432987074025,1.0196433237770886
1.2360029906227865,1.0097068069457513,1.0314695623967214
0.8719263492550626,1.0273686850156898,1.0258427434725153
0.900148490416719,0.9095723533781481,0.9936468345684659
1.121791797595187,0.874143932053921,0.9931458054880694
1.076336562610433,1.0629705340303457,0.9706037039327345
0.9951868373002211,1.14702092229651,0.9822028082605213
0.8687460827577858,0.9080647276453317,1.029675368893612
1.0425295863231363,1.0104743885895033,0.9790943265371341
0.9147680155823669,1.043928546585256,1.0382670584333242
1.1824459925566873,0.9836216063095293,0.9886315988438025
0.9507823282921083,1.030267105974108,1.0032518146736737
0.9723537757601673,1.0184694578444438,0.9562981650951042
0.9371656434456701,1.2880457571363517,0.9509668722525001
0.7520085065269341,0.9883453224808629,1.0306119457675411
1.2219273360614191,1.003483281699838,1.0132391945552799
1.1761941831737115,1.1381949217607294,1.0202559914851779
1.1085726941469918,0.979502350848533,0.997796311883613
1.0280585965098674,0.9729360921591939,1.0088871253654352
1.1745296189362218,0.8981047338092262,1.0005596351862538
1.0650323751036772,0.9491591496109694,0.9710572704607102
1.1681160563187964,1.0379914546075975,0.924402240738238
0.8605450100843002,1.0494608208978078,1.0438637779252848
0.929357895307122,0.9224338304930496,0.9217760776548142
0.8992932260204395,0.9616864207327095,1.0128138202115997
0.9469849328945572,0.9790145037455974,1.0271616934330574
0.7997475860443937,1.0663394278804803,1.01073129905558
1.5190453502901335,1.0751574439784677,1.0360787718926416
1.0766333166895443,0.9796286573572364,0.9863846081347448
1.2059553579206193,1.0112517502860472,0.9945231927363318
1.2358014226139695,0.9712665774929495,0.9732680944057576
0.7601456641762534,1.021719080933396,0.977203007628539
1.2225814299013855,1.0438166486233929,0.983463835462342
0.7779927303781415,0.8840322716772845,1.0201353526357522
1.1005058635424252,1.0397819778993558,0.9837537566945588
0.8830094377333653,0.9148734847011264,1.0308926554672355
0.9577128877853268,1.0544478611698789,1.029047211743879
0.9464531603455084,1.0421029070161087,0.9834077740224196
0.9356397409792265,1.039452743866205,1.023423051156071
1.3497952430605864,1.075507675514692,0.943532581318848
1.2624603528957157,1.0767238057147435,0.9300874800018425
1.263849585129377,1.0691773534254543,1.031896344355279
1.0271902930414782,1.0030319136077732,0.9982052109190741
0.8041994216125595,1.0196443628387604,0.993870389350057
1.0033402665019224,0.9474879374737433,0.9902995824005808
1.0668004757449054,1.1648497585852575,1.0068294721008335
0.827144924572337,0.8794054276178894,1.013956262169639
0.6668611872341155,0.9111455642454458,0.984669090937647
1.0316952466599747,0.9628155261058875,0.9609632538006193
0.600070581305133,1.0240978832672623,1.0190383139305073
0.9612767335901782,0.9675462914719469,0.9904995482493341
1.1552632471009963,1.0801955125504343,0.9626206231535498
1.223524106113318,0.9422540299442175,0.9989111212375433
1.1746162519966044,1.0216146929469914,1.02968816199454
1.0403971592765995,0.9238366619061625,1.0313254514818084
1.1563350200966158,1.0267112056493395,1.0030462647727978
0.8932786514176341,1.0044299004944255,1.057859616008263
0.7772292200537778,0.9579683225666051,0.9930361446950906
1.1086920898184045,0.9820779040008947,1.079398163050743
0.8185192998607671,0.9683973325085893,1.0533988530895029
0.9345996212844035,0.9583271597626577,1.0204875070480655
1.5063833922140262,0.9653728675074249,1.0641812459672595
0.9456026294064939,0.8796664262327817,0.9996567780047583
0.9646921064072387,0.9888134258293471,1.0355726349000296
1.0657822869723415,1.1031276188122736,0.9375133461470696
1.0287223013872255,0.9478130907800625,1.0171905960309147
0.8294664953115294,0.9176805147572888,0.9568466686449831
0.9073777869533711,0.9956634228978927,0.9389091312011945
0.9256861404669505,1.0825750069437068,1.003842082025493
1.0312143514518812,0.9855970898733923,1.0179687908381652
0.7792463277046616,1.076042869049026,1.0259128035929812
1.010011937664233,1.1650729558021382,0.9740095794745715
1.2892907865401546,1.0863030929201873,0.9719443726243336
0.7396109352509173,0.9852144272549608,0.990594113593699
1.0089426066420106,1.0121285510399054,1.0042610563633503
1.028819226179718,1.0879862499511865,0.9892389465938746
1.1356222973691503,1.1269804118668316,0.9700062201465304
1.3217801660654014,0.9274860907572491,0.9693362151956442
1.1378810592306547,1.0576976467277484,0.9210577335283935
0.9777376363952093,1.0108610200546349,0.9976545712340691
0.9408368530524596,0.9886470110945063,0.9312225278387022
0.8712480748979214,1.2235832803425382,1.0371237600574224
1.0717517765794822,1.151858005916409,0.9689636481955534
0.9653131066845856,0.82198937045905,0.983119436339081
1.3714075466188023,1.1126201090412664,0.9452124375192605
0.7231960448936634,1.0709600454383135,1.056636626331901
1.1184297671235406,0.9870481919603699,0.9812691499667124
1.119108201510507,0.9134865960921792,1.0618445978184807
0.8801934305810957,1.0529266908592556,0.9819146588576001
1.1735610184074496,0.8134105022535225,0.9621092201421506
1.0644299339031331,0.9108768745689662,1.01791778232573
1.0401179122079216,0.9771416390333898,1.0412733232740727
0.883805682449576,1.0662971833621162,1.0009697807469886
0.9815484662993795,1.0939400778582673,1.0265605890630587
0.9395362657913138,0.8901375091958426,0.9423689461253049
0.9271303647170215,1.046661905464806,0.9613140511356179
0.8463792403972412,0.9237349114724018,0.9466813360382718
1.0803965767841759,1.1288475485087042,1.0159363131981742
0.7717790586127149,0.8435492105929483,0.9017469479196428
0.7939096744064198,0.8299654845526498,0.9792533725065101
0.9520391734717797,1.0286726586112742,1.035858675234101
1.4231065666013467,0.9569324405190744,0.9567367647229893
1.0661249389278367,1.0963012549458022,0.9922560559096395
0.8810598304128918,0.8747806357408324,0.9970653473308535
0.6870102546164647,0.9815098438944955,0.9545495287161284
1.166769515168702,0.974274070024992,0.9883974147824315
0.8489410475147965,0.9862602014051723,1.0333622042899393
0.9546242092915731,1.1237283519519685,0.971125549044531
0.9402334128901451,0.8299798908988552,1.0011181778155809
1.2540615699811908,1.0795889908959992,0.9799512189337948
1.0177196350722997,0.9562502411903566,0.9738469759412612
1.0433464324513133,1.0436481736414296,0.9773591258143686
1.2475085234873262,1.1131381141251064,1.0189424178691058
0.7847094351447358,0.9877636542807603,0.9407308670580057
1.4020959030810025,1.025628481733458,0.911271444200857
1.068980791882588,0.9431225583855221,0.9682141892918318
0.9263697612268831,1.1314153132527744,0.9378858145669073
0.928834270843002,1.0573674675562157,1.0547568412321133
0.9009568073704837,0.9678247103745242,1.0383432481873291
0.9989034794637525,1.1557044519030968,1.0459908647678626
0.9252208888533227,0.922589678962523,1.0662295050795814
0.7456045861743733,1.1211264297285275,0.9654349520947717
1.259200884200602,1.1257808345118003,0.9588044413970053
0.9645431234719959,0.9361499676837707,0.9565536077848961
0.8999983258143156,1.005493561872974,1.0079588398284525
0.8403109648336093,0.9315026649252252,0.9914750507351595
1.1889299113254932,1.0091155198447463,0.9828544968822076
0.8151718374444936,1.0722422068341386,0.9766191122335597
1.1401824864614691,0.8299604650924303,0.9380598356611666
1.310113349041741,0.9382848726138346,0.9926896191798825
0.9999526907884251,0.8977230802737386,1.0237923640497923
0.9737812706651892,0.940918992515872,1.0646977675249867
0.8509728555701842,1.000147169949448,0.9974570952446481
1.0095979349543087,0.9899791111129013,1.0838190407367936
1.06708430702681,1.090000256277786,1.0047311555555256
0.9834171491569673,0.932714201097036,1.0918701944060454
1.3126733652580738,0.8436834575549774,1.0323884688230602
1.1452714466976641,0.8880730325786407,0.9632716336631916
0.8261984881890894,1.1458101799557303,1.0560284824705388
1.3061362717416038,1.0234235545889152,1.0337630791310273
0.9329582931151734,0.9509311783857775,0.9794675683595645
1.1084695381589755,1.1709443430236641,0.9977989003862747
0.7024581804126034,0.8146671024335363,1.0143891644104084
1.1717973299694604,1.1053332743442426,1.0509923331051554
1.1625646246167296,0.9814951480819899,0.9915153004138028
1.2292394407641778,0.8732898696967073,0.9940431234208488
0.7835395171651889,0.9179004184136959,1.061667447637784
1.1074532457599158,1.179257263743462,0.9606010440246248
0.9431588060942179,1.1077183500853494,0.9444443816419706
0.9444954306146922,1.3120520720024382,0.9996007647093906
0.7838668869549986,0.8576684485998809,0.9467810035780472
0.8620150341729835,0.9784535057462626,0.9942484291817449
0.7280248114310837,0.8539831371145044,1.013189698232783
0.9499272693525211,0.9762054055115031,0.9591723770301067
1.1132304617118711,0.8808470673029332,0.9865138256349516
1.0243558820229355,1.177357891284113,0.9955287169828222
0.8688196241536305,0.9653354163690853,0.9948916100210062
0.9395586979878268,1.0413256952580743,0.9910802437378115
1.1459222118436805,0.8570336532667724,1.0318254442093269
0.8337419905039276,0.8446511460255695,1.0190428518043222
0.6815084751138591,1.0035352018839467,1.0626174189360738
1.0635619638209446,1.054593514600075,0.9971174853083781
1.0060660520217126,0.9881528265902716,0.961091158799188
0.8226809466333047,0.9389249630567987,0.9891080317163116
0.8577608855545027,1.0757820618592808,0.9715515078972828
1.0686233218718764,0.9454484714310255,0.9177408005104581
0.9468540110577244,0.9599847949704734,1.0329591616676506
0.8235831606608498,1.0973040062035537,1.0103570374986726
0.8122711476085608,0.9561848898276262,1.037373457290551
1.2422230616715777,0.9066492413117377,0.9766084360610957
0.8375659593020328,1.0160095464311496,0.9734631813967963
1.1042856517826278,1.0352201070542886,1.0462468848819535
0.9724228700666803,1.0737173464580856,0.9505849007388892
1.0197228127910773,0.9024812218594195,0.9672097468296347
1.069394894503397,0.8629745521729313,0.9810400449654448
1.1968714555198037,1.1283017774063107,1.012804844372112
0.8578848685333609,1.0321677487826046,1.0103152211572806
0.6716882761065956,0.9845267285130672,1.0021709952692637
1.0458811753819548,1.0769137642655326,0.9935724891505244
1.2100664693951009,1.0978973506363787,0.9914438139195161
0.8237308320682637,0.9810515359730909,1.0187929317054805
1.2897045956214872,0.9695383659647763,0.9776135258272909
1.3878138990996947,0.9802238802126879,0.9918706854838018
1.1844805133158989,0.9772329498073613,1.0098558027942774
0.9404480713218023,1.0773214398768716,0.9764269878383942
1.3917334479510854,1.0193064398333442,1.094006162272156
1.0344345016772951,0.9892017773853472,0.9963475791017672
1.3748025329036744,0.9878004133459183,1.030182976412181
0.8894196574849547,1.0767020814059143,1.018190376197688
0.9996818612621399,0.9765176156239994,0.9666895411487587
0.6152073863450442,0.913603095024628,1.032862876631686
1.0054012029656882,1.0377357512354313,1.0094858236878381
1.2087012372072006,1.1594299753306667,1.0015648974180398
0.8400510430355326,1.039206307042662,1.0201175018040054
1.044172252707539,0.9050795294883145,0.9662944866995126
0.8832876186139329,1.071181919491957,1.0162754430223233
1.2335443654528888,1.1094116462074426,0.9524591911356595
1.0773919477139353,0.9281622530672782,1.0362089148366107
1.2559051252543985,0.947755309232899,0.9537628186121366
1.083569041926763,0.9148250502472077,0.9887004774208604
0.8976155102617679,1.1142442420684686,0.9610317505971601
0.8260882999230534,0.9076022039255064,0.9376051553516863
0.629386952820752,1.1289217755513832,0.9984427520826634
0.9204681625414678,1.2510628164888158,1.007527677551448
1.1781706979238917,0.9439753938392896,1.0121251526235775
1.172661953667419,1.0347441449187305,1.0566329207617275
1.0151622117880865,1.0344345659409833,1.0044200777331675
0.8874122633319251,0.9251861817357743,0.972322811906776
1.310150476656877,0.967351050519877,0.9960851724955714
1.1667633774979398,0.8793689435192721,1.0274041171506771
1.0446837753688782,1.042264149834796,0.971337150970784
1.4391679160975674,0.9886942092843745,1.003386079835462
1.212287251180015,0.9850223042308663,0.9937247914600135
1.2336676498118462,0.9977024020301448,0.9669833833574991
1.040619006720555,1.0475222420927324,1.0480320092586732
1.107254852059158,0.9827788959705328,1.011725111211108
1.0407677219177163,0.867547204553963,0.9502463073682428
1.1676323123644645,0.9435221362033571,0.9636180172729709
1.0291656769472541,0.8747372902426793,0.9424019482213416
1.2038759863072874,0.9605871356171317,1.0002716825553624
1.0290144962373295,1.057070971520214,1.0476698806120457
0.9115992143579771,1.0322269579189327,0.9736656439253331
0.8668026066782877,0.8381369662188669,1.0120447065472504
1.047398059636964,0.9722332826104245,0.9900116290099578
0.834264643534485,1.2305369718978194,1.0289834420289126
0.910610069728865,0.9838467914668616,1.0269798305842237
0.993942531033341,0.9460733501429088,1.0111732537968334
1.2723699032838027,0.9112587648352568,1.0401151593581341
0.9425756165895198,1.0326457953716257,0.985483904888612
0.7373464037011199,0.902774662347073,1.0120861012841553
0.8357787800102784,0.9105278988458778,0.9552188831931302
0.742683428860406,1.009979723430586,1.0216591400033177
0.8423784246444709,1.0861086342512303,0.9860372163143473
0.8226338436065715,0.8605069594200513,0.9968240201160171
1.2273036208795627,1.0995890315207566,1.01565074519125
0.7821782028941877,0.90770374339153,1.009322418985102
0.96120315371016,0.9691723496142315,0.971119649411668
1.032921889623959,1.0087143486851944,0.9517018916846777
0.8197550909889619,0.981899627991874,0.9935291198496136
1.1837735748040972,1.118343349627041,1.0691648317882005
1.412638558977719,0.9718454785220739,0.9545922310161084
0.925882237722223,0.9536618293814025,0.9764564573031471
0.9717453605824703,1.0975720188632105,1.066018563662916
1.155101693053159,1.0352725696299023,1.0560951897137263
0.7959090510556246,1.0965389929665001,0.9584002410617455
0.8599977460627282,1.0222462250647,1.0239788051432004
0.9505926403697926,0.775929902774759,0.9524774737814017
0.9875820778124638,0.8232542928845598,0.97666781862402
1.0873149129156383,0.9955781104383994,0.9722053962798826
1.0956903588260238,0.9758563358032051,0.9885411841205033
1.2273416503232912,0.985163660364853,1.006085584148395
1.2014523674353235,0.9432379801031407,0.9190267334204073
0.8052125104722294,0.9558087127837064,1.0517782364751345
1.046093571929535,0.9659067153045601,1.049556257357775
0.8661297092500975,1.0342516623941205,1.0312766886116784
1.124215941033286,0.9342844739045388,0.9954269847172462
0.9440458442799329,1.0895067209019067,1.0625394068168819
0.9406981923256879,1.1281067838320147,0.966309533069078
0.9558862452341699,1.1752899053889148,1.0197093302861928
0.8735320255942336,1.0271706809793772,0.9957197496294801
1.3647580992524022,0.9333354993463124,0.924811575613083
0.7663858361604978,0.9722316047972154,1.032749603591074
1.2123242312469573,1.0458638516732945,1.0022617220587655
1.359967658203867,1.1127479497128543,0.984237247519462
1.024046983790087,1.1013526813964682,1.0373980289664855
0.8825025132665438,1.0705381081974497,1.004146142658256
1.3126857256144668,0.9866581397205585,1.018413303137443
1.2215996192900866,0.9463361646391516,0.9349703696581871
1.0186369880999644,1.0845999495337522,0.9396994119432872
0.6551109541280233,1.1595595974181205,1.0338289852964
1.076537432626191,1.0373726083136972,1.0103507764938795
0.8169463092869023,1.1166938780706441,1.0644550585069297
0.8532949696102062,0.9310185200668766,1.0106485345783847
1.103244754994754,1.0638598652748466,0.8989750299135277
1.2198910438238535,0.8640376702544639,0.9845216147560384
0.8414920771173842,1.0262439688489793,1.0079234247543354
0.9952202766318989,0.9610550608747719,1.0016177761851526
1.0919786460060492,1.0177618340644332,1.0015673378667707
0.8556273372049437,0.9778697585821858,1.0203204535357777
0.8677322284811056,0.9823750872277371,0.9549239208149025
0.7433995910683805,0.9865272864173558,0.9678285012236718
1.0872758302160777,0.8351578372428013,1.027268516343377
1.6370022918523954,1.2277612880370878,1.018934305926116
1.033274571033299,0.8785875945620893,0.9954402257951515
1.0369697935873283,0.959352766757086,0.9750223737492223
1.1919519356597565,1.0200200408550129,1.0002465765503552
1.070765610879931,0.9985958171834199,1.0003542727730972
0.8024019174349655,0.966952700809746,0.9623150857784702
0.8526130007797323,1.2052125713450073,1.0600051930784062
0.9775443243833895,0.90833784722576,1.0442098805687705
1.0675450846193988,1.1225478805760045,0.9966627786210595
1.011897475049271,1.0335226070291972,0.9907366464071107
1.0287344861675198,0.9848118029303485,1.0379282065513458
1.1085859521217643,1.0891953667081968,0.9980294928853759
0.7590406053566008,0.9232583115182322,1.0036046105044825
1.0304184280372803,0.9148053801341156,1.043740261718404
0.7627217783947418,0.8945192327653637,0.9758723722869259
1.2232692772014047,0.9509810071687708,1.0181607024507813
1.1681310823029798,0.9113067336692484,1.003309516835408
1.0500262698177587,0.982034007239236,1.0217738742636846
0.8359425507045684,1.0333273799037883,1.012898561309624
0.8613947341397143,0.9863431987403162,1.0062990040104445
0.9040610764265442,1.1128305243898557,1.0197944200974727
1.0731072620841031,0.9149775685797092,1.040771224107921
0.9027904640421922,1.0024231800747,0.9671186205571116
1.0428155300852793,1.0754922611967006,1.0033555348605965
0.865780297045726,0.9875603596351354,0.9662079775576317
0.8564563029617502,1.2079784073535293,1.064834007217019
0.9897251523085618,0.9827153513201551,1.048213220682311
0.8039265821868682,1.0668599174346016,1.048537068030986
0.9967780445773081,1.0138187171692565,1.0279031545169597
0.9916477859350632,0.9689581693766529,1.02446075821443
1.4188519131602744,1.0807909725974256,1.0360645719637325
0.8862522888350737,1.1219624600053884,1.024894061930168
0.9027438660945348,1.2706686837949945,1.0026242902862632
1.2154220278569956,1.051475898118056,0.9719796365828532
0.8125395788730672,0.9598508703971957,0.9413207561399201
1.214674498435795,0.8425422519379704,0.9872532053421104
0.7704758042579374,1.0067518777039481,0.999923508622266
0.9644549613343243,0.8842256125144548,0.9894933147682613
0.9738736510183106,1.0959128037065815,0.9966252834190596
1.0398741031010381,0.8963601045873284,1.033500760149167
1.354494656732851,1.1193398029426886,1.016301336790733
1.047831597386852,0.9651168085013875,0.9828328042662889
0.7312929242775106,1.0326120946631678,1.0366978677893144
0.9912703048481546,0.9375605652918029,1.037942401950401
1.2090460777363572,0.9507271324392154,0.9856011614975428
0.8004642779844089,1.1297864019392934,1.0241993866074668
1.4311556508621905,0.9369485252560859,1.0033574181445968
0.8127185797885635,0.9392356040868982,0.992822746995146
0.956814335007249,0.905832602286653,1.0274380368413158
0.9987427310823145,1.0906566172128844,1.0156784246341195
0.6935355045775187,1.1598870122474376,1.004769135966619
0.9167103301832743,0.9822000590506769,0.9823866699436534
0.7325393076725215,0.9367230008741557,1.0012433874801407
1.2497412057028092,0.973241540661366,1.02415862806038
0.8543287508960331,1.1037212076025162,0.9644699916210895
0.8101131617857363,0.9347558620336547,1.0074750434480786
0.7436396799395302,1.043251957785789,0.9900606093358734
1.2662350105148936,0.964388037465164,1.0466880728185737
1.0344833799226405,1.0702326862862543,0.9997152958496782
1.4155388974417302,1.0485691445909724,1.0243521288352142
0.9251700751407791,0.851115086470386,1.014365845553516
1.0461928314783495,0.8747409692908328,1.0187081717015034
0.9151510092020783,1.0731865288533458,1.0210911654782586
1.0384273677446911,0.959417421850907,1.0501101973978086
0.9246355215047108,1.1207650255440362,0.896293718328419
0.9970300284230431,0.9623565964316871,0.9666033902586358
0.9368255194569125,0.9227512275324435,0.9978345079906564
0.7202303620034722,1.0767432575141993,0.9615051683444215
0.9745393610629289,0.9218339990694276,1.0214958365400195
0.8828908038411527,1.018456393625558,1.056195169399449
1.0130074951459744,1.0700273453416806,1.0306268024591507
0.7037479881381862,0.9905005891214169,0.9551042086305213
0.7568464324117108,0.9444009262562832,1.0121283300807244
0.7926598578146425,1.0380248597213264,0.9685742838986031
0.8939377349155826,1.0486735459171976,1.056456988818857
0.9920522301377037,0.9153875631962345,1.0658400331165145
1.328144585739675,0.974192199493764,1.0244452100528314
1.0882133815730575,0.9531395857567426,1.026014999286504
1.0517833990706589,1.015708384418632,1.0196620761048953
0.8124812367014529,0.907199524437363,1.0233377118416427
0.9529548230403949,0.9663705120235129,0.92042271631408
1.220244583035332,0.8656348655530153,1.087434417203825
1.1329699168937364,0.955245523496397,0.9452946933941178
1.0244421437455773,1.0928480603223414,1.0235404468081517
1.096545546744336,0.9353267179364492,0.9980291812115641
0.753460151161077,0.980669304795069,1.005802183011684
1.1975135697309074,1.00143239611275,0.9999955390566709
0.9343553616436001,1.1802476838715537,1.075143737264318
1.0362719535193314,0.8645817201795996,0.9442961429957313
0.9245484466760789,0.7994440971040059,1.0254117617864844
0.8998072989863379,1.0359644799147985,1.0185521375562814
0.8949314876671981,1.1013199799991782,1.0406660962391674
0.8017112430816592,0.9662004797471673,0.9492606552111318
1.07900760111192,0.8923460172592591,0.9918992514794187
0.8679079755506154,1.0196088587642804,1.0186068138538855
1.0751401521082993,0.9671301496484226,0.9806098298120903
0.9396618545722213,0.9156380111681811,0.9350916816439602
1.1813872874574176,0.8266144191110638,0.9909461151962908
1.137523641664031,1.0762524460777059,0.9489846057452143
0.8788093080548074,0.9979956354621846,0.9872616782465418
1.0318390127717392,1.0588969621257374,0.9395607188028882
0.9218301553542574,0.9225726601621588,1.0374042505022185
0.931221483034347,1.1297917976792435,1.056992708921311
1.1690719915360979,1.0926519117488194,1.0792714511303672
1.0676104525276227,1.1128237838810777,0.9963423124274611
1.1594589110634443,1.0412386892293475,1.0146781599513888
1.2570147867771655,0.9897032711255132,0.9580971631364336
0.9980063684853641,0.9884810391768264,1.0144683001002157
1.224136965788162,0.9875376042705497,1.0357248788889257
0.8792374455793034,0.9394381620646957,1.0394189914413294
1.1806154867462082,0.9545233156528783,0.9498327647863327
0.8318205819232907,0.947094491972448,0.9241256072614773
1.0997546623501695,1.1436779976163123,0.9819977928836744
0.9116728390354698,1.0545227632271086,0.9713249543034385
1.0597960902430077,1.012844984744159,1.044616764795106
1.1161247912408263,1.0782379682752592,0.974547022118316
1.0962019694628178,1.1013152010821479,0.9756368067125215
1.2072564059934077,0.9412024975327228,0.9960075108777922
1.2005973279111557,0.9967786517112417,1.0365217565476998
0.704878423499391,0.923671288784297,1.0238596964387698
1.1747918409189015,0.9279393877901737,0.9835744528108498
0.9549827855395615,0.9385484649254879,0.9781571936830568
0.8849479232159128,1.0459950677015781,0.9974092856151061
0.8854474029257603,0.9599973365673554,1.0114602909277022
1.2849494200797742,1.0207315410318092,0.9793487201961808
1.164986069482412,0.8726449491244985,0.9816997299658025
1.010344762205267,1.192935814365227,0.9862488653389591
0.961685679829148,1.0400617350820904,1.0655761610907986
0.9893366988586193,1.002626819083105,1.0275967163872846
0.9516184163857608,1.047903685413852,1.027181707591025
0.7448774350003633,0.9280606044705275,1.0015459842935404
1.0896147283064468,0.8069388105146602,0.9937553649545535
1.2697604384490846,0.9036894652896327,1.0481249432765745
1.0771039822536193,1.0120172286810913,0.9994585414956223
0.8524192023176379,0.8680282115418662,1.0128838717718274
1.184433090357435,1.0303236803422324,0.9681908698472906
0.9292292751347191,0.998822509253342,1.0178749859813723
0.8206087203636424,0.9530984176293299,0.978366069330599
0.7732609713797792,0.8915285861047795,1.0022791592947153
0.7205294583886053,1.0083600745466534,0.9454095617430771
1.0322744552050178,1.0942937697066788,1.037896933091438
1.3260013658172949,1.066795372874648,0.9608379405805779
0.8264285048976845,0.9266090543306073,1.0392237015677857
1.1226543862022484,0.8292939589425887,0.9783890993324468
0.8929923471399392,0.9682836428608079,0.983263386997988
1.1700744316950211,1.1551407840115533,0.995878122495876
1.1334148790106169,0.9636971691786193,1.0607844749947553
0.889245947121424,0.9528445108702106,1.0419972202226246
0.9613446575014766,1.0592800547280004,1.0216857400310435
0.934893036129067,0.939770834549851,0.9689668081578082
1.0226195023272742,1.0047112337062372,0.9861640188509156
0.8356973121272724,1.122480547693144,1.023005366284253
0.9704421000469889,0.9305826058340712,1.0554674969266105
0.8838034331345933,1.109734872679502,0.9562155836582221
0.9976101655728624,0.9196909272557412,0.9462308560487882
1.1873204259815546,1.004371058338333,1.0133646195329873
1.208873292443919,0.92223362353607,1.0293201776692829
1.0137676582798099,1.0867613417271715,0.9695638842199936
0.9936866007291585,1.0102876127544933,0.9463340313649016
0.9391718249500791,1.1101956080710693,0.9537066212065985
1.2512988481597813,1.0025245284475999,0.9745201623369418
1.1087633734770115,1.0446944808390155,1.0066194309646745
0.8816854034769134,1.0387043486778675,0.9762538544160221
1.2165998511791505,0.9439624682280481,1.0345477086665713
0.7630056058413484,1.0086590155302382,1.0417361101154041
0.9873111482669079,1.164802238498158,1.0333277337999613
0.8963606802879368,1.0065538177704736,0.9589096916233885
1.2626086187643617,1.0456478647410465,0.9910799914623739
1.440306924284308,0.9547250209084815,0.946717473128027
1.1281845704820588,1.0174973299804084,0.9841440163660341
0.963858529829474,0.8579780663616986,1.036976969309529
0.7787152123953716,1.0543109112664126,1.0453027942198254
1.177755777246337,0.8917624772725148,0.9764044211987315
1.0415315842205395,1.0674579702693903,0.9396781008882661
0.8965709638685521,0.9249453732772615,1.001622746807332
1.1939490132330481,0.9144277425711299,0.9825633700461546
1.1629410578696175,1.0036876051605095,1.0483306662059257
0.8954338501926346,1.038833593930943,0.9505283923550545
0.7202771355043646,0.9087586168996613,1.0017785803365769
1.206517391015437,0.935686873221274,0.97813254717877
1.0254406967141008,1.0011969487170034,1.0297900968787987
1.0622375733312377,0.9664971919741494,0.9677622715101452
1.080254247815255,1.1615660662832745,1.014744789217888
1.2638327032551957,1.0775479759536948,1.0510809913093964
0.7985397021538863,1.0389230526224378,1.0600062618946255
1.3549962366992117,1.0574535812129937,1.0080415256678086
0.9543363077349982,1.045890798279211,1.0076850299444942
0.8979094488244963,0.8824271851832701,0.9698041202655828
1.3080318591483024,0.9631856109969388,1.0040657955800558
1.1120338485887014,1.0359044670444575,1.0190249386797594
0.9481035302418617,1.0473464782692434,0.9575213989560497
1.1601864812358609,1.0433019633920746,1.0123515975207125
1.092411110615937,1.069776091135413,1.004613090769531
1.1369478708091272,0.96691933336826,1.05502005898348
0.9590766288055741,0.9803144185011423,1.004500339713934
0.9271013423636808,1.0255791157291294,0.9830958056854812
0.9840424368784328,1.0509943697304394,0.9505799557128082
0.7950776231966857,1.015278875281576,1.016402536324491
0.6446249214030582,0.9838292436448532,0.9852738158715001
0.9813040214922398,0.9825303587384454,1.019532516236407
1.089947191906035,1.0537627772165394,0.9568382071408389
0.8401954203266275,0.8967680637309288,1.0502740482430366
0.8944909590796166,0.9406502377968375,1.0118366023888679
0.8995336234725587,0.9706031210537247,1.00883627097624
1.204387983112132,1.040050873280021,1.0360720415478415
0.990805960290773,1.0228544684560477,1.024551041698304
0.7776617798932919,1.168191266920641,0.9941438254690471
1.4456389792360675,0.8973590225280634,0.9840269200411913
1.183079575806226,1.0046313669672022,1.0370504499573403
0.9836264137901735,1.1037490353813177,1.0260859157813265
1.0047417574353759,0.968313073279202,0.9987752911677016
0.8667786744721018,0.9744114775546017,0.9805975133035414
0.8086410151680001,1.1039266084434745,0.9697218892367258
0.9334034175646179,1.1885993129411387,0.9542454953519912
1.1408028917558979,1.130187797703436,1.0090154651683731
0.8737861472800609,0.9481040248884205,0.9661817359226669
0.7556998357966096,0.9228279124682892,0.9950547662747874
1.24660798289396,1.0557181753380274,0.9808653816897414
1.110105729268997,1.063724894684251,0.9705552167454704
1.1934071892671327,1.2028106492537556,1.0974320342213972
0.7736048666254489,1.0588569589499375,1.0144249914320438
1.1433044283205116,1.0704842253279823,0.9899632671130609
0.9093515658040233,0.8752327958902091,0.929722666478796
1.1224536818197959,1.0052536754528985,0.9701734348405034
0.8868853061533364,0.8977092353421408,1.006742428088425
1.022481943823536,0.9666109509610374,1.020017619072856
0.9046032623423279,1.1230378529368563,0.9833973942946092
0.9633645057119281,0.9831074869877139,1.0606647625552041
0.6663832304700491,1.0857000100011056,0.9880522783395209
1.0601426830940741,0.912002515059716,0.991860670686135
1.1051048390786158,1.2024775027849772,0.9667725488796997
1.0751712302308636,1.03967709187196,0.9598637867609382
1.434895018463608,1.020028694712916,1.044200278946966
1.2100757940911557,0.8286911382779054,1.030770143177082
1.0253509505200535,0.9916364995928895,0.9700229548918283
1.0179545575444613,0.9655175840493229,0.9410850834589711
1.082056726322778,1.0801476563136445,1.0048039603960202
1.0038953759899265,0.9108117946382208,0.994876063646819
1.489920244739791,1.0088736104992155,1.0536721707677084
0.7831050573393312,0.940447213945171,1.0059115541269317
1.2401616104283957,1.0865586715362752,1.0539182643903935
1.0081736682453795,1.069401265308672,0.9533996686494058
0.9483417723878838,1.1688378322729993,0.9634621173617077
1.2555913310595617,1.0951284245410833,0.9781154500483081
0.7264066422172376,1.0548404355088792,1.0254249015435082
0.8433284553563731,0.9684434226340963,1.01527022682297
1.2221995159110048,1.008415225852895,1.0785063843663252
1.0296493562915354,1.1187271384434831,1.0115243789814803
0.8757488868449952,1.032585438178935,0.9780529907978813
0.9144781083406164,0.9991195337696384,1.0541858225022407
0.9394070181609555,1.0687899528066511,0.9968020468445893
1.1053011178049208,0.9538405994161222,0.9476563256509847
0.7578503095025474,0.8555055407804498,0.9634013190225265
0.8492394381648829,1.002062122231694,0.9894688710911841
1.2352670355499478,0.9395128848146367,0.9917566525725494
1.1426138021073105,1.0250514953128373,0.9852497897875002
0.9120476591899737,1.0943539549020058,1.0080599319837098
0.8298996232293886,1.0610727651143153,0.9532990875670984
1.0870934497667115,1.0134808580714652,0.9981240804533803
1.0040226324367767,1.0693383771815828,0.9688614775709036
1.0187083551657516,1.09493471194188,1.0210828718780227
0.9288880760216083,0.9093574458545608,0.9746643162460581
1.0547778199369349,1.1446534883039399,1.0013697808726585
0.9170854610109158,0.9213468338778615,0.992824536776369
1.0030995676184116,0.9440013779294973,0.9614991677944501
1.0745984488792981,0.8889411457436817,1.0363033854257864
0.8383614937327895,1.0238843896670091,1.0337317170888596
1.2859407465336883,1.046456283960354,1.0103141978424495
0.9064773847626473,0.8326024802699963,1.0048627516676225
1.1926561412376224,0.9899259892618002,0.9660048946884915
1.0714112236910962,1.023929205868639,1.0501681889130088
1.2618470926645324,1.0822605406830348,1.0328360512695423
1.168119475268389,0.9855767735464784,0.9791052436925226
1.1625294275294555,0.8850311120077101,1.0355162068804231
1.1959006142440174,1.104131392975245,1.0409154267923955
1.1296091176021579,1.0063159252459433,0.9675782716099084
1.0053995324380274,1.1510693440017594,1.0220272296685302
0.8326213332275273,0.9906508529737228,1.0003163018740864
0.7441756500021106,0.9639308759941213,1.0321615423601862
0.8809786872096623,0.9093636323556173,0.9980134466426785
1.2737528786321495,1.1374140450845402,0.9993577675475489
1.106753467871648,0.7367724878321575,1.0320960182746948
0.945384597788381,0.9580653998933119,1.0338266872321566
0.7935674164677887,1.1602802909496073,0.9894529711837068
0.8150747020300722,0.9887977968891362,0.9748988628517267
1.1391997024071467,1.0112221722096664,0.9687060182240105
1.0832809142926731,0.9635430213293827,0.9583399979363033
0.8171807358853557,0.9787225444350158,0.9946306465037994
0.8826503550283711,0.9919721528528603,1.0153064530585765
0.9532972290282007,1.007538209671856,1.0299723372063057
0.7851011371198794,1.0793106066710336,1.0615821774889576
1.0396029081105955,0.9882816647890913,0.9599943841444184
0.7402007752380457,0.9888110432806693,0.9880230826425356
1.069139766312663,0.8458846794948345,1.018139998185458
1.058543338723123,1.1348012704699622,1.0092628904090475
1.013435923004084,0.9433786600218956,1.0048826885356419
1.101998604668223,1.0177134417497289,1.0160347608855602
1.3272288411881439,0.9152061279950163,0.9810339590033657
1.2288478180095925,1.162958757466313,1.0404678545734922
1.1428279384978932,1.0377054234209542,0.9810065057427094
1.1287634354459324,1.08777571451781,1.0005439128185931
1.132683465954114,0.9603716121660038,0.9710625611481896
1.090180441671421,1.1287877079812323,0.9887775578104273
1.1982604273506996,1.0405356759495312,1.0177549046771326
1.2034663612430854,0.8870532559846177,1.047474648175679
0.7314290846841786,0.9350376866808006,1.0014501161441434
1.3421134338006862,1.0630359848538646,1.039452106398122
0.9584658725559722,0.783856980738475,1.0791065841137193
0.9030904377843885,0.9851338390732254,1.0021449818684864
1.0465133323233622,0.9116595986670254,0.9977374000676633
0.967335754680849,0.9298532591167503,1.0217748330188858
1.1950089276926579,0.9816724255089961,1.0189023648528208
0.797561469818122,1.038399718603105,0.9345752069378852
0.7280852827645182,0.9209345149328643,1.0738138971197204
0.9005914647205,1.0186230660640374,1.002200660809662
0.9855188347890838,1.133166395190555,0.9752140555350991
1.039186928966569,1.0525280475367447,1.0368952620608551
1.0264311282509626,0.851925319814401,1.024190068217431
0.9936524991963273,1.0784652920770248,0.9944822745549832
0.8520472444510057,0.9058279629264608,0.9848011029092278
0.8133874567334372,0.8569096205615293,0.9575676181868386
0.68487397269518,1.060903180194321,0.9748677581966513
0.7750531962120598,0.8650980464234126,0.9864432985099741
1.0310559120977156,0.9573854076473312,1.0298493339280375
1.144669431969396,0.8876206333439114,1.038458243060137
1.1292363273316535,1.0167212266991876,0.9857006277221304
0.9597671919972656,1.012332114958087,1.0112316651448838
0.850509628140582,1.2424222035974277,0.9945866946722047
0.99136120309896,1.1732987468095881,1.03799192909763
1.0901511983085121,1.139791728024952,0.961252103162597
1.1326943739628752,1.0754259399853663,0.99171119020507
0.8315538451873334,0.9585240936022923,0.9732130302959122
1.1800511104559843,1.0181392829641154,0.9945644734615716
1.1033544443050265,1.0116075270064642,1.0037158763761405
1.0423682969291597,0.898770402586504,0.9940038890784401
0.8733759126072909,1.0796314859868632,0.9835133509581059
1.2252080828829142,1.0036231394977486,0.9978866589454168
0.7945919949477547,0.9370366288771295,0.9785311232389459
1.2160239334281004,0.9741953492116451,0.9990802849267425
1.2004466353515397,0.9853770183421071,1.0647164226226546
1.0027852052639492,0.8994760743297185,0.9794530973882573
0.8742148960382774,0.82718824447773,0.986013254094825
0.9551000324170644,0.9479626011544336,0.9578932341588654
1.194692076414298,1.0213886284378235,1.000981683185004
1.0321914729574018,0.9418351989189003,1.0482588487890894
0.9491051657806431,1.1004223417062848,0.9624932322095493
0.9557910909253597,1.016499139722078,1.004784210546573
0.8356166548325366,0.9801516156069039,1.0194899924005938
0.980675443837432,0.9730743006971025,1.0376627050142366
0.7165393308782655,1.0707347326011367,0.9851680792824388
0.9611685479167796,1.0240274884988743,0.9768109032960615
1.0361698749968045,0.87519954371645,1.0863872133831816
0.669340896022051,1.0718900001959126,1.0335875980448717
1.115066951718979,1.0833089420065103,0.9734373012280995
0.8238483351756075,0.9163629271883456,0.949848674510724
0.9475211048292713,0.9177938852241693,0.9792763228919159
0.9500826503928274,1.0555675403141376,0.9997598860545613
1.1089824502659695,1.0015004845050208,1.0525229034074577
0.9878038270992973,1.048001102426926,1.0535689479740764
0.9870532443109605,0.8766251185895596,0.9887923017458001
1.4141489598114036,1.0469040486365646,1.013911748942198
1.1431840902894712,0.9885757726151335,0.9122030779855174
1.022138182636881,0.9874515806503601,0.9851198512112543
1.2611490416067297,0.9956593379521896,1.046584900695642
1.0204474988549228,0.9977231518052613,1.0270016623475196
0.9759827604347753,0.9925220418392977,0.992108671275021
1.0076683613486863,0.7671096170686353,1.015418028426227
0.8992485374123101,1.0334797446883512,1.00593623921951
0.9473319388871613,1.0817906077048522,0.9474917028065678
0.7348149368613545,1.1379828963354361,1.0320608295002405
1.4015146730436303,0.9979743523479245,0.9934341481400207
0.9333470336151007,1.0760286361884177,1.0227620848620507
1.1029138141324313,0.9256947725410286,1.0374778167582341
0.8721789321157237,0.9850103363690481,0.994782603426326
1.0542397216623915,1.0377023956221108,1.0996659669155695
1.1404112943563711,1.1049609383911152,1.0439450576003628
1.2706316164135263,1.0927838434183434,0.9747469853187599
1.1931653921503917,1.0962667289149732,0.9806356664933279
0.9168516830727036,1.0178450187424246,0.9896706693509477
1.2014003985849222,1.0121928860975522,0.9962286822885882
0.9639639696363341,0.977385832647561,1.0038245996243682
1.222705847126425,1.0038948675264296,1.0068445214403299
1.298455526205554,0.8341273473899191,0.9367050081833611
0.9646912548317491,1.0533289836999677,0.968574993032194
0.9116819466712613,0.9755164291434851,0.9961937242151131
1.036713739555066,0.865875595293861,1.021568795851423
1.0067133626883438,0.9579268974359574,0.9974104154151281
1.0336895983616072,0.9945032927862827,1.0136307811941618
1.1948342816547246,1.0363041164111566,1.0898537646029687
1.098359079001834,0.8409848278000114,0.9694744478457125
1.0899455492620718,1.0246809126308498,1.0617175032385238
0.8893129221230525,1.0109140389136182,1.0202455761296454
0.9281140367335746,1.1755981069522132,1.0521967445572364
1.0967317959167016,0.8013370269188512,1.0069247260838408
1.3619391229366298,1.0522948973427773,0.994897192313072
1.1377716489406993,0.9391989508839845,1.027173126234756
0.9541392148867825,1.1289267992140415,0.9769669142613173
1.0433339426418067,0.9331179836963196,0.9739590204461371
1.1468235848695711,1.205453509939191,0.9333253071223314
1.0535207831842586,0.9318164063847465,0.9115401170013498
0.9374748336298223,1.021507551582492,1.0080590028168295
0.681438083534519,1.1999024913179883,1.07325157015965
1.0236446239002404,1.0233791116091866,1.0181688548841874
0.876370265611453,1.2467668748668401,1.0368998414191208
0.708003786045547,1.168735893438885,0.9863287661578108
0.9618175913758562,0.9098698611492376,0.8900609334080078
0.8766012025682541,0.843687689336212,1.0033132004726169
1.0074286678909754,1.1510304298511844,0.9423307995902506
1.0327025189147998,0.978689380273644,0.9458797416909285
0.9675554660132859,1.0190938404884804,0.969030417143192
0.6871929672790051,0.9655466246494645,0.978288957628641
1.200463490602426,1.044928199621256,0.9747873741364824
1.2557032864507434,1.0351420057542722,1.0142525036972805
0.9201128397276526,0.9962370375230097,0.9764485100724373
1.1259924516568331,1.0702695621056797,0.9971044073884358
0.9673458633721439,1.0468070848608861,1.0016490759308558
0.8721812515698886,1.071992706664172,1.0426530019503117
1.0340399897513715,0.9997629910503045,0.9733373612999063
1.0992240244362803,0.9561836222286569,0.9953151410076145
0.9437988571454738,1.048882402328226,1.0410104176312824
1.0458213543798505,1.1941898122790249,0.9553068315927655
0.8547470341386381,0.8997833467780388,1.001747778654275
0.9551666683929101,1.012306330741696,1.0189462533172027
1.1245845215469608,0.9900203322893831,1.0006865829664169
0.8802652867260372,0.9951066865681106,0.9814666651425656
0.7759755448959511,1.1097496950763162,0.9800788475667309
1.1008200790824882,0.949698806197046,1.041018939460107
0.7820390986467939,0.9018622389874449,0.9948337505754473
0.974359163674738,1.1524705032697966,0.9545869149058258
1.0746739752469283,1.005921116566435,1.054548805789789
0.9131556278423004,1.1313761977819257,1.045663007007574
0.9347781023505557,0.9454126380265913,0.9625784976356098
1.3938412297360148,1.0230491970797917,0.9561361812593084
0.9316501806770818,1.0679151415885095,0.9788099148588868
0.9496133612811852,1.1247375954168812,0.9978373326876913
0.8877687338903827,0.9795253745294675,1.006573452272384
0.9134273816744733,1.039778241069153,0.9691535116082021
0.7978041164446787,1.087904899125353,1.0311371193914936
0.8427769537001124,0.936484724530172,1.0392809986752904
1.1393694783237311,0.9598695748876136,1.0216981547765707
1.153497563852429,1.0270594458466216,0.9829892777631316
1.0996610145636212,0.9414959624071118,1.0073915987676156
0.9653887231920779,0.9779997363279685,1.0175198094107054
0.8062080264714265,1.0016996961665026,0.9952087506530788
0.9370649258895136,0.9993414853947813,1.05238217442528
1.1181398434848893,1.083316884857231,1.014437119181056
0.9709786817706737,0.8725457735339291,0.9975575481985514
0.87117667592571,1.0509566391603553,1.0173929735926854
0.7946461075871636,1.0645222166132293,1.0022036208439469
0.763280648181416,1.0245306208069296,0.9578687197106488
1.0941436305411543,1.1469201643755098,0.9952538381117925
1.393403855737335,0.963795409132604,0.9982485207891116
0.8964610982142389,0.9944835897972972,0.9837014405215768
1.3337140473857936,1.065333464878726,0.919274611983861
1.0060073137579892,0.9994488219286506,1.013331894698136
1.481458951029845,0.9450368909544161,0.989950116428315
1.0050585927732827,1.0012574735794,1.048715429348048
1.073606583195452,1.0716704642711314,1.055634986676884
1.211579169969527,0.9657474957693164,0.944342442578077
0.853893149073183,0.9203454091832313,1.032599273427822
0.838802279373133,1.0116258083838314,1.00047575611164
0.7055821155513607,0.9223540302594708,1.022156965537228
0.9575644564834928,0.9917872862970776,0.9968256134127195
1.0753469281977948,1.0456532008142987,0.9740032315763827
1.1916061305959968,1.1137745091648688,1.0255061347964465
0.8250207451315659,0.9432929058585571,1.0205283012936148
1.390156019852325,1.0246554718580594,1.008420563349666
1.4197695823709757,1.014101416927339,1.0222054729346912
1.048585727890588,0.9358533932670359,0.9682947771862663
0.9078659634050541,1.0719335529654876,0.9512994776082581
1.0637083583960367,0.9598694248544701,1.0305329597260358
0.5648959232194452,0.9616104733905722,0.9862808428567748
0.8954457412555187,0.9275138283529052,1.0032356832459728
0.820315416576864,1.2318611185954227,0.9992926032526649
0.9546232319326236,1.0178658405374164,0.9761908561862219
1.0858648930494779,1.1076987705973589,1.013135964393549
1.0409127661507278,0.9080113024740266,1.052718857623901
1.2828182203933514,1.008946879518387,1.076012576893098
0.784554883261353,1.0592310395441347,1.000330045428364
0.8399534940822606,1.107100584985973,1.0123266361052792
0.7669917195010005,0.9734633614746749,1.0201705526634817
0.886702302780142,0.9665184634208628,0.995076619752648
1.211325456336123,1.0184246740819138,1.0128759196369215
0.9799986432421985,1.0286042293746456,0.9644313117287074
1.01034786586595,0.9976359761258244,0.9707660257130556
1.1411936224709285,0.9217565920220325,1.003275993813107
0.8925262191893073,0.9504795954736414,1.0375707669432932
1.0701104005807278,1.0287566638093044,1.0032049743880493
1.0489972185754304,1.2380193343201076,0.9707637546019484
0.8049174646908616,1.041991247173142,1.067397738929855
1.0521839285662837,0.9922038659229284,0.9952378699502598
1.1385820931988706,1.1783326241679148,0.95282835427422
0.9683368871251056,0.9749683618179581,1.0253699532348668
1.114657627932536,1.0944691015546768,1.015269238144436
0.6580444056962382,0.98730502875689,1.0055833889718784
1.0382473851778948,1.1173598194516632,1.0416962413175783
1.029517136621728,1.0905386112099795,0.9746146603053596
0.8324217892477993,1.2033695278413208,0.9908832190541718
0.9628475824428038,0.9761506574978934,1.0013674442452336
0.8368582920897958,0.9894492251731389,1.043458602682166
1.1307090668291075,1.0212689560752408,0.9655754760647541
1.0366454466872823,1.003320695887486,1.0086467605262464
0.8039281739301531,0.9863790717195773,1.0711505496560496
0.9431472840460848,1.0355238950655072,1.0070147683841302
0.9287081398082795,0.9307753825280289,1.0035093730766562
1.0936761201777936,0.9686698781912777,1.0111733978116801
1.567067548896304,0.9614807616822338,0.9809239881318805
1.1082849653441225,0.9763725933026204,0.9982349160203374
0.8963807835508141,0.986804713706752,0.9989159054439272
1.1189649015186658,0.9999337467192833,0.9607718612135093
0.799434565968858,1.0659548732721342,0.9830432099571302
1.1812741920076437,1.06733916945166,1.0533113624781913
1.1415618188853411,0.9745086829030993,1.0099465572389488
0.9500820092513744,1.0628333889564692,0.9845041621007903
1.0232814207153214,0.9692818947384351,0.9677746008450211
1.1296206669580733,0.8938063987891307,1.0367229777930367
0.8055774340134066,0.9731135640146513,1.0292973851911544
1.187180268716854,0.9474183503991691,1.008947675393973
0.7993003774749272,0.8865759055707699,1.0014470463247598
1.3054569463880676,0.9898310713539231,1.051524374914889
1.4328925741050225,1.2136504545533762,0.9502536936820422
1.0350689657582077,1.1432854994337938,1.0691576074946665
0.8393061582398769,0.9609356849740306,1.0444921999646068
1.1086375472765875,1.0296482695067635,0.9882582603955511
1.2005785410835594,0.8639451461618013,1.005711327732981
1.2470409430006268,1.0790186999417057,1.0485325451007357
0.9237838847141986,1.063912933205759,1.0056755477813117
0.7291421668046848,0.9505734554326695,1.0442274836608973
1.218389271743316,0.9957454354478397,0.9998703613477788
1.0530119379558953,0.8794159956827547,0.9729154064879495
1.1395351606993065,0.8154618655016662,0.9966793773568795
0.7839730479371371,1.0518183850529623,1.0572498617934498
0.7996956724689026,0.858960911225236,1.0185579161155554
0.990529422040572,0.9389569799595747,1.021008828850746
1.0278134564195425,0.8909349292133681,0.9977806043292489
0.904330637970659,0.8979582298192204,0.9914592386039719
0.8662059298072624,0.8975674631300052,0.9643670215174005
0.8354176156225113,0.8741140937074698,0.948312633772392
0.7229609971067613,1.0022980696346933,0.9784984971644185
0.8754139625829642,1.0284820657449287,1.0226641225723498
1.2397360967648248,0.9811959232506365,1.0675894493254279
0.8973610209603234,1.0499742966876147,1.0029048233206206
0.9691801127717752,1.0399255399424403,1.030072387294399
0.8231230134793774,0.9716027548868015,1.0022827101905032
1.0887840371516795,0.9129186250398399,1.046403292508561
1.0862034577305748,0.9702556311339424,1.005102411486562
1.1799347374010916,1.154176356495016,1.0220149617151895
1.0859374357873803,1.059424880918462,0.977170366454989
1.4648439619636195,1.1517030775082366,1.0561004180792277
1.050514932005953,0.873641332207045,1.014056471919836
1.12509234292624,1.0150484031900882,0.9955456176437508
0.7747349747853249,0.9891946751333879,0.9733383967962146
1.2159997524685666,1.1121895177067125,0.9801494100267153
1.219415660296968,0.9967271369209816,0.9856373518577456
1.0706648790923308,1.0985060974918726,1.0229906109530997
1.0832458590695406,1.1489748951160355,1.0285699955538632
0.8943495783151133,1.0182601796431707,1.0513128016576807
1.2959738883672216,0.8876290214623104,0.9203316543635642
1.1771940666648995,0.878353543501305,1.070356102425879
0.7511805411596939,1.0486671924695945,1.0014386832538082
0.6979588351697243,1.0874689514877118,0.9834316103821902
0.8645302610729457,1.0443129947493512,1.0121935850220354
1.0437264790935998,1.0745101788329685,1.0427029637916634
0.9662228265278985,0.8490440445123816,1.0134039578827816
1.0179195127712615,0.9205287989504696,0.9833870717625638
0.8713959592509262,1.0309555263082695,1.0069515134348677
1.22084748387798,0.9030485754564932,1.0056085477011487
0.7868406841202585,1.0162925562599554,1.0467666145202699
1.144417185308202,1.0033021048312032,0.9679806885159975
0.7635083738781119,0.8074225353217397,1.0268240020113846
1.0033019111135126,0.8245810179561661,0.9623347388732961
1.3448953819094096,1.0341559566637724,1.0711054152592274
1.329876175969535,1.1130734074229067,1.004178441791525
1.2270110488920922,0.9655339067176969,0.9947223862752294
1.121026234755524,1.0555465521518794,1.0366596675138366
1.0638277107890841,0.9868037338802382,0.9761194299112187
1.4544492419449462,1.0147343798693584,0.924482776942743
1.3108657793691763,1.019882913001359,1.0148447098553168
1.2837727212568324,0.9766893933010818,0.9774237638768689
0.9360085127803093,0.8996259652984642,0.9728835522112345
0.9788052946147277,1.000362295050848,0.9493445483287064
1.3274486778840315,1.0377590917808888,0.9284228093349869
0.9429815877829253,1.0586155022712362,1.011510799457346
0.9782388891338744,0.9606167946278946,0.9911411513263525
1.130987987525883,1.1500695546343034,0.9747948049624524
0.9091095494167828,1.0017884016583447,0.9459741350457228
0.7305741298258945,1.1393196351645984,0.9684344733997744
1.0699378757542628,0.9791090391955919,0.9716032003495977
1.0712582899915555,0.8388680168966263,0.994574623362363
0.7373850899761947,1.1236811946441423,0.9772653401415763
0.9313830052732331,0.9270214882044328,0.9779297919254644
1.0269069969231055,0.8442959311739349,0.925299217612508
1.0056340199383778,1.0260122629089068,0.9858050368275167
0.5869694254285287,0.9784850569353654,1.0366849963605824
0.881839901820052,1.0616106806932337,1.0131765282390466
1.1477674617259557,0.970264619775542,0.9949939798495242
0.93398067254778,1.1222234751234028,1.077158620537336
0.9014167136162736,0.9220572640336384,1.0089308431820945
1.1361913951356093,0.8925793339508646,0.9854573890598726
0.988618555876642,1.132304067170097,1.0512985547221578
0.9841458721270443,0.9272027144347095,0.9924982689621086
0.9492746029099217,0.8792645679786438,0.9593432177457665
1.303462530489568,1.0432203128632336,1.0506081299202255
1.2326256921997292,1.0828341964265176,1.070243855813976
0.9833742954084906,0.9056512264210197,0.9462897179473243
1.3207407719711886,1.1099391472665523,1.002847830314115
1.4209504253274359,0.9859560372050988,0.9614565670046759
0.7345610178420146,0.868028937804874,1.0146777369124997
0.8279679602741224,0.8287228984803098,1.0108108434840897
1.2166642114758257,0.9980181121019682,0.9696833163001269
0.9480122939886289,1.0322372503377768,0.954076428353193
0.68885376737109,1.0863421724362718,0.9789510545047496
1.111394746855662,0.8613311199103661,1.0083837526746562
1.0650065745008233,1.0818227113913728,1.0802017524876861
1.0230525325634128,1.1590256132429682,0.9906590984376186
0.9496285535503495,0.9192276991209083,0.9958373517136642
1.0040562266294384,1.0619903402796251,1.0264522508774638
0.7413185476726202,0.7987945316913276,1.0335631930774303
1.2081530270989485,1.026847458200831,1.008688838151967
1.1205083810983825,1.0872827071417004,0.9649908329514331
0.8524219581614781,1.0175260588518882,0.9898971728462262
1.3723546497892614,1.1663949112739134,0.9923398146509123
0.6247826788397088,0.900843413457741,1.0608646922722282
1.1252634595012934,0.8694660895702198,0.9999023814748796
0.9125677151401392,0.9049225427900293,0.9589291039440132
0.8153571055735176,0.9969697087974759,1.092893813050565
0.9798496418539132,1.1178227228678017,1.0181753662021071
1.1478264746174403,0.8597968308723019,0.9637280511302656
0.9706426095013396,0.9925402463883685,1.0198001712793923
0.7804190793820354,0.9174093755538641,1.0124896153565477
1.0961459976061576,1.1023125401512912,0.9822291408106238
0.8978292681525577,1.192685621804205,1.010723485200054
0.9069508819221068,0.9306989115030826,0.9646695544445792
0.8273073367573001,1.1918280612753185,0.9939595646247174
0.981688635980085,0.9987154016826115,0.9699261507479252
1.1500577513365808,0.9371486964318827,0.962225035929669
0.9523024598017527,0.9805554133446901,1.0396846520456402
1.01433176982613,0.8736421792183269,0.9630928938444483
0.9460512481650514,1.02900564615689,1.013434705974748
1.0545420473214038,1.0413200257529973,0.9030503842907779
1.140882409867152,0.9823229866475847,0.984555617308812
0.8448816869041902,1.0378052933216266,0.9925441232385657
1.131233012940199,1.0333895888324331,1.0127796732848968
0.8891651002064691,0.9614823100345185,0.9635656715673182
0.9383343922211893,1.0177579842156175,0.9915381707308527
0.7497314916661002,0.9092381641850541,1.0188948481455393
0.944370097789554,0.8805747616830438,1.0092829110423758
1.020582875864183,0.9828064990984775,0.9864371341467262
0.8178634895276178,1.0584004702333192,0.9641347952264315
1.2086248050329522,0.9422214176743362,0.9930613476235651
1.1302697502155845,0.9228943648208838,0.9926474131694275
0.9262873822997804,0.8804535747735718,0.997096205755147
0.923784088150315,1.032950867557782,0.9644654708471215
1.035876474094458,1.079701385232473,0.9745980791598822
0.9253876050737366,0.9315296329222106,0.949529237879171
0.9984032680655957,1.1324406910828968,0.9429475985167791
1.427047045323107,1.0969319900899381,1.0231237162041076
1.0857902492498421,1.3153017723146938,1.003751235257842
0.7290380107489078,1.0247006083443977,1.024488802650483
1.0219951598809485,0.9225805419497816,1.0109239357167892
0.8135726875142004,0.9730799083587596,0.9864605763064991
0.9966789674738743,0.9823148890431699,0.9835414183235957
1.1119928587885681,0.979183784736033,0.976581773578823
0.9901477329821933,1.1006657196932819,0.9906528009766199
0.8793675635722829,1.0760510723574503,1.0265916904131294
0.7925076597306369,1.0396806553803644,1.0010389750662325
1.391384819520856,0.9057358034256212,1.0078724626319147
0.9106459108835366,0.9359377962208929,0.9641844145752243
0.9988752326013618,0.9403739918107583,1.015624196614053
1.0013568672987574,1.0490974578937917,1.033109156896262
1.0361854119801461,1.021254602425671,1.0147735460509473
0.9877983530697464,0.9751706852289034,0.9715131906025393
1.0579514944805886,1.0042651250209182,1.0017554645227988
1.0906065665214135,0.9318938842813909,1.0006260157281799
0.9743893338493108,0.9512018152609033,1.013709073666357
1.0846320900366426,0.9233512254685498,0.9241644944363809
1.129547915601587,1.150300520907131,1.0605992861351432
1.3432356790434639,1.086429499773108,1.0953746860392288
0.9636947742164378,1.1119568688651513,1.0225386092094788
0.9173196394022016,0.86247054932106,1.0524974772419713
1.2948278505506616,1.316262935843794,1.0074715213688965
1.267459879899966,1.1344439450625625,1.021420994526742
1.0078063484296922,1.0050780894095088,1.0401115597825283
0.9730744894112952,1.0539217249620298,1.0031898086340245
1.0632301872772776,0.9850201242197438,0.9504745562239831
0.7354968063791745,0.905199933359564,1.0044745094694159
0.8575763680680519,0.9585638308252334,1.0888361176828993
0.913756277533355,1.0261741864245182,1.0031911996164504
0.9848250099699276,0.9374053733185475,0.9748060886184597
1.1523928250168065,1.0734292674643082,1.0138544163492555
1.1356177491270771,0.9575327596615149,1.020861506691482
0.9666008677927431,1.0422593274560061,0.988167312916879
0.8925933299730648,1.12517294030691,1.052329279743972
0.930418044449328,1.046815316140698,0.9640800927186522
0.7591259402756437,1.250453852408249,0.9688572651997434
0.9525182266659015,0.951331758185506,0.9795766876189007
0.7301395126545751,0.9434284485708899,1.04022145107081
0.9050788339145439,0.9648026605212932,1.0178894726923435
0.9313708433440034,1.0207597016850964,1.0234713662974675
0.9724195644341116,1.061784963281392,1.0756166133773666
0.5655222649538594,1.1475319599033282,1.0286036591716723
0.6937529786901675,1.110671605398462,1.038338049415217
1.051968579583145,1.0752667199088781,1.0095034251217394
1.2746943981341208,0.9414225267514783,1.031479580612135
0.8046882755395102,1.0025644652918686,1.0457391108361869
0.9722732338445796,1.0809774795977791,1.011358288976748
1.136938972123625,1.1193991196052793,0.9923207029122766
0.940444768716373,1.042816854177465,0.9541771734647767
0.8492845576470982,0.9281466028983918,1.0029886986320198
0.8663500965258961,0.7854384944902821,0.9877584555452222
0.9828632022007953,1.0153018678168597,1.0240698334566145
0.7988910984392033,1.0999865581894959,1.0209900092883109
1.0037089990457122,1.018731918714491,0.9371398253540986
0.702947917024323,1.0892641966778998,1.0344914026308525
0.9743838945915396,1.0486973481677653,0.985958044138599
0.7982562834676892,0.952513614193093,0.9755285938678355
0.953140620195018,1.0535961078218248,0.9952324771483722
1.2647075953084916,0.9655151510418051,1.0424264389774525
0.6736078033089867,0.9753850244796071,1.0057342548206385
1.0856695072326459,1.0092139130463846,0.9533933905328663
1.3065778810874813,0.9676778129591621,1.038817102742138
0.8922676768285539,1.10789454935872,0.9754514066332965
1.3759151046557656,1.1956186555637838,1.0075580436069356
0.8905980967767022,0.9613170264312734,1.0210719651734677
1.0661484427235666,0.976276689782245,1.0043087023989226
0.9930850141686077,1.0238729736377192,1.0395901155553104
0.9723006449265055,0.9821782755299835,0.9619339701214512
1.3158819818601175,0.8223301337700744,1.1113436598221929
1.0714147668138465,1.0204832872371572,1.0438079037128043
0.9249038311800795,0.9317690095426601,0.9929977506292981
0.8067342964637224,1.1198119232870853,0.988938775402624
0.7528312432354258,0.97682411688023,1.037876180962795
0.9415840162405618,0.997897232204554,0.9778619574862489
0.9771341848400679,1.1340633277506724,0.9969336705335582
1.3890608034247554,0.9746841686020562,0.9473037239998416
0.8487956448532141,1.1207617724028318,0.9738428497406831
0.9307343532425261,0.874845923584725,1.0316916071231765
0.9585295768187567,1.1129029598913716,1.006119511887775
0.9739122284200129,0.887970445300018,0.9625794450161864
0.943629900005734,0.889134739775017,0.9843272405283701
1.296108162057323,1.0457831263823225,0.9734334979524996
0.8850944798749476,0.9161843344088085,0.9572771866720587
0.8715946026160095,0.9938748927322553,0.9391185993996057
1.1169857124732443,1.0210162995179806,0.9932006924708391
0.7838729973951687,1.0921966293395102,0.9635354972484521
1.1517302026542167,1.1693033208806831,1.0253625544013156
1.1924360175193462,1.0627491428999054,1.0127091164179416
1.1911758638858518,0.9239976532219347,0.9772410424397237
1.1889385450066952,1.0649572697546095,1.0308621175346413
1.2591848644898784,1.019254109236376,0.9923484583224114
1.003612443227131,0.9672001718132146,0.9526574365078072
1.055014499511731,1.071568266512856,1.0535609490298585
1.075684009563981,1.182116902530204,0.9449794249657971
1.1939289642963864,0.9126595494400067,1.0111471001875463
0.9593161184596024,0.9246046718070128,0.9495881110789189
1.1103870721837303,0.9297848715417683,0.9922573153028634
1.1436957784427766,1.011359014215846,0.9172097113437658
1.0403287176341793,0.9739308601243335,1.0094219402574252
0.8782580772692177,1.049248681622461,0.9799585972299679
0.7890632963378769,0.9615225914806838,0.9731472597408383
1.2355690682129112,0.9535461091044233,1.0144137322311895
0.9770253852288979,1.0760248706505735,0.9384064802291735
1.1934725672881623,0.9494056229946195,0.9671558783695277
0.9167543703171815,1.1415533424945923,0.9751113374564874
0.7769137424631634,1.1974677259148756,1.0245015357202476
1.087922037029492,0.9792405293222702,0.9776222491798999
1.0820800229232008,1.0216024654579627,1.0035090312879245
1.0823360633481243,1.2627949662568378,0.974496529800124
1.4397954030205675,0.9549476582760457,0.9649487092346206
0.7335148077760828,1.0127546376738397,1.050511200085461
1.0387430349011444,0.8689372234127071,1.0859075351046086
1.2605567935414173,1.0005472211640174,0.931999491384235
1.0718060851862077,1.1590876510694446,1.0182577165019866
1.2419481233842318,0.838496872414796,1.0122152416573897
1.0389092664198847,0.9370842316537522,0.9915214774359765
0.8387761499309943,1.126095219635974,1.0124813576572722
1.0942839817933423,0.8082448352895957,0.9846697795004148
1.1820407023147521,1.098223919325093,0.9800554526309971
1.0614684093545887,1.0090751289212756,0.9813934857341069
1.044544611727589,0.976764726650931,1.0204345780114985
1.0083817553485788,1.0133198183047114,1.049673951382193
0.9022489902404668,0.965734615021383,1.0184849239323934
1.0481865853447612,0.9737091023604036,0.9702543055533547
0.9243866978997803,1.2186042446869862,0.9354624952223847
0.8605489574314893,1.0252429635266762,0.968750445681378
1.012214862837303,1.0490959986023325,1.041558480137604
0.7939744582851207,0.9416073322001763,1.0011827533982098
0.9657160677612714,0.9565983435119668,0.9382198179480303
0.7755379969892596,1.1281763234447444,0.9594498490522742
1.1761412760288832,1.1051497458068706,1.032606262064658
0.9696818993890879,1.0108245332890693,1.0661329083705826
1.3249338240729167,0.8811369271043313,1.0336566785039591
1.147848100463247,0.9669180953642338,1.003471834193902
0.6130212608055298,0.9640994058202227,0.9984952971793731
1.1871020173775082,1.0153947944079538,1.0123643479460436
1.3043071483980624,0.987736663063543,0.9706801681333168
0.911703540435461,0.9943552531334254,0.9989721647264528
1.194159563847476,1.1147005665067335,1.0426464192432778
1.095184364728325,1.022766748423843,1.0319524623643168
1.2369785926237937,0.9039880049037655,1.0520751077174175
1.0993158863234715,1.0402662283730804,0.9709179695832741
1.2810806389002736,0.9233268290289068,1.014947566950408
0.9208630750304777,0.9023151122558142,1.0169084028260416
1.027265360969119,1.0607297769330832,1.038273613416249
1.123381252059537,1.0642891721509635,0.9908876111179614
1.1720202611790254,1.001518364031667,0.9440648804657797
1.2952524234467244,1.1498724032682754,0.9684100962966342
0.9843542450844187,1.137657781498666,1.000591844405272
1.2589958633073415,0.8320389635844959,1.0453604744971885
1.0961675335694065,0.923993062938036,1.0327759488368013
0.8189060313181288,0.9876759344738522,1.053123338567026
0.8466248289229807,0.9836456238236896,1.0410239688090346
0.7511572043604737,0.9108669896443451,0.9684582277225088
1.1440640710958978,0.9087638541874061,0.9571525294643836
1.0784863302752123,0.9937421270559529,1.0045044103664011
1.148176348717329,1.057996406004988,0.9754651008850664
0.6962813728901129,0.835517176968678,0.9075687907017004
0.8846987727153198,0.9126993381962045,1.0597461887622475
1.0333820080924032,1.0585393625071817,0.9670086109728153
0.6899411156048183,1.024486126862389,0.9679287997907841
0.8298824045896602,1.0030605552659668,1.0239459005539944
0.9276528399840936,0.9585925647295773,0.9388422523382527
1.1470164438890258,1.0992675943301844,0.9954630192102277
1.1873198847880353,0.8591856285502331,0.9349676439425378
1.0203461896885921,0.9048054080484731,1.0399403050726617
0.8346153764010178,0.9881007024228171,0.9925656985816911
1.1575614732410342,1.0017960471746767,0.981843604086122
0.9453686303901678,0.8984865250541324,1.035689553368124
0.8758510905828065,0.9624301516120339,1.0348882297169482
0.9420920829220842,1.142396814516194,1.0040794508388289
1.2146602689427537,0.9697901652393892,0.9906600304403975
0.9631314908142647,0.8243156434095453,0.9901596714898329
0.8895332115533123,0.9065533253791743,1.0374392550226785
0.7947219963173453,1.0586932088535308,1.0266788389698152
1.3028720651933636,1.079219764061995,1.0122524454896034
0.927643036199272,1.011471536064053,0.964506219237338
0.9163617939313345,1.030997772334116,0.9789686662021216
1.0434593730769683,1.0803527898409386,0.9906255796727444
1.0550374784752752,0.9423201695945481,0.9650560018723396
0.8722158422438476,0.9148268889108362,1.0052548166442605
1.0422167547965375,1.0317473310343812,1.0230447896180535
0.8644751578638905,0.9564778687402575,0.9978202587015034
0.8764715139542784,1.04151057262716,1.0224905278687155
1.159486058636255,1.0370849547172267,1.0469811472802695
0.8602509786185746,0.9722159567470878,1.0330309124686643
1.1349991275411342,0.8118300879093765,0.9859255090093205
1.2652250579986528,0.9657860910178971,0.997207813955184
1.132824246778879,0.9644011353642634,0.9705838890980938
0.9186832630002524,1.072512266162126,0.996570615155785
1.0423959345205804,1.0540354781140762,1.0310002084156806
1.04180831865177,1.0720771784149061,1.0371915959925682
1.3393232504073438,0.9479951395127687,0.996717333225845
1.0582034715462925,1.0851456012681964,0.9600523495629503
0.9286301877084568,1.0532631524041247,1.007170701705664
0.9301346359150905,1.0684188092726046,0.9723808987985861
0.749618018785742,0.9593277671095854,1.0091032734754846
0.7858336563805497,0.8863961621613441,1.02437681397787
0.8806058099893066,1.031848890817397,1.0133475463391581
0.818455928395044,1.0760715356019583,0.9763436628402381
0.8548754825195977,0.9784269840480135,0.9090231628648349
0.9674180095933291,1.0930432717238059,1.0026132528196603
0.9140888824663408,1.0388516807544148,1.0042400598616352
0.7884190919865411,0.9797231108135598,0.9566288378007605
0.9589046329232924,0.9738930003745354,1.0135753441807096
1.0127859450860064,0.9588108182808898,0.9452976610145772
0.9051077235216054,1.0674477068668324,1.0331823655017158
1.038526430797496,1.1101696911951795,1.0593930408117103
0.785595068190002,1.066815712337057,0.9809700228272028
1.0568624924928964,0.9273481696166869,0.9771265881043957
1.0592966259035366,0.9732698395035604,0.9552075771286388
1.0346193400757389,0.9870884869250645,0.9430282679106458
1.0255878523655433,1.0801889778513405,0.9901228124464149
0.990736332866025,0.898366543865087,1.0172708117360665
1.127651794738312,1.1502153592672828,1.0350001536153555
0.8360600775858581,0.9826436024093947,0.9285507606421722
1.0324741713215981,0.9534774322498168,1.0013003294984273
1.0394027262531826,0.9890901261310029,0.9801722885473323
0.8223495024565757,0.9484654877990454,1.0047335172729885
0.9560512485984819,0.8926899550410228,1.0343325558296512
0.9606258918368149,0.9567569153743734,1.0383628397687035
1.298648017302224,1.0454397860315812,1.0024495932168676
0.8917159702501225,1.079818301627923,1.0221807596106818
0.9953362142785197,0.9434621517000114,1.1100510877059269
0.6856936835738654,0.8878013740768614,1.0627583048665183
0.8629568354644315,0.9255499312558042,1.0298652177987184
0.9119072011856191,1.0776601213279862,0.940156375320269
0.840895036715369,0.9873403616601958,0.9707267112225809
0.9089708489548594,1.0046130523574341,0.969386154356692
1.1526945718346904,1.0293345497803417,1.01011156090797
1.0213635696903283,0.9062045183089318,0.9380859988642246
1.0134858620704421,0.9552190114429823,1.0247568373740006
0.8355688611580543,1.0199846380370496,0.979138633070694
0.8661276670028779,0.9300215396018463,1.0330563498333867
0.76488914730021,1.1781863256110712,1.0357489415549892
0.9434885648332775,1.1010597523188321,1.0032583210619508
0.8924749965657887,0.9325152325699642,1.0058394741316319
0.9971752647329948,0.8685034602542774,1.0450397384366976
1.1362432601045345,1.0143324063641406,0.9964541153823344
0.8558550315589853,1.1111606961015985,0.9922829114717883
0.9786950611168148,1.061991901050657,1.0132622879874678
0.8303128639489219,0.9780225334990611,0.9708502579376393
0.9014918103367323,0.9277062561256586,0.9998873889850978
1.0784427401012997,1.0179118709815471,0.9823044169196682
0.965165874406535,0.993638225527308,0.9964332161647452
0.7092521573109571,1.0557103352146529,0.9916283479651177
0.6272430467030023,0.8829770060800387,0.9452788865649566
0.9646484219246991,0.8939542166055627,1.0185959623527439
0.9860938622172047,1.1055312708594927,1.0152538805960847
0.8410591244520826,0.8594850558691689,0.9877645905856943
0.9538365752927902,1.1456598256580834,1.0262905182345063
1.1770552248737842,1.005040872998699,0.9626103248046313
0.9434477734300488,0.999130730378998,0.9894779554371714
0.9259357424519193,0.9789525165319213,1.0514344898791494
1.172424311768277,1.033008871693206,1.0434607218812375
0.7445928897869587,0.967502974121969,0.9616438243651407
1.19171371917455,1.049795492099091,1.0353370273251383
1.1281776224041253,1.0681360499120607,1.003035394192553
0.981769970010841,1.0213278387976577,0.9685319935134631
0.7970031675693179,0.9190399023800923,1.044148785568318
0.9682749110107038,1.1326915230434578,0.9854689552993657
0.9138335000539812,1.074879871390732,0.9825063567770792
1.0591872552753758,1.0295958207638685,0.9392924659883756
1.1471384033723444,1.0514465218672697,1.053874135966944
0.8090711764413354,0.9841989106361302,1.0175171718387004
1.2331816442565058,0.9071920389474363,1.016446749928103
1.262618231980615,1.070445574304125,1.086508564111069
1.003486127534123,1.1308449859745318,1.029635134629469
1.105014936855329,0.9859206435663371,1.0037067257881531
0.5576261557908974,1.1437627465411293,0.9820276964876106
0.9191464015765612,1.0068392483940212,1.0397723258762066
1.0170378173228287,1.0811312559321702,0.9967119714772892
1.1579604729098205,0.8305817555322825,1.0361918199355087
0.8357192694353783,1.0693563273480058,1.000721360479009
0.9002181363877624,1.0863551401956288,0.9593022099383361
0.8277040286781895,1.0372339085896316,0.9701013162097638
1.3672454681606325,1.0070578113199296,0.9901346485961494
1.124403375344429,0.8807926852135068,0.8900279768800866
0.771647053940561,1.0054634769944912,0.9944584528584678
1.1109062114919845,0.9410963975146791,0.9938692214679987
1.4407974578943057,0.9963821978691081,1.0002001927980964
1.2165624217188653,1.0654020657138101,0.942026744451471
0.769462132829,0.9376901307156019,1.0501399144797021
1.6047188779155577,0.9019458228473065,0.9868914623460546
1.225744711697863,1.0842388104769056,0.9999278086350468
0.6402786354931714,0.9783642218615543,1.0375193568080272
0.7122893315074086,0.855523654205941,0.93996684474299
0.9785968360256828,1.1483016126574361,1.0089137550772376
1.1044039508376682,1.047339773497633,1.0515481101830997
1.1651109840178542,1.1874562172632657,0.9904501230083474
1.2167282086417135,0.8535603556758831,0.9529343894309913
1.1907790332117236,0.8989845012070097,1.03824697128194
0.8231099337314014,1.1142469464009095,0.9177787817940617
0.7830830894939697,1.0445987098076044,1.0006020488852225
1.097001550936586,1.0634389389408612,1.029190922668727
1.1469796075397654,0.7891622129665009,0.980465429340175
1.03233966344703,0.9455576058500246,0.9852879169910751
0.7864038644417202,1.082627862613399,1.049615333833565
1.0860723485947121,1.0149716813648442,1.0246064738393892
0.953058073402539,0.8513394730973927,1.0222586106873615
1.1662438709676066,0.9382175213816655,1.0481491419289657
0.8046405293713581,0.9146143357805516,1.0023905622527793
0.8419133138178108,1.0546842846677544,1.0203139445659628
1.1581331205927072,1.019921828378385,1.0222532724114122
0.8577080179655943,0.9174512419892009,1.0001647199224546
0.9168452091218217,1.0289561270595806,1.0308581752992358
0.8784966373040265,1.0941206350042973,1.0015595615940511
0.9671909327285759,0.9762278915873323,0.9898869121342849
0.8709816614925069,1.0493161833281244,1.0174041878001632
0.9362778778603242,1.0736672632652282,0.9936165846018383
0.6717782247454677,0.9531263521708498,0.9735838449453507
0.9900710808585993,0.9393487651649837,1.04715592821991
0.9814345805418029,0.9714392558179206,0.9943985306480702
1.079829613847636,1.1031458199433222,0.9861038485685828
1.0152674222497893,1.0907699797787536,0.9365040279472646
1.0208733049791454,1.087676211682194,1.0510765807853106
0.8664052884764386,1.0478729706012042,1.0047610516873655
0.9551055620261855,0.9308465162640049,1.0043421962194126
0.8643442965103834,1.0466578851648882,0.9984831745542078
0.8591531080903076,0.9532085291877581,1.010085341679183
1.1724806683433076,1.1189168711943376,1.0209486474145197
0.9602658549963364,1.2268892907571958,1.0163667921214306
1.096417047497848,1.0096844566515895,0.9733684729501698
0.9955788186313129,0.8638106075839354,1.0362577889730173
0.8226817198859566,1.0363567622606864,1.03429749780591
0.9591423260909169,0.8122384006778209,0.9583489851066108
1.010019686796649,0.9196776505266486,0.9678781207774442
1.3333333028898462,0.9422354201386149,0.9814654252266767
0.8177738249090213,0.979475140384971,1.0202876835529573
1.1593026911110131,0.8913877741017435,1.0284572877150433
1.0678075816610215,0.9139509606894538,0.9798579667160174
1.1304269195573406,0.9739131128672862,1.0378332517699145
1.5155276518171688,0.9928682763730278,1.012591878367331
1.2859222478539172,1.0908948177839806,1.0595279260421837
1.0378543758348366,0.9792014372609452,1.0086952385301906
1.0809874127806496,0.9953809598623016,1.0317392680903978
0.9542269133276381,1.093043547807461,1.0374370460732105
0.8470028454291068,1.154581530770695,1.0253420378414242
0.7411125204055378,1.1095422090278846,0.9572021045386029
0.790797363274696,1.1121516434129375,1.0291891903024888
1.0704396077878022,1.0588807245717837,1.0386218559344542
1.257921225291759,1.0462973471162442,0.9508090962133177
1.123071525849916,1.0390111503090402,0.9971190854629038
1.5599396071974823,0.7986260809956296,0.9947542027948556
1.0786044477229748,1.0537051568989315,0.9340973486143901
1.2245783418036722,0.9456062384208459,1.029473670760611
0.7123710281791255,0.9197055684669778,0.9438161213858413
1.0652395906985639,0.8677031095880627,0.9597423640348101
1.1937947051975695,1.0320426740137614,1.0259418533090805
0.9500915033459378,1.056279939742515,1.0384052463698907
1.2766239407129487,1.0540976819852235,1.0472558601621937
1.0626245689756635,1.1716250465476858,1.0246952939993257
0.8652134934342531,0.7904770139970114,1.006386871972012
1.1939634014162048,0.8419792412192125,0.9690697625638963
0.9700726320749778,1.0708562676525633,0.9712599678324909
0.91616465349392,1.1951354943970722,1.0017652231855143
0.8500187423982309,0.8724246083933664,1.0115874533602536
1.086636889264774,1.0461177773810868,0.9951051201010405
0.7044605571227381,1.017922026236847,0.9805043698962951
1.133254690830606,1.1091682174389343,0.9113657154637179
1.1373759311576581,1.1224032356196991,1.011027705583994
1.0166960183116638,0.9157474284608788,0.9340904552986092
1.0933593577159988,1.0716698293368552,0.9737012888194442
1.0112936000156727,1.2581772088666692,0.9828574626983579
1.0351561079002953,0.9443130016075074,1.0621140029231129
0.9807816168996519,1.0302605888018141,0.9915798728123205
1.0391186315742589,0.8982683546369946,0.9672289488719775
0.8906448538036722,0.9356633243751914,1.0697416363578174
0.8689590881736362,0.9897800964382117,1.0307929541662955
1.2265906175974224,0.9873994539587955,1.0434085106164763
0.9843141278849844,0.967954182758753,0.9772635684485822
0.9193891163963674,0.9606389882737354,1.0216289211292622
0.8791665002771587,1.0452900925440063,0.9628934761300757
1.0384444429293191,1.0800910356403823,0.9849973219589835
0.9722049463955091,0.9599506901623606,1.0241954242365379
0.9017660863275345,1.1237630252312214,0.9705319935812478
0.909507212941719,0.9554662794642784,0.997037587585908
0.9897481760182782,0.7254003241256508,1.0082160619236584
1.0781402524028496,1.0821655881096306,0.9919386210252586
1.1790883932754155,1.0899084463839133,1.0316073688690857
1.184277399639561,1.038630492064822,1.0306868360385375
1.0620775693903455,1.0874283181566398,0.9647779798732102
1.0338316494021393,1.0771728321537526,1.0083099737974084
1.0209525176933316,0.8420969634962837,0.9689925626646999
1.2420431851797051,1.272130192019164,1.062060754098233
1.004095133780245,1.046128833185618,0.9579463053633651
0.8079951368594329,0.9685071928589182,1.0190198587225603
0.9780349692211805,0.8428185607521934,1.0645637491582427
1.0467764210031016,1.1619746679952474,1.0177751350365072
1.1448540737548885,0.9312222449257477,1.0367123606081847
1.1123190206903137,0.9634820347170073,0.9396783051682402
0.8596742376909161,0.9008631852368925,0.9781369649538852
0.8671788665465221,0.9334775757237169,0.998075258029654
0.887074681752327,1.0307686807690448,0.9952131777530129
1.1521996082342292,1.0048701690398452,0.9603937787786986
1.0447225283693518,0.8778753202020733,0.9544249721782133
1.279353643015591,1.0851570450304902,0.9228123541548001
0.9679959957706878,0.9847092946371954,0.987353427002675
1.4152310066305414,1.0526443337016127,1.0377639787492479
0.9825087771842649,0.9769515495812265,1.043392000831068
1.369524051739587,1.0204153144165733,0.9865821098811344
0.9281140117484237,0.911924806296311,1.018103857948773
1.1912178870467356,1.1505805083244367,0.9317422866873706
1.0712094837895432,1.0221369047109992,1.0345059695673073
1.0709111899472181,0.8697359385305106,1.055058222175437
0.7728471425279847,1.0444474289858854,0.9696407811863464
0.980999481584922,0.9687711042467732,0.9594771429857225
0.872478764508411,0.7718381257424338,1.0556329062515475
0.8200837350421638,0.9265716955772716,0.9853157521452368
1.0488796462846475,1.0248450395402338,0.9839547787679667
0.9731436093455555,1.0880935536199092,0.9950453500082288
0.9369532942437383,1.057245687962191,0.9939691317871255
0.8593965855025572,0.9053509787887158,1.0488552442355394
1.1843651083682292,1.189615512784409,0.9575018258705336
0.9940585970638947,1.0543129847209785,1.0559880620783109
1.1667342568089092,0.9373449436833367,0.9835487962060755
0.7663612123036868,1.038745914959319,0.9999068696087946
1.1870497839702585,0.9011996566433464,0.9751220113585936
1.3669692709806296,1.0362002347652235,0.9822578932044065
1.0863261581558596,1.0342900509064068,1.0590262267150927
0.9054658036638102,0.9345633279352847,0.9943228489789299
1.151888397838818,1.0008150401293707,1.086375305716565
0.8327189741426491,1.0957387362566804,0.9962797736724202
0.8543906520389277,1.1095646357757212,1.015977826555516
0.8822665314883276,0.9553702002292186,0.9493481586166705
1.0274109306913926,1.0945154980622736,1.0122730934252513
1.0184157660768474,1.0644442786409223,0.984606824462047
1.0034358474032834,0.8987064909566213,1.0100930341514518
1.0385566227492222,1.156347769306349,1.027491445256753
1.0793170316850504,0.9142027222922875,1.0449451948853097
1.1227441860239962,1.0439507080502919,1.0270740474659437
0.8573122629819687,0.9082451123333868,0.9723948103449375
1.1808331938996288,0.9575648571816552,1.0430245434392296
1.2566315800425136,0.9701330646547517,0.9712427620111427
0.9722685511542442,0.9447102084880139,0.9538905939432835
0.6802057105637528,1.0326257552323435,0.9814139491931314
0.7952053051888076,0.9971610514479634,1.0449361798287526
1.3710962953274892,1.205588390767957,0.9845849148810709
0.9840161517133127,0.9467994533544932,0.9604286920795788
0.9129328444466536,1.0979771791119377,0.9445462046708816
0.8926451778444422,0.9866612995261286,1.052887663739507
0.9605851157467582,0.8752069931296266,1.0222713886052563
0.8512539993023069,0.9474944906438363,1.0048884823973907
0.8806923597931082,1.0464629873209916,1.0003763958513125
1.1107759195697844,1.0400300997577216,0.9711350538596247
0.9832008766387867,1.0398743915288717,1.0234591347096424
0.9431414260422755,1.0229779466039668,0.9884978475400681
0.9191055266206294,1.067629848358165,1.0149459228874944
1.226321451883464,1.1796672581603187,1.0101580870001794
0.8466794900500515,1.0710202533401916,1.0279748403992712
1.1761061049920734,0.9108895459085062,0.9898858303159322
1.029143794773928,0.9887353981248485,1.0255395215949454
1.1099381040512977,1.0745010663977452,1.0080710834974593
0.8294883135308636,1.0191581847598923,1.0483366528954001
1.4528364232115032,1.0335518565719954,0.9592573979890636
1.0184580866044002,1.0082032844700797,0.9624569632960004
0.852890756337997,1.0620173185935027,0.9632318179720037
1.062141834118845,1.0384306926302485,1.0225372734239844
1.0683673482769067,0.9174499375328318,0.9629332733113701
1.0595542679401446,1.048827442776322,1.0490455343739293
0.9883742158002852,1.101882211566339,1.005312073671908
0.9417573530278373,0.9481922580619746,0.9870245769538549
0.9530631286457638,0.9111403738870689,1.0576077236870667
1.4160581358963888,0.9653328519109527,0.9391245669776659
0.9784613839954708,0.9772304059198278,0.9703022363197364
1.0229549279362873,1.0652620237022947,1.049013672852744
1.7197727582106297,1.0510965878450786,1.0926487935420244
0.8848199170700876,0.9823493571069315,0.9280219916185778
1.088356054708682,0.9524170003931901,1.0039065761514085
1.0671487074051138,1.0329188160514646,1.0290216726259145
1.2263376156740273,1.0300939215373348,1.0248023932568275
1.0131273445006286,1.0059388936808702,0.9921149634460956
0.9820238289250416,1.038477142653036,0.9556731464778044
1.123404416896546,0.8818082093511106,1.064617634153576
0.9385695739642295,0.920777109005734,1.0316014093169787
1.084810768736591,0.9785381092263765,0.9565958379738394
1.2021365749133983,1.1169757173819372,0.9643797644124262
0.8819066697373047,1.0627926113701776,1.0015015892403127
1.0259538499288887,0.9419860491987141,1.0521842149528473
1.2350762163352031,1.0019341664800283,0.9752130599564417
0.9961638659008669,1.1039977109599426,1.0604201508531328
1.2948625379231016,1.0260051404976718,0.9687002424257587
1.0260406196734642,0.9501053236176036,1.0245845630624226
0.6906723177937677,0.8789930028614377,1.0099742241646206
1.2254387515242269,1.0038376813764487,0.9727152822282191
1.1696353253368204,0.9191724865558646,1.044318431208134
1.2658987503387136,0.9145300428141242,1.070707139637593
1.2183463009760027,1.1455484490818744,0.9797356024702001
1.1892850456146646,1.075195849561186,0.9916635162904566
0.7853652922856744,1.1447252965301349,0.988330868279412
0.7843016532188081,1.023514671776347,1.0205737775943706
0.7613983868927533,1.0651946373757348,0.9956785871343227
0.9618536563249271,1.0354616970750228,1.0269477521381025
0.8832654240068063,1.046474589908666,0.9986503860371734
0.8841471295756551,1.1265689247192052,0.9428475585991203
0.8538554304487378,1.0371387689023697,0.9887898622785415
1.0983109231145398,1.2163524240407448,1.0107778391466071
0.787379126117184,0.8958148059550469,1.0035449012335238
0.9161916655450574,0.9862393960306206,0.9430558986688578
0.6861794538565715,1.067962009964729,0.9697594991532664
1.0145559507186281,1.1095725557891019,1.007876535529425
0.787467105335798,0.9726423209475284,0.969111926206731
0.8997476339230102,0.9043886752789931,0.9768760732697622
1.0442110761632715,0.9831105800247364,0.9551611182759429
1.0264704771358295,0.9933912235214482,1.0117610407963384
1.1640761983227765,0.8636358421241841,1.0498483587053047
1.104551768771851,1.0189766572736283,0.9835757432627962
1.2470426251132758,0.8280554258247502,1.056857761574476
1.1145467094968766,0.9633947753246814,1.0132195445565568
0.8142145635212872,1.0139350050296843,1.0135767821628334
1.197793731040263,1.0284381282219008,1.038659237018672
0.8621244926347098,1.119570164405042,0.9934009895894054
1.072760975295433,1.0374598937354569,1.0277877407742506
1.0833205582824978,1.0392403740998655,0.9652994279228597
0.8649685219783878,1.1020803742926062,1.000031315277243
0.9585463002855559,1.0039560122071,0.972531554357334
1.125252896649891,1.1365384995357173,1.0130136779328938
0.9287201824716294,0.9101768392294293,1.0309090981949174
1.102318595508661,0.9978486642961892,1.0287024077632492
1.000241059427449,0.9377031722759165,1.0084731362451402
1.0731644886442087,0.9699993405649112,1.0057503940439736
0.9612742956747482,0.8231667257133255,0.9801059143668188
0.9499339615150695,1.0404091629335706,0.9923090034155736
1.0149292294511119,1.0547855353496334,0.9675285699315204
0.9855117993742047,0.9655841857281791,0.9754402230451431
0.8712065157212644,0.9677612473621624,0.9837163975625826
1.3749553370899794,0.938174914014316,1.050468953054053
1.3013827651645142,1.0855185509051057,0.9885211430667441
0.9198990570285895,1.0420359681373004,0.9839005790547581
1.7458882124963724,1.1550633080840673,0.9543098085203638
0.9749969216789489,1.0585658829091176,1.0042642375655666
1.1180118514199542,0.8429297686056236,1.0426574788599556
0.8683152492101351,1.0319984988199882,1.031593366056981
0.9658058792749828,1.0289404960089459,0.9912033060364477
1.0519590652189592,0.9854388899461026,1.0175682207614178
0.8943219810565505,0.8721939801584495,1.0294850658796386
1.1572734340549693,0.9899689073663085,0.9832905983127068
1.0966668212526596,0.9119985447252283,0.9990017431847663
0.9900387775406096,0.9360430908811158,1.0069613585036616
1.5429038165758757,0.9216396380265708,0.9908428685847324
1.0848592232109757,0.8686773911438594,1.0050482539278665
1.0698776136153234,1.066457870675697,0.9887180564979946
0.8537148080548513,1.0558237978950589,0.9620461995392423
1.460335641353523,0.9645433862599394,0.9526249750041322
0.9155403071061126,0.9209461210412034,0.9571934604805806
1.1460026515846304,0.9879598883974281,1.0013963155004475
0.8901152078759531,0.9876402273512861,1.0756722349078585
0.9736246741284111,0.9896502399050023,1.0012195260028347
0.9448389023647243,0.882109001006988,0.9786685240121719
1.2163513291059367,0.9804131939846562,0.9978893781236714
1.034265502194755,1.0333267550963483,1.091210770839707
1.1200333385626808,1.1194482864368438,1.0121531780452613
1.2425976171030462,1.0094256873412335,0.9818495932010644
0.9067131327923229,1.0396576597079887,0.9632980016970943
0.9670951611787335,0.8942702058284355,1.003422105890179
1.231401703648422,1.1642499217990046,0.964212058360276
1.0933841513740457,0.9857006729650502,1.0118412125523661
0.8873157044515239,0.9827182581657566,0.9866852283829642
1.033893750626538,1.007889255212909,0.9935271495499239
0.8856041936556929,0.9732271512145667,0.9969394983344723
0.7996213850261548,0.8873273838939277,0.9696745323381455
0.7369100003349474,1.0464635816731278,0.960598145228321
0.9132066566458893,1.0012249883569746,1.037023225671699
1.1113326912388928,1.0666276405836843,0.9984250590199224
0.9202493044423397,1.2687122069159824,1.0009596417478697
0.9249928319360299,0.9991310114434312,0.9810932837603241
1.0702003054455016,0.9651104032498534,0.996865480099368
1.070542332190131,1.1114456849983154,1.0088892204404172
0.9630538498663319,0.9812444292658756,0.9723522970028341
1.0504360523990086,1.032027188480861,0.9678200056159607
0.8667234359009809,1.0453106794226046,0.9906854502266257
0.8465562381793474,0.9971714961828194,0.9481691540336344
0.9087655810506261,1.0024969561951544,0.9990234598558887
0.9453799471468878,0.9183041471153668,1.0512486852371505
0.7339875468942307,0.8972479114030123,0.9767515274102146
1.3357607151393758,0.8835080899690119,0.9570488919828716
0.6997583116463675,0.8836747034936625,1.0119395377391485
1.2501703098527293,1.0812623215815116,1.0365752065598721
1.2411546048401947,1.0733644002761893,0.9630104743933533
1.2630572791837502,0.9190435400149201,0.9747429624290094
1.6012896859747374,0.9946884879322457,1.0041738190874698
1.2605471319772492,0.8048270465262242,0.972397543445343
1.057293031996589,0.9731899391535268,0.9196052164030113
1.1026327159996814,0.7905201950955767,0.9112075029865793
1.051549900881812,0.9357034487973823,0.9363917848262746
0.7390957018602841,1.1225617728735555,0.970058214718212
0.982430504788526,1.0892682519879022,1.027794253936855
1.1885349224029198,0.9746615411289192,0.9595480694044491
0.8066253850247556,0.9534812719600749,1.049515249791148
1.250667471282465,1.0707914156055147,0.9776428635511247
1.0146626132300587,1.0445372826583628,0.9945778865572352
0.8258629895331748,0.9745970342623621,0.9769495405419524
0.9021309336455688,0.8830399041355459,1.0456251515011512
0.9420095977814675,0.8568460376837701,0.9690237317346077
0.9762550579715894,1.1140190598174513,1.00318498746113
1.1049302552509699,1.1063645556120898,0.9580151717247153
0.9274213927959787,1.0593594266057138,0.960897264517008
1.3426578322509006,0.920665006935282,1.0223128718352925
0.6604839719249669,0.9483021242316294,1.0079868182962004
1.1949252937164005,0.8829939841272348,1.0189645438168742
0.8487679917609445,1.1202002149752963,1.0941315654283903
0.8499811822954535,1.0031752493453165,1.0310254888210204
1.0220492197680806,0.9808198693427437,1.0376197488767038
1.0195906183953733,0.9131919846398557,0.97825458837487
0.8179286540334415,0.9228555349998351,1.0521397875112506
0.7051611861588046,1.121368587994246,1.0255365935763805
0.784542560756686,0.9664615436956135,0.9705761549584443
0.8955753511578761,0.9486304825451024,0.9687543697391178
0.63027324022295,0.9212105901719101,0.983274212904424
1.038579739115389,0.974008174540368,0.9675593476119791
0.8382988988877729,0.9859487502145381,1.0194688060341237
0.8633505251140817,0.9798533249011165,1.0217062834009456
0.9257428580269453,1.0231379968407937,0.9841926916196363
1.0227485151336255,1.1019807821040852,1.0714412217788436
0.6469597302289642,1.0550216844809364,0.991959311296759
1.2136648157024226,1.1159736230158699,0.9627417783706952
1.303385499146468,1.2361702090907667,0.9797934238506727
1.0492212480957521,0.9225926824845908,1.029226797662944
0.9052890818583289,1.049973518858054,0.9734440165062509
0.8808157544786994,1.0623305920796078,1.0628946312156902
1.267721480201395,0.9599232892096621,1.0069773692831048
1.1809995721144713,0.9989553925993302,0.9920357044174114
0.9428817813295862,1.049149791392972,0.9501930634743379
0.8263718998130536,1.136416252568701,1.016370383206678
1.0159587350124637,0.8803043339644533,0.9867315860346214
1.1466500985601888,1.087933094072557,0.9904441204115768
0.9609947360706139,1.0050281000579655,0.9749241390644926
0.8229733191044327,0.9804932658390202,1.0057871714798416
0.8923505555920027,1.0819190643263477,1.0213807734386344
0.9623842562329339,0.891883563822348,0.9450719634448917
0.9978803898635912,1.043512313636549,0.9538091039826364
1.0962968902122265,1.0280187014583082,0.9467925632917629
0.8587300498941024,1.077657730614575,0.9942623761520055
1.40823835236698,1.072249346674393,1.0482900584694106
0.7850255083060267,0.9004147586195577,1.0750769014822137
0.960213804803974,1.0632553152077082,1.0138559337203275
1.0032351659588332,0.9936041635764252,1.0114914873484
0.7863859333932293,0.9406891956742294,0.9766796552030647
1.0556855831418204,1.15216520665639,0.9306638971296888
0.9680756444275489,1.1254488352383052,1.0908910740345334
0.9674332740503659,0.9575030592975612,1.0268927178485645
1.122245237273384,1.0023193325427608,1.00172310725428
0.9666308209688633,0.9889364825241622,0.9912723522925427
0.9348427749844771,1.0907988520404261,1.0731250096214784
0.7568354849747074,1.0192853521151342,0.9496502354162099
1.031117810646358,1.0696233668296378,0.9843162722546879
0.9903663376305915,0.9403018926995599,1.0179397077155217
1.0171980643970686,1.0371481932585853,1.0430033800303946
1.0883425435719754,0.9879597950878741,0.9348112395957324
1.0922603430319358,0.8842954904049137,0.9884149832631262
0.9845238177125551,1.0366255812508178,1.1016289624415259
1.0461793488168705,1.0730240637884956,1.02989272320162
0.8562190781489702,0.9510773408986635,1.009989394502487
1.0861126911951533,1.0677332066581182,0.9514677561155751
0.9111780084801104,0.9812148706071898,1.0636193672171965
1.2371890549715794,0.952275277992754,1.0297782844578245
0.8615340091287994,0.9824089444639147,1.0168582819323595
0.9902348578988278,1.029760704258648,0.8700081956582535
1.1512105412869915,1.1123596968210647,0.9478614116246419
1.475214484226997,0.8735327746602142,0.9932391367990695
0.7675548762003648,1.008895544363802,0.9871492069059914
0.8057456313792826,0.861407158213566,1.0114322480882587
1.2902491116790882,1.0493931444699216,0.9977276772762105
0.9054855548532184,0.9071217183815179,0.9869250079686372
0.9940748156177392,0.9354027879327202,1.0057823758251436
0.984533622528078,1.0607890231893127,1.0902780924974596
0.9859587164530432,1.1332860594705179,0.9628180352967002
0.7429754729752235,1.0522209317987354,0.9435780166187689
0.6792879275263741,0.9496988842060223,0.956153625385001
1.1435824718542524,0.9835593295584647,0.9939686615476516
1.2247377101191916,1.098014214896513,0.9621464915382948
0.9139792353464937,0.9294332265379818,0.9677253952053855
0.8527669985616226,1.0542218084915844,0.9499918486723918
0.812114509228382,1.0194156009460889,0.9996505952062645
0.9177229445686339,1.0680560749117438,0.9632207880805117
0.9211935977383032,1.0083298725226872,0.9801346034335175
0.9277016036237073,0.908164046001914,1.0116124612003272
1.0650244023984645,1.043688368589848,0.982979120786193
0.8153444592842666,0.8982247708188218,0.9718941366774062
1.1358075138948394,0.9784679896504771,1.0096109388022332
1.0684234831093413,1.0709932539442866,1.030385244245966
0.8637078911365859,1.1212936752743365,1.0025932227324728
1.05455285670241,0.980076571889319,1.0281177661894378
1.2369711321553507,1.148492222381566,1.0414282016528382
1.1499287015782347,1.0152208129930482,1.0098532281287735
1.0920758172155924,1.1101623573412396,0.9656558829742816
0.8359709346662332,0.8344530083618975,1.0041533276534524
1.0318043539016089,1.1217308090975615,0.9505760251811038
0.989264394319655,1.0974653532281695,1.0227179615057687
0.8616025575784282,0.9752111997577548,0.969417678171729
0.9333668275557222,1.1024293466821395,1.0042946671214394
1.0117406059442984,0.8846261630502579,0.9708064308496923
0.7947767707587868,1.0481035337709432,0.988399301106511
0.9321977007218853,1.0277280289477617,1.043849666400371
1.1082721787808363,1.065705445775333,1.000457388727576
0.9714373617502967,0.8990863526585102,1.0260071701160363
0.8645002255071551,1.2720685066370088,0.9967145339407514
0.880874486311757,1.1955798941726004,1.026731973580538
0.9108659748079981,1.0385858259597642,1.0194201290858935
1.1310080429456741,0.9459378376750369,1.0037586617369119
0.7638911302344251,0.906171552522376,0.938091763613452
1.1765230532985944,0.923802330925785,0.9944919951190174
1.030573924379323,1.1091561816881592,0.985503348704778
0.8278429561215528,1.049727124759574,0.9930959234331113
0.9987251860410215,1.0033161853198145,0.9832458488053583
1.1483098860109875,1.095176392731486,1.0078814694340046
1.0035458754637308,1.1152283526541387,1.0009995237183213
0.763153092474317,1.0299141081372025,0.9853478674676519
0.9548931750045204,0.9757028230063064,0.9836781684074215
1.0875430963662944,1.0414442331204428,0.9229272269427499
0.9265473943954816,0.8412783097360992,1.0075218909096986
0.7977888147406458,1.176711415000658,0.9641620820055238
0.9903442141891083,1.0007742641558046,1.050678991962845
1.0403775235141124,1.012357668158228,0.972045975514242
0.8716815699695276,1.1339002798599567,0.9853013672822954
1.0046870119726827,0.916376790544088,0.991818340490528
1.1758489610626652,0.9916900765474533,0.9642574646882863
1.0349687385307447,1.093337163379502,0.9602814290626248
1.502423372891419,1.0117462082335085,1.0033732011140757
1.2150550806340747,1.0525334782257487,0.9577033859513632
0.9886405674602742,1.0741714956666015,0.9929783484251612
0.7690751137498655,1.290961364033672,0.9829282265525908
1.4509437718431357,1.0658492215695694,0.9828731279795964
0.8764565580747036,1.095154121661754,0.9900580549511452
0.8500459627622214,1.132391959312346,0.994242124514033
0.9984011424358892,1.2206551026166013,0.9802288567370571
0.7638659584204647,0.9995285912387518,1.0735390855361975
0.8010532334906127,0.9713872158806269,0.9908223184819911
1.3866754678636228,1.0135752379773924,1.025755249279758
0.7014384325718552,1.1187381219384218,0.9596159702950042
1.1292973915645965,0.9915249523595103,1.0067876088816472
1.4317225716878335,0.9785144588694493,1.0298770697213404
1.3970478374404698,0.9532071681807616,1.0006071121920803
0.9783354819101757,0.9170512419444354,0.9933696092826779
0.8953392444792942,1.1155022408110993,0.9614666484685643
1.1473330975162672,0.9211810323033629,1.0230156432827642
1.3337099264915908,1.002372690615425,1.0057657464878142
0.9024121030400237,0.9704884600923427,0.971130847894147
1.3129450999587777,1.1692893039842644,0.9434896596171797
1.066343189726701,0.9746613955964716,0.9579600033602119
0.8775805528650532,0.8603047329383151,1.001942260328194
1.0816132078843623,1.1685604925928175,1.0032549696094224
1.2108650048342358,0.9989898646603108,1.0218953082860038
0.8374267065706588,1.0251176826293058,0.9882854170328524
0.9733770367994663,0.8784003468755457,1.0179755293312898
1.177183918511535,1.020594631054747,1.0593639129252435
1.109693934424677,0.8826615546893029,0.9539430797726789
1.2971621171284426,1.1604510315680239,1.0692045104349202
1.3846346747652354,1.25588744592761,1.0084063894802726
0.7598108572942949,1.1870330452133486,0.9886320732315171
0.9494171142367926,0.9871751126172684,0.9833703844553184
0.9155645730465831,0.9118643364149511,1.035687362813219
0.9922477461912989,0.9910953726673022,1.0093281728141166
0.9030699757134575,0.951804212393657,1.0070196842136425
0.6432025949998437,1.0031659567669582,1.0339708723094445
0.998777547788283,0.8080422711831945,1.0604974356191719
0.7036989630488852,0.8514926089749696,0.9969223261212505
0.9998848593986602,0.9007475370608227,1.1147643309099
1.1217788855144613,1.0028673520318558,1.0179101492072624
1.2279598105420337,0.9711789651710913,0.986599273913967
1.203409335743432,1.1046598232178448,0.9966585761407938
0.7165459624065718,1.0459233854788272,1.0253231451706222
1.0156225449145453,0.8363495364299071,0.9795770853780844
0.7456685722113895,0.9621225139128481,0.9927176117641134
1.1282802546041921,0.9957042969057998,0.9993793453205155
1.0720559990598257,1.0105461862746563,0.9960754761442546
1.120389595350245,1.0254634657868216,1.0297747921706668
0.6933239704138563,1.0105164084366929,1.0013471680616486
1.342966385957109,1.001651991212064,0.9821430420342775
1.1466637398426776,1.2512889892077237,0.9836350862535109
0.845232403097936,0.9964245487187728,0.9695017135301488
0.9574225614433787,0.8548632120200227,1.0026491215192308
1.0024443860693784,0.9562531040216022,1.042416862327477
0.6641077308076955,0.9863066274072259,0.991774003135002
0.8752289244004622,0.988497083355171,1.0596628274535282
1.4041202012271092,0.9616410609088852,1.0202594912310865
0.851234405451269,0.9438238457957423,0.9566382357575289
0.7422455041090615,0.9650304120583779,0.9484436539148696
0.8889255008400289,0.9987081949386112,0.9328509641305018
0.8334070690813076,0.9683044964382185,1.040072437102246
0.8774844866757977,0.9611467411143083,0.9886214730754661
0.8132599979317697,1.0939427084921038,0.992044183575557
1.056806070548511,1.0195308015315634,0.9941132439779112
0.8250984976123297,1.0099712738210334,0.9834426647414644
1.2185042461160651,1.0227671817262636,0.9913305655890912
0.9373444728799268,0.9696778934868538,1.0681929373892136
1.2030659959896906,1.0034799769513096,1.0122245494632833
1.0874144204644214,0.9946179729234652,1.0187653302402786
0.9378139340315494,0.796749054200378,0.9504378208092324
1.1731359892175177,0.9944003821023264,0.9768175627799384
1.3169406092814206,0.8622038670355603,0.9491202658297526
0.6146173701083981,0.9560159833823435,0.9820406655106976
1.1664421144543509,0.9490723441674178,0.9936227564122252
0.8867153103791243,1.0733651888604379,0.979021887707232
0.9959236723071891,0.9758430107565628,1.0030781290988477
1.0098684972623457,1.0113741636006301,1.02013334090813
0.8503696081324029,1.016587790446044,1.0112516644289353
0.8016501663806312,1.0315869277051053,1.0042584966771881
0.9997552136394173,0.9355846096149711,0.9941514412306942
1.1270199375240337,0.8494485861826087,1.0246069257393846
1.2797796619848574,1.0614152802452206,1.024761695890825
1.0963926414708607,1.074024589791553,0.9821797021511292
1.197123449470248,0.9174260771539309,0.9627699439365532
0.8758782461040033,1.0102461153815905,0.9702347814088875
0.8944853740497234,0.9504341830167237,0.9943388416830192
1.0713644615124738,0.7800277488306426,0.9771607761469885
1.0414925821416485,0.9058143629255575,1.0161052734129663
1.0899819906223642,1.088461250815386,1.0380887964245928
1.0573520514032653,1.000411936208149,1.0706577692088797
0.9536544706296008,1.0749949951001103,0.9706170617705719
0.9423833062468112,0.9050616391381481,1.0497028105314536
1.0030795209946395,0.850633760290205,0.9377273410733306
0.9250897771370998,1.1028489928747034,1.0217261087956175
0.8077147859686071,0.9630978846605159,1.0339816838104963
0.9193214461041728,1.220552309611421,1.009330862097605
1.0186207431436276,0.8887558067195841,1.0039762120586069
0.9981786267170776,0.9196363301192186,1.052240658477084
0.9925968685631765,0.8620652338815361,0.9924622915866378
1.0983920823818778,0.9501073191219074,0.996689750113176
0.7966390478314448,1.0839595556532888,0.9470812894789497
1.1769056985446364,1.3397035455699076,0.9607027988615285
0.9635369330618941,0.9242460374331881,0.969602402799331
0.9544773843599245,1.1257821881608987,1.0152790413644899
0.8908718495995993,0.9844150063888546,1.0370335944181734
0.9345587152416581,0.9633043913936616,1.0018215785406375
1.1695980056212711,1.1071724272032655,1.011427977718924
1.0438902892006832,0.9677321032370312,1.0634000233289305
0.7644637111115109,1.0119057041090538,0.9644273385239203
1.107559027640728,0.9046032242482547,0.9989910980410176
1.0874354634782395,0.9475787665417144,1.0292761965283754
0.8383474352004284,0.9694763564116102,1.0532931769186291
1.0290124935643647,1.1768381018977088,0.9661878047779756
1.283133888656359,1.0444514722110956,0.9449506843985714
0.75493812427237,1.0058870584624757,0.9754502260393999
1.0699231823612203,1.0520595259196133,0.9708123261826982
0.7799633934681525,0.9499322887811108,1.0288744105968268
0.6622532543562702,1.082007700822418,0.9556010413522001
0.70498922275869,1.1391529576958301,1.0033899235490542
0.798416147109536,1.0756999854827596,1.0341146465129594
1.1324420547844076,1.0614861961430013,0.9950330919193959
1.372205382457685,1.1192700201337002,1.009184658668467
1.1440746935573414,1.0917817181889615,1.0025652936724498
1.179654925141786,1.0028879989733497,0.9846567821202216
0.8829812939262915,1.005857921586442,1.0219186200038441
0.9499990886249866,0.9815624114469353,0.9526190324190558
1.1619344342658062,1.0117117489904508,1.0126298404861644
1.0497434246964445,1.093746888511361,0.9970636022454024
0.962224554451526,1.1499431216987692,1.011636701889648
0.7529814520898357,0.8847072846712116,1.0458135903568013
0.9520999180430769,0.8951108634918195,0.9577446851355537
1.437848337739081,0.9332586690645102,0.939317472263116
0.7996065563857808,0.9570253273620917,0.9986185523041624
1.1091889008189943,0.9670581012276606,1.0297706837619707
0.7508238070456641,0.933551262405375,0.9914113942088839
0.8781208651411772,0.9705859091521949,0.9813146243565196
0.9721144724674325,0.9470502620027943,1.0063084664710071
0.6879637098483563,0.958549994231781,1.0066142627504389
0.7961040986789952,0.9694327076360489,1.0117874037201322
0.823060459215885,0.8440948146885143,1.014719112906989
0.9743119486404203,1.0441098625233842,0.9834443405092022
0.8385578819616623,1.0012307010395873,0.9751333300445766
1.1204975589269148,0.9409853264546031,1.0041189042866605
1.0266745984900978,1.1808611034398302,1.0398198742104412
1.1211736917040005,1.079136528646101,0.9918135750442788
0.6624649001481355,1.154661373907325,1.0098617124285256
0.9808881470513091,0.9451596968771152,1.0221962880339592
0.7615001046123954,1.0092060889096854,0.9929045748644155
0.720856127287896,0.9293563622271945,0.9814129632976415
0.9909640491450046,1.0613351149168149,1.0699276297678035
0.938458458380231,0.9561451352105942,1.004476065449363
1.2209790318765958,0.9486174851484825,1.0363104650040666
0.834588183287577,0.9577560692495475,1.0011857583580814
1.2735847586937974,0.8451226307181938,1.093684321115356
1.1803811900464187,1.0407252106115803,0.9585677701807706
0.9669797269761483,0.9834043333777657,0.9954666071555681
1.1962913897509067,1.086476104597128,0.9694701134557452
0.8667650540589664,1.0065209430728788,0.9825136683122991
1.1188428518477527,1.0231941279747454,0.9470112748900844
0.9495498665535647,1.04202298178121,1.0201548270153318
1.0098730268743576,0.9711719274351225,1.0061252305569262
0.7353715777630712,0.8675018975648829,1.0071040056432687
0.9726416299279071,1.0539999333670078,0.9854702599439964
1.0229855832564572,0.9273423666779311,1.0172018638126914
0.8615493308516458,1.0053242033117484,1.0208790742444978
1.3817098890737138,1.0787436702177569,0.9827465244045103
0.6427881795457377,0.983567801704697,1.0146612084198565
1.247769490534246,0.9163125463197042,1.0231164900563898
1.168434997462542,0.9137865414321634,0.960068785324887
0.9371707601028249,0.9582917024247444,1.008205748475719
1.0083998083043189,1.108218113881121,1.0507396828931925
1.1957558804218564,0.9225699760977696,1.0035798359294599
0.9185616868572002,1.0428624695969348,0.9731791299455206
0.9587448847908038,0.9756449932581599,0.9726419279152893
1.1435349674900248,0.9718105690253205,0.9899458800522704
1.0406322876103615,1.2191321146691503,1.0611431517155774
0.9032352608226673,0.8406429268819046,0.9949156012788692
1.012398052899599,0.9566130972722672,0.9717185281756636
0.7378806112488536,1.067377974800757,1.01928203153278
0.8835661626853334,0.9724594721652181,1.014694232581245
1.103343674992737,0.8784487693439114,0.9652974441562149
1.0455464687524838,0.8570379597772417,1.041262698536613
0.801580144686671,0.9672788292473851,1.0703384620427072
1.0108675777252507,1.0243860369177527,1.0046265985839644
1.0166434295682598,1.0783792535319212,0.9954231311228826
1.208907744789229,0.8946038729456671,1.083648665929214
0.9247818788125913,1.0552473911905866,0.9882673823299065
0.963639379661692,1.0565331299760494,1.0230658255781988
1.4881283522186508,1.2037242726448154,1.006197531651665
0.9339544289626146,0.9642600229864765,0.9722608223562276
1.3845476360131252,0.9003880097087972,0.9776872345354818
1.1963368277325466,0.9499001561403403,1.0222604330096958
0.8914037517946429,0.8471679874086975,1.0024278218994063
0.9620802128779176,0.7755624696931895,1.0014810815710078
1.2094467684847983,1.086020070396032,0.94391043721531
1.3692064166599955,0.8855322769111353,1.036076199270835
0.5968635783096718,0.9362969124355344,1.0189867012518035
1.1484316007043196,1.196387960451704,0.9876627661635179
0.9768341471321118,1.1419682100742818,0.9886016591765946
0.7026122543130451,0.9727995134522185,1.0214877539327263
0.8539243758133477,1.0053942486754115,0.9972686495356909
0.9998246719741493,1.1285823812841074,0.9825740297820507
1.0421528021522075,1.0030494145766164,0.9469606990694
1.088164700947159,1.1581831556736009,0.9418925148659331
0.7519213148170886,0.9115789067481264,0.998439546549891
1.0218723598501898,1.0989648261998308,0.9456823211455907
0.9010696496829264,0.9599893349464831,0.9763770774176196
0.6511549723536365,0.7598405695935393,1.0298400547279138
0.9856205561762579,0.8303948416727684,0.9834762102455349
1.3335658305447065,1.0068392940900626,0.9728809755527758
1.0372711195768913,0.9886712592010164,1.0128728796776656
1.0462924771134183,1.0598993559336645,0.9506956422969662
1.0953720223127559,1.143451215482858,1.0182058438548067
0.8449790809580608,0.9214655034492698,1.0460092563914731
0.7663083433421198,1.062919249470828,0.955485603172054
0.7277511613418469,0.8819646840406552,1.0779365209910847
0.9571670539477084,1.0526380996939513,1.012925932225363
0.7821606212593891,0.9385667782864869,0.9860944504519632
1.0756226687330273,1.0363562936626496,1.0673087957566516
0.63920290850662,1.153975211500413,1.0218478572321195
1.1873082533866826,0.9231216420650201,0.9959816679769146
1.0039590655530484,1.1606694808952271,0.9884512403487239
1.0029105324922747,1.031881164860621,0.9269692059182054
0.8053840516403228,0.920155236994527,0.9851902607725478
1.3640370901317243,1.0479415448722018,0.9683965566016527
0.6475150482853506,0.9767833384061941,0.9918080119849342
0.9251432511684116,1.0069176149797745,1.067998357296725
0.9671542202840645,0.9461300563119469,1.0236652676751963
1.1372427977269923,0.9676711735883098,1.0467175410245149
1.435635320272534,0.9696772835645671,0.9959447943537963
1.01304416350266,1.0844567197767314,1.0547376685287146
0.9739868610696037,0.8571041295245745,0.9804636257075954
0.9483576363995478,1.0704984645612514,1.0651198435809548
0.854256258720971,1.2370952312188557,0.9917217262425657
1.0187607977343232,1.005720501608196,1.0893512768406168
0.9767746392947219,1.1407107614272016,1.0851219337001292
0.8437965466104267,1.0092200454179592,1.0311656814950163
0.804414994339532,1.0338963160854557,1.050109931685985
0.7344848071583883,1.0109549087769827,1.0134689873551652
0.8802801261691447,1.014042703359639,0.9966584195380279
0.9514659955580655,0.9161923261301124,1.0046436613225032
0.8566302146548666,0.8269696280198544,0.9772641222862806
1.021905253939834,0.9809314704102001,1.005044060524335
0.9582575893978079,1.019851304071853,0.9519995196522474
0.9647127624279245,1.0861522042301468,0.9800616716094718
0.8057519196937013,0.9145335227370823,0.924522356213056
0.7151533926962854,1.0941056780304863,0.9860018988966468
1.047659411827929,1.070968956613074,1.02002969480514
0.8322474300053024,0.894628806053759,1.0397055255734167
0.9281954187692258,0.950237060610102,1.0500412579361669
0.9273464764720818,0.9923947271593355,0.985294217763796
0.9729863781382537,1.0189171152184544,0.9505115488776307
1.2353833682363402,0.8891496749257415,0.9747886929712232
1.0535922658866508,1.0903617815157371,1.0501340304241475
1.2267220575712185,1.0300280777425705,1.0958629998021958
1.3239408300398847,0.9207215618217603,1.060151691142072
0.6904384682980892,1.061016972512308,1.0084893127683214
0.8117407373497276,1.1493169659818512,0.9967394542357909
1.1211003473611951,0.9280436894748074,1.0140529498937758
1.073357149891808,1.0301522284555351,0.9233157505666284
1.2049239421870102,0.9340848196845066,0.9730310181275948
0.77238092592636,0.9948338342074445,0.9645910886331182
1.1357946329463289,1.1585915560797155,1.0613029931855797
1.0458977766853417,1.044864491456126,0.9764111521666313
1.2689230814303736,1.0613940676188953,1.0012595508705
0.8556580889955685,0.9357783255462776,0.956029558360691
1.0622898144879331,0.9431195495296394,1.003821792470038
0.9526692712802258,1.0646099278067873,0.9410110314441509
1.0771567049537674,0.8824702483263303,1.0349197922625586
0.9362441243672206,1.0218926436404527,0.9642848341615474
1.1042517290841567,0.9781516941024992,1.0593974556411656
1.2259900093254843,1.085364796770906,1.0575932185551589
0.6318669794172209,1.0363982069201294,0.9238639119225951
0.9085519203663133,0.8966677124277738,0.941177693877261
0.6646532561987093,0.9655396146683046,1.067660359592775
0.7573138990686422,1.1814970164216265,0.9848895614423534
0.934547949971331,0.9493096517495607,0.9517731414026148
0.8068912557139483,0.8992451189707864,0.9948704007629526
0.6499905999606687,0.9391257185978773,0.985056102436693
0.9154380811937217,0.9552870929750552,1.0064937701573085
0.9248032678157496,0.945480650116896,1.0455356635931812
0.8067036038718448,0.9946622119558717,0.9745359857180617
0.7867498253037628,0.7922757081263392,1.069278388428919
0.9691960949044163,0.8901473575091943,1.0230748988557816
1.0867700612539086,0.8909242370908035,1.0014579452471164
1.1533526888250512,1.0201315755520368,0.9712118075014328
1.024459512640969,1.113637394364816,0.9884367926528824
0.9852105172537651,0.9809515468927237,0.9660952959192105
1.2849513997431332,1.1487510338614968,0.9677781951993447
0.8106483136055967,1.070875845098423,1.0135497990745206
0.8322763704566124,0.9574277419852857,0.9480990068031979
0.808773876387074,1.093903683642694,0.978822007367243
0.9163085622586178,0.9865315153799323,0.9352548016995872
0.6040678130074661,0.8488021395933032,1.0459595292832364
0.8252883522294782,0.9625089667758946,0.9803382352294383
0.8346518357377829,1.0780357924718031,0.9561741229744559
1.4221672569906532,0.9269684612448428,1.0288659775218054
1.092812048480127,1.1374555758387606,0.9859171104883905
1.1826993689177443,0.9144481259728128,1.042365530227154
1.4826603344849705,0.9007232797710383,1.0013309599136466
0.7859607114471113,1.0292375774533138,0.9846234677800366
0.6537985165729666,1.1384964882041486,1.0548732067835185
0.9373508171873555,1.0420488776264216,0.9946700609453935
1.1963732059219812,0.9903498222778064,0.9018154678915554
0.8058759299795646,1.1061515237696031,0.9862491366706653
0.8790525552802283,1.0504680282427465,1.0086336688532793
0.8706329130379917,0.9955708779988136,1.0556982664680712
1.2282312727684106,1.2223808611697313,0.99618299686464
0.8897694666170355,0.8999423444982566,0.9729856409432323
0.8136479743305697,1.2165668017412838,0.9569320836500174
0.8891460636304622,1.1018932978977034,1.0614498467006277
0.9331002462506804,1.0765272113747442,0.9447758672820982
0.9644229043616093,0.9106667742886223,0.9870065392812964
1.0513435228038635,0.9371141396852478,1.0043421044793612
1.0647048206395093,1.1719759121075701,0.9838213731241549
0.7254657562179642,0.958442900771253,1.048887267054475
1.3483530907785666,0.9588985095791561,0.9657033426209972
0.9146819541723141,0.9598489540721841,0.9849814646285541
0.8143631971232739,0.936494597914179,1.0157842264151207
1.2288934360980972,1.0198577134408797,0.9869766398950107
0.9887556135887339,0.9577241515755699,0.9214215495470102
0.9127367479840997,1.1540217718205814,0.9849340828981875
1.1254999286443907,1.0529214006372887,0.9552752265372432
0.958615379004381,0.9292243334610373,0.9858384328209658
0.9178247704410273,1.0581753406889423,0.975546642734335
0.6726735612996382,1.1009474540847828,1.0359293682521808
1.132768065232813,1.1306165943909183,1.0191678572324983
1.0031431138463929,1.17655245361859,0.9869918436662752
0.7791866898485087,1.0136729227466112,1.0237562541533325
0.971689735773368,1.1349092442010882,1.074096755791529
1.0628896043686082,1.0649300385355303,0.9906964928270415
1.110871313112926,1.0630664461938393,0.9781843259184878
0.9199303857156858,0.9743775173928706,1.007858603459342
1.0158646457135236,1.1362432290352475,0.9966989451613202
0.8614943712510345,0.8941986133852842,1.0186532775335913
1.0786985461011125,1.0906671501733325,0.966434226420175
0.7340869890781947,0.788054816264872,1.0330568961490922
1.0566563241784341,0.908960317901224,0.9860749389139354
1.0612248016304218,0.9325887789759794,1.0251582778001787
1.078717869081201,1.102519483497673,1.0160854395236638
0.9627042924862479,1.1063521763951805,1.0410646242542103
0.8977022628359196,0.8828298317527615,1.025518065195854
1.3134633066307637,1.0312238407776253,1.0218303434898248
1.0528077592950682,0.8671722075018438,0.999515842405993
1.00949850204755,0.7804228446565524,0.9639502376094647
1.1070340880521836,0.9852500653134892,1.036053536048363
1.1906561223292442,0.874397122151136,1.0076086977141159
1.0677989842782694,0.9649615638206318,1.0117690125736687
0.852862966793913,0.8707948723615485,1.0859501074100795
1.683901782771113,0.9704813945450236,0.9980553843467571
1.1310246247442226,1.1922019655515805,1.0080329068026885
0.881739996082054,0.8985159413155587,0.9746196884236883
0.8363987697179768,0.9952931156548614,1.0021042861992522
0.7992041230811938,0.8832422705266372,1.0417323192144308
0.960073000746431,0.9611935567731484,0.9434091852127185
0.814677046813443,1.1001036375972295,0.9964740622018363
1.0993043892160843,0.9156037879526819,1.0047174815303659
0.9623320158278763,0.7969747622526109,1.0212696588176708
0.9110667164634936,0.8715856162279344,1.0164973961614423
0.9351885956728994,0.9258560401838561,1.0366133057962268
0.9980142964646705,0.8755871981451853,1.0046619830037868
0.8553760431025831,0.9691511776950037,1.0375186432231347
0.8451952706216538,0.9246466068369978,0.9792464512354823
0.6031565835112676,0.8787158378666352,0.975114995398202
0.9029989544601877,1.0616638997431376,0.9990186711074062
1.101671564495126,1.0212047453263309,0.9340327752840912
0.7514718530246915,1.0390759078783913,1.042295804919173
1.2079706054867239,1.0367862484219024,1.034256740819737
0.8569231649327517,0.9339401033966017,1.0331385603153798
0.9577028380115277,1.0700596608219226,1.0807936928023831
0.979382004623846,1.1253269276848477,1.006075837813935
0.9092848787607284,1.0769672931161907,0.9803481898057663
1.2774747927265842,1.0657553540359435,0.9765941217203361
0.8831206310145858,1.1246293343599332,1.0065686458598677
1.025450114156549,0.9324623592170732,0.9786046132811034
1.2436751869773413,0.8620510038126188,1.0093352971251928
0.9985912705624281,1.1014388601280056,1.0032797823054256
0.9325373462377586,1.040831149015966,0.9915828288737819
0.9008822148825485,0.9658587060828399,1.009756086797916
1.0369503201907904,0.9928120988409761,0.9276801157367748
0.9411029777509797,1.0242395220299492,0.998179457907011
1.198590119693184,0.919732773279619,1.011655645577598
1.289471945738263,1.0892813079018515,1.045314250137309
0.9861689162045313,0.8966491387202582,1.01956865037545
1.0231749773272265,0.9947152899347829,0.9919081798482744
0.6826983052600413,0.9580066756219081,0.9942538129139896
0.938311103293911,0.9389953871107405,1.0107364934184047
1.0691537377493738,0.9489800841828253,0.9670094359560375
0.993989789836178,1.0604424442056128,1.0775760736121383
1.034611112139159,1.1265440481280113,1.0060659960914478
0.9469813584456659,0.9972353547170345,0.9935720204359252
0.7963112716951573,0.9014090103820583,1.012696157317442
0.7708275321903624,1.1185970880057092,1.0081535000871198
1.1450208775350665,1.1487718031894911,1.032665227287561
1.0298501519649501,1.135261045002439,0.9806113442834069
0.9623337473598417,0.9567370800501225,0.9870426795552968
0.9849446763302256,1.0852979441452368,0.984354480369707
1.016665672778961,1.0401754331512976,0.9647417778701125
0.7987786255901131,1.054984464852913,0.9956051294689829
1.3027511712874913,0.8855772886042516,1.004776712052643
0.9575117450672629,1.0249694838007946,0.9794182083705009
1.0024718191990487,1.0115684700387837,0.9473570746191363
0.936303269151784,1.1060966470535356,1.007388747179868
0.8673961183677472,0.940947748609661,0.880777847062037
1.0113553938044433,1.0054978254859102,0.9236875203189331
0.8007131981682919,0.9978071137098485,0.9276217437744526
0.9098555179612384,1.1274102428671733,1.0030561732295018
0.9753069679654789,0.8781422455280814,1.014215120887358
0.8804386761805825,0.9339950407374882,1.0188055537424996
0.7245008900648504,0.8850424102408131,0.9803433782618965
1.150365042471941,0.9968076860664852,1.0010445755025497
1.0658437932332936,1.0163886743689996,1.0306357023080073
0.8503478956832214,0.9168472598094101,1.0641286455430852
1.4062348138290797,1.0151234074993516,0.9567856657714907
1.0388589358909477,1.157985407320632,1.0050264819257233
1.197894130043244,1.1747228740274251,0.9688315190326464
0.786865493870621,1.023118360133347,1.0316329547567558
0.7965856674859125,0.991001250872513,0.9821442919451212
1.1472491306247874,1.0239856617918748,1.0271645035697163
0.7944048690570835,1.0339104803921582,0.9681991989060368
0.8680255605252848,0.8971466616298484,0.9833067507118801
1.076324596122486,0.8819513878657561,0.9770559702016186
0.9593441937344702,0.9695821570657819,0.937327941938307
0.6231305706432952,1.0475444361280886,0.9320622579255916
0.9127477260305863,0.9906051720655407,0.9764468755754311
1.143610278371903,1.0433664378890448,0.9741068383435758
0.9752980994098643,0.9304298852010441,0.9999713305611442
0.7784445299092093,0.8525904296935617,0.9625509414636144
0.9078163609474187,0.8822888759095234,1.0085913129937516
1.0504244499927964,0.9431127760199537,1.0039551023372633
0.8670364509255819,1.0527011165046325,1.0362960102560965
0.6972844369464485,1.0560183370339526,0.9898257197737802
1.2552862865410137,0.9987565351660233,0.9221525544673362
0.7985892702981066,1.114968460363373,0.8996545781860719
0.8959876840681672,0.8775191078909722,0.9862427165527569
1.1658304399500503,1.0353651041338812,0.9389634483550803
1.1996270629042276,0.982243274193038,1.0767968049205376
1.204753750843472,1.0013070976471734,1.051366956683924
1.3590950063032516,1.0185824065834002,1.0037606682130085
1.4197643288244064,1.1031956642423812,0.9837413255871583
0.994930538327016,1.0467802658089602,1.0059648755086426
1.3782897497791293,0.9388091699615684,1.0134397691944246
0.9130036777484741,1.065590341931213,1.0430698141405006
1.0207176651246095,0.9271748884985394,1.0516356977271792
0.9866243679240831,0.8622080072481022,0.9902195757649873
0.986600262064721,0.8702106082933798,1.0027716644896938
1.2510266148901106,0.9552913972581223,0.9679397620950034
1.1052517932305697,0.9079196740186646,0.9624752744393668
0.8082707475212174,1.098330995452057,1.0010080723614183
0.9038147074741993,0.9023594498221619,1.0584039922219046
1.2490954841358888,1.0070799024303205,0.9481564472545129
0.7442794893097666,0.8565913932209708,0.9662953908012221
1.027413551753735,0.9393170456541795,0.9365593177238479
0.9760978324713337,1.0004903219819605,0.9832613423020401
0.9173813840002798,0.8649406414078351,0.9516006115708423
1.099709644088732,0.8722124368387588,0.9629396828718949
0.9442314148909552,1.032204739475882,1.016467083642209
1.0622586297628018,0.9387381650366311,0.9946111838200983
1.3546285966288303,0.9260394567052092,0.9840148263122384
1.1033778621823433,1.125145143987139,0.9732605099446608
1.24732055426837,0.943363851336622,1.029813079530783
1.2288406697707175,0.9586255694472828,0.9939141383883756
0.8839801752638484,0.9553827292727173,1.0393436850205289
0.902415891689137,0.8800645542582549,0.9846521302585737
0.8411812862877812,1.0370626686743845,0.9904295628171086
0.9847173902441895,1.0288319235695602,1.0472707131044174
1.3293641322492964,1.0483299511185389,1.0124919634355487
1.1059543977589927,0.9669413255923962,0.9898546667051225
1.0205406646977297,1.0591625057695482,1.0033273098656617
1.0730309345999445,1.1689087507039426,0.943441807964764
0.8250505976642745,0.9803032268615088,1.0379053803631695
1.0156685397401621,1.0558762070703098,1.008610442493003
0.8003661117080418,0.9405439091641354,1.043720387805919
1.0110300849568374,0.9040902069391361,1.0096717834844962
1.0824007944058527,0.8798904273218485,0.9820434500186076
1.126188630742762,0.9244223617744678,1.0173770330212337
0.9318298400573151,0.9360642405760444,0.9721161597947606
1.043249792186555,0.9993824644253928,0.9695911229914543
1.6735598835434018,0.9898940989109919,1.0628034250997578
1.3929204620420328,1.1667203531955304,0.9665360103022254
0.9267039405985006,1.012278847847197,0.9831344505869581
0.993066224006397,1.0338340410406373,1.0683863426126436
0.9044664843820452,0.8791980766072541,0.9894542631123228
0.8577870825187053,1.105715294930143,0.9114658168472894
0.939048660761673,0.9848974335388005,1.0242306035577853
1.3340598753685344,1.137056817643666,1.0509354216990812
1.1227298060111561,0.9929659498905888,0.9557224362419033
1.4301506164837923,0.9319959964003774,1.0136403722919016
0.9891310614026927,1.0213287191112324,0.9782940941945469
0.9534653362000768,0.821593881373068,1.0085314423539555
1.1088467735312812,0.8990929548553915,0.9985550974321077
0.8714021271086211,0.8520892032711054,0.97031182051503
0.8446358689260396,1.0338710320458049,0.9277589760295215
1.0114071220504763,1.038343860330062,1.02893999707325
0.9130101161913033,0.8416051186267108,0.9974706598544022
0.7313353644708696,0.9169553217530543,0.9655133455771198
1.3515245755848535,0.9155766576073082,1.0306634740894187
0.9232320589692177,0.867884457007157,0.9930743873376692
1.0933808558451577,0.8634640966790796,0.9869646209629942
0.8000460906749048,1.004535680768611,0.9795243066734601
0.9345243309085723,1.15350926701065,1.0188028585539253
1.0253742733491118,1.0366400177773376,1.0072393047278434
0.9688800645611456,0.9016704501740079,1.0238018435832155
1.2746234998254145,0.9132839301755626,1.0216624161998744
1.0003200138131145,0.9790765065404643,0.912214826120889
1.111718824856641,1.1148481643958004,0.9811427602816568
1.0467090629543079,0.9706358666891841,1.0265278439521912
1.1267455716145258,1.0484439033786097,1.0094710195946026
0.8650595493230063,1.0839398673043497,1.0560385681462685
1.0414291981892083,0.8869319307758516,0.9405456245611172
0.7333683150873735,0.8935127495198337,1.0127302215669374
1.008158814105296,1.0673048014007613,1.021053475380789
1.1103678746765127,0.937748245756556,0.9759560523239984
1.2023725351028425,1.124993532161252,1.0010420498481343
0.7178122751661229,0.8842586483823677,1.0563612569884424
1.1144158159536386,1.0262439508666092,1.0304138576203874
1.0192311281613287,0.9132107146103627,1.0254249263986346
1.1491790845239849,0.910426653616208,0.9867389562973057
0.9590722437066046,0.9322315407278989,1.013391497166955
1.0901536927391045,0.9822242533729258,0.9674203684535669
1.0622301721733614,1.031192973611543,0.9485516908915498
1.1869479465329538,0.9337371430565902,1.0223757780235456
0.7922509712183438,1.0416184463591942,0.9724556084940637
0.9462244722643538,0.9749492738226568,0.9681499127518155
0.9225933185123203,1.0058254694585096,1.0689458161154184
1.326431805785362,0.936069715952795,1.0047004327567681
1.335178955509967,0.9672675435183007,1.0095882223504082
1.2671097356644125,0.9955435065168088,0.9516729306718302
1.1972408522474303,1.0289607207732212,0.9516631593578689
0.9181219629301672,1.035530919883125,0.9613256030150943
0.8199575069282921,0.9873483695675658,0.9976337309514888
0.8348347997596043,0.8664205968607427,0.968376750529655
0.7677669817262818,1.0788621724964313,1.0458252360265032
1.0652518647402975,1.169921928746041,1.0878913096319078
1.029998311257747,1.0006784137882456,0.9401192836849699
1.1200373202009126,0.9317454055118517,1.0209472195966893
0.9409495177413345,0.9997978684091217,0.9441375418360574
0.9263089375329269,0.9780861310088103,1.0086043338804487
0.8577034447843329,0.7583231163764026,0.961084043994504
0.9689070127937198,1.042037844431508,1.005449651713843
0.97464026111118,1.110875882747487,1.0024742091598537
1.1478278960974808,1.1194675882176228,0.9992112688358062
1.0725524703572322,0.9131776263653888,1.0329598342352189
0.8776241783763227,0.9554526563760591,0.9468481272377027
1.0935933187086522,1.127423709452362,1.0597681036316604
0.8493077252705837,1.0992707422586774,1.0075886311716549
1.0510342243628665,0.9181626625128081,1.029924653080114
0.8159814139209791,0.9408506358823445,1.0133019118017026
0.896513714952258,1.024532675010246,0.9761650163837835
0.9170210393745596,0.9355449473852974,0.9850926620739601
0.9193256010744255,1.0688143635943947,1.0058949593538726
1.1834073566955572,1.0311145680839529,0.9909384871147445
0.8837919302926758,1.215241661869074,0.9504747731192603
0.9601562702118458,0.8888690695819729,0.9962620763998059
0.9151126289731795,1.0539168976077198,1.0382246428227466
0.9091998892843351,0.7754868391329242,0.9851035222808524
1.0900682231695686,1.1250769094900088,0.9841472314270483
0.7924077478809928,0.9489027517882354,1.0136379653715573
0.9467235379058287,1.1885278835965134,0.9759089704519086
0.970364022209149,1.0196784883341747,0.9858997074701604
0.8331706820926963,1.1263712288534404,0.9772886142594336
1.2722283557475054,0.9086610373730538,0.9433251732436444
0.6578009981603674,0.979409483875346,1.0682111603559685
1.2317083016287866,1.052512867653484,0.9146208205495494
1.1586490732977914,1.1029011180307866,1.0182533120627357
0.8929840268613796,0.914378773382624,1.0239464430125762
0.9580057072008569,0.9831435354520897,0.9748270901936413
1.187004726311005,1.1526497799826694,1.0069814863580593
0.798013732776359,0.9498897598193641,1.083494298738526
0.9684981942780774,1.123431603480858,1.0418566620647913
0.9713266735677946,1.132618597421819,1.0252109790862118
1.0397343385887137,1.0364607445375806,1.0513259208465566
1.5028325971131706,0.8808394983690898,1.0175120280185495
1.022367016794365,1.0292245936329263,1.0750692752519722
0.8306504750216501,0.986040173720421,1.0544819845290379
1.1793135547923095,0.9108688349455097,1.003818856153461
0.9611227602448982,0.9915704768772453,1.0320701845925209
1.3616089687005695,0.960999424411279,0.9884221818939958
0.9970169823280464,1.0689794468153417,1.0117211060768065
1.2634949665787474,0.9073201203872228,1.0023086695891534
1.0255177926334993,1.0092230428073659,0.9915273834004817
1.1375650394764136,0.9395262280488632,1.0103517335417376
1.1364625119429128,1.0135032238416337,0.9402443959379578
0.7523723881085118,0.9150792572963946,0.9525166137664788
1.2961717881656836,0.9627743541995516,1.0059178885989215
1.099550977081353,1.0635713871170491,0.9568835459591808
1.110248772091689,0.9197074340118758,1.0347909963056396
1.0337062621371578,1.036190512854868,1.003398167858893
1.1305659234107626,0.9509679154026678,1.040308672494617
1.0154940092039988,1.110810058113003,0.956077262480448
1.070555047291734,1.0500800662058225,1.0549737068071927
1.3391531163047528,0.998238337664811,0.9510719645492934
0.9638446795952402,1.1495474126962213,1.0138425988145519
1.002134500821128,1.025432008420339,0.9806154188445002
0.906711184525532,1.0226342589124475,0.9835737996198132
0.9604997635994875,1.1283470728518115,0.9735838107648611
0.9016700954746986,0.9816040002763168,0.996725152390067
0.9640168635836154,0.876772558117958,1.0095654397975014
1.2898831613202488,0.9968828166643017,1.0133788276531792
1.103292172749712,0.9182224278283937,1.067724645530467
1.289412975325849,1.1015495415695724,0.9725704401819981
0.993601280932253,0.9843665212570125,1.0087972872485402
1.1746645529072852,1.173720098807935,0.9808481280546982
0.9947118713979697,1.0133620406620154,0.9270313342054525
1.260672086870643,1.22982331061193,0.9336255726025442
0.9241451088214613,0.9234536691012016,0.9065259970151104
1.1561105806264202,1.0304604036656233,1.037538451463738
1.0743296396067685,0.9943394825469933,1.003669604543321
1.1358146122218156,1.1143679006553606,1.0032265817377104
0.9349270775402796,1.1053076597201688,0.9947334118456904
1.0695639580077119,0.9109346089674897,1.0062473711460242
0.8609003654050644,1.055455507618075,1.0317238300757323
0.7071736146406933,0.952368257117508,0.9473720600036529
0.8180968378769873,0.8266374009228153,0.9865132151285234
0.868258362753034,0.8824090179951947,0.9779716615822754
0.9032495868059036,1.0044866446063254,0.9457728593274443
0.9698480145759558,0.954525387345518,1.0568295626587236
1.0632396859515194,0.9799868361897942,0.9842781477271046
0.745120630968812,0.9820150656066239,1.0232421281286526
1.0506986897031751,0.9578975752859451,0.9977789506568765
1.0756245198865366,0.9908830818870036,0.9560834578819618
0.9461128797397763,1.0050521190155033,1.0103697571142238
0.8714795518782085,0.9887740274834296,1.0092584776792286
0.8000260245216824,0.9671984050758244,0.9615970970260385
1.0239532817648695,0.9394299431538695,1.009918442399749
1.059928983932553,0.9761567692178925,0.9834559882765831
1.0341930702013202,0.9339051895490613,1.0005046203193375
1.0623626008671878,1.0486564821538615,1.0300866907409152
0.8052264670494531,0.8044119536150925,1.0145241375615222
1.0084267718428093,1.0194541397881605,0.981001633775357
0.9352249858256354,1.0285987430710624,0.965300897254461
1.1748015517596313,1.0202360793679572,1.0383625836084442
1.1338038196112767,1.0798697554820293,0.9710228528400178
1.1173387169995204,0.9994920861780194,1.0170007179862661
1.288378184151409,0.9961791380073353,0.9796048349718699
0.7931516002379155,1.1210541350531578,0.9113341127065572
1.1224104382957036,0.9362523553983295,1.020586920795617
1.2497569629453995,0.9526321050534537,0.9994565282307728
0.8072551905122634,0.9928744044373945,1.0038261297084146
1.0834034476385932,0.9282366100725082,1.0299998387936513
1.0247456653941984,0.8785037906374966,1.0169734480947537
0.9908510335089341,1.1067087486313547,0.9538748704896595
0.6813428724279396,0.9530990576200729,0.9675197284301698
1.0052786187570661,0.9716900991404251,1.0173200605146735
1.0921835903001837,1.0453133723814798,1.029659108266589
1.208262411200518,0.8922269308742083,0.9544852428781416
0.9322072708238052,0.9822942962817667,0.9835457076496827
1.0320167997174823,0.9190911195029513,1.0251554061634331
0.9098283989575264,1.087956913979355,0.9345711188751552
0.6405357272664376,0.980143680891866,1.0138152411845704
0.8284312218591203,0.9470237530620151,0.9742037339427966
0.9209976759816334,1.0526969417681964,1.0935743444441675
1.0681172054752632,0.9947547003681205,0.9882355534170636
0.7581284281165628,0.8836858250438746,0.990421191045297
1.0665985912380194,1.086008157951917,0.9824580904088819
1.0730393262831743,1.1866585324538859,1.031564223421795
0.9917318656645773,1.0377986873874196,1.0021523025916004
1.0667802116547516,1.1018436193359358,1.0536301672440807
0.9972342790029447,0.8700251969888094,1.043319837158989
0.6916391934515991,1.0485261854331518,1.0287716067561374
1.502803946673696,0.9173708281920442,1.0209814982966925
0.964609315599533,0.9947388707502776,0.9935970367288576
1.0394382224184642,1.1241562620403456,1.0031998490389011
0.8312284170157055,0.8392730639793937,1.0313286930693268
0.8720993956825667,0.8142623550152788,0.9955089266555923
0.8124043655591427,1.0888628320194367,1.036338980289214
0.8853319942173408,0.9811223322333185,0.9591280839520498
1.0842427805769947,0.9331898670641825,0.9797962325439378
0.780670361076568,1.0565780140814418,0.976997858966001
0.9292389179516359,1.0885168858606693,0.9553444305032528
1.1104180851971712,0.9504077232537111,0.9986179010265298
1.1286249684030143,0.9390256743375609,1.015156286400093
1.3821757354198323,0.9193160653176342,1.0291763496632587
0.8428581562495244,1.1183954010318424,0.9958486089860251
0.7985786787104738,1.126860445214967,1.0042341591406465
0.91821180484525,0.8643194628136637,0.9880935150450026
1.147666103277016,0.9219718083766659,0.9400793968633682
0.8770315640882208,1.0108123835452,0.9746161647492043
0.8693351577137233,1.002234064789703,1.0136396928419844
0.7260800460874932,1.105478051487129,1.0273932419828753
1.172771141444024,1.0776103602978566,1.0181854368421663
1.020230008376854,1.0366078487766566,0.939070118544377
0.9495402033482288,0.9433028263260328,1.0236766530617936
0.9484892344482111,1.0628994023045748,1.0382599628399352
0.773698387913293,0.8687489280276459,0.9931723405330711
0.9462953264647309,0.9754589307176703,1.0217213110676637
0.8261862544727445,1.2323546401194632,0.9447012596510075
1.1336118956829229,0.8231491743616898,0.9750133441145795
1.1736884210104457,1.1384296534668619,0.9282334212801061
0.7633199447362526,1.0051867406753099,0.9719459617379842
1.0648860474886135,0.931318720756987,0.9584173917843396
1.1506546894885716,0.9030923667162548,0.9637597886746986
0.7839658453656131,0.9159522734606548,0.9838569054111878
0.9027777628850466,0.897340825764882,0.9818312480922678
0.7343941022016296,0.9567652508976006,0.9764554146167418
0.9736073408000332,0.9787620317844266,1.0222355793869857
1.002766753785619,0.883748524529548,1.0239773902962106
1.0911708669115043,0.9979132545273579,1.0127225924350036
0.7998040725692073,1.0621933259471203,0.9283450101957978
0.9679458962953937,1.1189051350695762,1.0493177576113206
1.2038005744847287,0.8478871765135416,1.0350527632238806
0.9639622094193236,1.0374726734744972,0.9867681869152318
0.8420836770848819,1.096874970344443,0.9693529617599962
1.0941284109675928,0.8714031468581647,0.9557064874316593
1.0630902801334572,0.8764263170238182,0.9920292474197995
0.9946456142318727,0.9830762266134607,0.961109677556394
1.0809206987876467,0.8843796466315159,1.0489132672356758
0.8439012355909234,0.9180712248349738,1.0724893862001694
1.2022826929072727,0.9681251277780498,1.002672042795187
0.8491151923671635,1.045619130180793,1.0471913362556629
0.990259054206322,1.006243593113274,1.056090724133845
0.9040258876097309,1.0931727617451463,0.9559937620065834
1.0293791963096788,1.087949170328185,0.9257267754395145
0.9101992315010875,0.886350685402835,1.0345721504688
0.915689918645787,0.9869917046416955,1.0293127464548757
1.182893696384499,1.1187409009961868,1.0187869009645782
0.9048679557434731,1.0701205273430126,1.018332494515782
0.8496767113074406,1.1384146462413651,0.993976361964363
0.9266111373924386,1.08269289022365,0.9930765641797343
1.067355663430166,1.0259557852328665,1.0140430854338647
0.9288112374854842,1.0685314413984055,0.9613141154401986
0.9361562905109362,0.8193721534406441,0.9619611427767157
0.7963545661227207,0.9535157762693381,1.0151225684926615
0.8469960293844127,0.9190189014712832,1.0111710733860206
0.9165443685823378,1.0804560764612823,0.9439166102398865
0.775570587653671,1.1127823067214249,0.985159873073315
0.9121620410738027,0.973061820939283,1.0087585753769905
0.862805989426637,0.9920985792376706,1.0800972673543177
1.1512032658285924,0.790945007882744,0.9757962594666215
1.0385711812928573,0.9257170185963421,1.0503861120929496
0.9746095201529266,0.9882334051670623,0.9621293195107169
1.1869196187005837,0.9322232673788317,0.9895452719344123
1.019371150833975,0.9750920739085872,1.0230171442863838
0.8615480133897854,1.1339118954472347,1.0265118893560088
0.9684017341368802,0.916811734805909,0.9920135662196818
1.0735629969872735,0.9971770210132852,0.9478659651292908
1.2106748384295412,0.7934035013916929,0.9958925358196781
1.0222801874867349,1.0412528445976013,0.9939738983844376
0.8618350283719434,0.9069598157873437,1.0308833825874437
1.3227029428149841,1.2620205062701837,1.037260196353024
1.0767910192057264,0.9913243209102033,0.9549763387485459
0.7873065988948683,0.8749691403520345,0.9964936175249566
0.6701307697112894,0.9486478315108872,0.9346036762371884
0.8418574191872844,1.0452104958175745,0.9226405814789581
0.6311132600386483,1.100922359385844,1.0053844539724943
1.1074156373183985,0.9411410996544083,0.9411670824043535
0.7558056022567685,0.9100150085016261,1.0163895272267274
0.5874986956408297,1.047351533421654,1.006540894568661
1.0210224981607512,0.9402884513306495,0.9331177270097214
1.0523503469640996,0.9715406274831867,1.0147272668070622
0.9855676458878968,1.086028614302227,0.9261050737767383
0.7439396780086693,1.0116210814804905,1.0235997812593587
1.0978441994521484,1.1123261530286004,1.0304884455337657
0.9458709378692918,0.9280774557388771,1.023951234231594
1.226378466085373,1.0053648270954434,1.0305685132883446
1.089917305214361,1.042431259211924,0.9885025311489052
0.9883605984148897,1.0291514483152853,0.977308770435721
0.9269723637953271,0.8986671364393657,1.013133584882061
0.9946207355965713,0.8920434715864569,1.0345929734808024
0.9254438934329863,0.97345509018507,1.0105475523141572
0.9346899398926336,1.0027004889385285,1.0294611897284351
0.7656030763701267,1.0071455158386036,0.9554789926036449
0.9914103331946513,1.1458169332881716,0.9982500875193319
0.929968552253259,0.961086092434826,0.986867206754613
1.0077888987956218,1.0141637187888093,1.0367748951281062
0.9006128137094471,0.8398776985799268,0.9746183557701348
0.9705268703921391,0.9383211235582449,0.9715385312493696
0.9136946872957551,1.2217599748677772,0.9844115800448957
0.7711710093012305,0.9361116251674383,0.9656459195926526
0.8749239021956513,1.089671142060813,0.9810566022963405
0.9434833124327823,0.9459361255765204,0.9944150533534503
0.6338527019518156,0.7749376545011126,0.9959903105963948
0.7785628161894771,0.9301703049951512,0.9941281376807414
0.9364447904436489,1.0761715059989143,0.9796637526209976
1.267523453144441,1.0263879641699831,1.0297329550134484
1.0954396285115537,1.0060834743064468,1.0366299432577029
0.9259823380359281,0.9630230051227271,1.0226867994069924
1.0165869282544548,0.9164071005687399,1.0079218348794985
0.8433489500668522,1.0386080373423312,0.9818214454940785
0.9211913888163734,1.0654626489408732,0.997972310057814
0.9484416743884476,1.139241556123618,1.0310732000978733
0.9554387590533052,1.0685580444612355,0.9589996466175004
0.7976152144131801,1.209163266605548,0.958743057900339
1.0668658423322372,0.8908699939311725,1.0323852090316072
1.1180430741862026,0.9907115859458594,1.0279906051326297
1.0265120461561126,0.9907902403326807,0.9886960053704758
1.421625783219321,0.8941931450323916,0.9930943780246091
0.8391497281221033,1.0561415065075144,1.0080657460467057
0.9348833572256146,0.8553488577792221,1.0324914577446933
1.0182997750518823,0.9288904926124788,1.0414732025249702
1.2225866447458604,0.9565813093844455,0.9997258535164407
1.022988732641089,1.0892225778922064,1.003457214839915
1.3151457212103514,1.0119087343039743,1.0445523248206074
0.8560691650492023,0.8565526550153798,0.9936371037078477
1.2953514032259617,0.8810364344721451,1.0421581039205954
1.0346961651583695,1.022039378000341,1.0110922916868803
0.9520497884095965,0.9708046098936383,1.0128267285499655
1.2610725858321183,1.043675854039281,1.0309783767816494
0.9050437687414008,1.140308795544539,0.934127274173922
0.9498645678132182,0.8536377244156133,0.9941421832020997
0.7880123760566358,0.9100550947493211,1.0249973309540457
1.0005535961444143,1.0207636311690873,0.962260124648808
0.8033150592723998,1.0103954077828021,1.0331312480046166
1.2141540499052301,1.0599181081130058,0.9595752754794639
1.045674342837985,1.0622560372887344,0.9979159769911995
1.0443255761232275,1.1359163207577836,0.9949074906050713
1.3649998198568702,0.9446276077913958,1.0125233430893015
0.9633794727413381,0.976642770654751,0.9867279183528446
1.0233519980733847,0.9305359658299186,1.0219771817104828
1.1405475228994644,1.0523239510213878,0.988589636374494
1.2818788161544483,0.9907700158688321,0.9933565450119399
0.9721054349544753,0.9566820393809368,1.016665828627816
0.6197216748535692,0.8185574409555054,0.9909864102161703
0.8992463331033411,1.1802823019388253,0.9871704805533469
0.9907914793380004,1.0767330047341315,1.019587537396794
0.8696008208714846,0.7776608936938152,0.9939886259970278
0.8478899842163637,1.0766036387129243,1.0371419158495045
0.9769246613161727,0.9355398739406082,0.9605270252436521
1.0997874106966887,1.03441831962885,1.045817411193141
1.1697322784544433,1.1556129585541155,0.9872607480861765
1.3097800810656945,1.0174287730277627,1.0500805405978353
0.97022956168866,0.9717583558035192,0.932855043887372
0.6587136409968892,1.0139301794886768,0.9939017924086101
1.0881554859180553,0.8834249746443894,1.0314838576835712
0.8470861342567487,1.0626936202173927,0.983707247973454
1.2002470364180635,0.9271742089687477,0.9950135272489726
0.8669556656267399,0.9020733066674497,0.9931521347269369
1.094391808884153,1.0382921170935262,0.961750833729942
1.1566394050746762,0.9600569456980342,1.022779023357842
0.9037606744169386,0.9433324957183247,1.0173248836116626
1.1324055939617603,1.083948312516838,1.0327766606336841
0.907172387867295,1.115626795172107,0.9170621497989796
0.8153439656598238,1.0102686116677508,1.0374680417340951
1.1224649594899057,1.1038669304549316,1.0461264054551063
1.1553311717456796,1.0108383351810408,0.9660251834937776
0.8907769225892679,1.0162167768502768,0.9972057958198436
0.7730995746999438,1.0885329954358158,1.0713074704798842
0.9342739455182583,0.9929971841720121,0.9673045722676235
1.3017904342512887,1.0592926108031628,0.9635040112738783
1.2691706675808143,0.8761493842755681,1.0410442217771312
1.0809771592860495,0.9959267292845659,1.034003450022448
0.8756336104569262,0.9034566617834939,0.9931575953463078
0.9758309366621666,0.8937106624007889,1.082008122817018
1.1196485152597453,1.08784031792876,0.9869052485361457
1.2654443422191386,1.1347473344980736,0.9953293175844525
0.8201873891293541,0.7651499428875005,0.9549855225794429
0.8539051790267982,1.0908323620891414,1.0034688557926603
0.7120885378738637,1.0290425695963994,0.9956900239708832
1.1695248448951172,0.9715447967474831,0.9960551416211842
0.6460136640627512,1.0348002630261197,1.031450997026492
1.013871826636983,0.9283231340327639,0.9547390708711964
0.9964863685670575,0.9178617181894324,1.0040154177010912
0.9651772976856787,0.8743889751888994,1.0175531082998732
1.155461924648527,0.9335411738840699,1.0223421121964265
1.176757935131047,0.9346402211718262,0.9533210661840407
0.8728704837110491,1.0121837875601716,1.0186160379881644
1.2186263092038874,1.1002357017592963,1.0233467299476373
0.9883649786904557,1.1157718529400709,1.0062765752698464
0.9995992899203713,1.00681147303013,0.9983222424330885
0.8783081123712395,1.0144154376354764,1.0411677983679182
0.9330514165937247,0.8660320322676174,0.9416431417943896
0.8363342127111294,1.0916862439967419,0.9377603328064718
1.2210963997957245,0.9370914741523093,1.0157316576617637
1.041536079625051,1.0538650853515779,0.9983288430385064
0.9490163244561967,1.0712307156772225,0.9778558933272755
1.1257542184027751,1.038971825837617,0.9466818283538633
0.7315738852852218,1.024296478469527,0.9666811441874642
1.486483563913831,0.8565591394453793,1.050480145896566
1.3689795529536677,0.8907881731724205,1.024273217897065
0.9362793904865201,1.0304102681450784,1.0285986472675546
0.9180802173358296,0.9064401892828553,0.9925227174274411
1.1062657871900672,1.026649839293199,1.0512768939485184
1.273476371140985,1.1315633575809438,0.9993413227137727
0.93211702807081,0.9493974345512455,0.9677176817896092
1.0622419486227797,0.9853771764288349,0.9767962315121609
1.1724851145062096,0.9502687721758608,0.9673195257695738
0.8550649015516745,1.1320877425127098,0.9775591692129678
1.1166532688140305,0.9264616836951223,1.0286898098378343
0.7811117018440874,0.8328298664273819,0.9821113354055577
0.9523304893894052,1.0002589672942213,0.9645439025288006
0.9077901208395792,1.0278020964090295,1.0352937188004938
1.2741781898390858,1.0442152651249312,0.9987398392455201
1.026421529286075,0.9921025192776022,0.9335276079304896
0.8371480382717855,1.027688972830794,0.9427462598305696
0.9943663159591825,0.8604549566703238,1.008876001072555
1.0509431741123367,1.115114707142443,1.0066661596187008
0.835804587838034,1.0162304343460846,1.0144146447109479
1.0609714051512438,1.0244174854711767,0.9661309529479691
1.1872609658233426,1.0932130556067088,0.969839273761678
1.3479465204631602,1.043022349698324,1.024153964153342
1.0931863465745115,1.1321479579551732,0.9167892367822236
0.7750811595393058,0.9044718453395608,0.9741704202806188
1.3943149962670442,1.1224658194605315,1.0177946537373417
0.778088767425555,1.1130809395431611,1.061923312113419
1.2544880168042862,1.0741176708290006,1.0109478392810551
1.13504829382698,0.9578096824739992,0.99223602710589
1.1078228880999719,1.0654140546145339,0.9920487314555201
0.9639143052854804,0.8267040706158665,0.9921941101014363
0.995633838499472,1.2690735060058151,1.0103994676549812
1.1552934127169103,1.003950953786513,0.9935400136182714
1.182866893568357,1.252950928435212,0.9318718419275479
0.9874144386303048,0.8659972015012146,1.0531733113991175
1.062831488364221,0.8648971541699888,1.0182838294819188
1.1046715275363952,0.9701944713654469,1.0814760769583096
1.1295724998528314,0.8979669813326332,0.9175566517402794
0.8510448051027173,0.8906893024538591,0.977253009795902
0.992867447157215,0.9971721822973072,1.0256400655574565
1.1510394152073589,0.8885730509862397,0.9493886053672371
1.3340707976449893,1.0578021930274257,0.9752188566221539
1.1686187062484525,0.8504060294767251,0.9590815093880076
0.9472714357977003,1.0680372454555247,0.9968520776041885
0.6190940912365801,1.0241948708502484,1.0588882752571935
1.0248589548940714,0.958936328100541,0.9949733624407376
0.7327774158771525,0.7966873043869157,0.970843462789322
0.8991849307146068,1.0616380311814462,1.024190897090829
1.3067421230286433,1.1377961321686745,0.99345181788759
1.1188345209626425,0.9258821673169185,1.0408106501728247
0.9375624561832601,0.9720973102507735,1.0410450907887032
1.4113785975099948,1.0746484570989474,0.9399820961386336
0.5657825109593405,1.0059368883990634,1.015859140544746
0.6841459274733536,0.9589612117190963,0.9748314417195519
0.9208988714361308,0.9757385856434005,1.05844814029199
1.166934275848716,1.0403968754546338,0.9888127940014746
0.9758951628798307,0.9624056742102992,0.9641137976076287
0.9339840126798724,1.079247980028708,1.0006106775326142
0.7835684430083276,0.9964962675764888,0.97416315078391
0.8280002647360859,0.904081138040915,0.9780133900247588
0.7226717269947636,0.8984966421416019,1.0255526164275166
0.8060587849035451,0.9241280476769906,0.9549221026306157
1.2453543601556756,0.9041950016805929,1.0256285733724033
1.1435104691440503,1.1567570976083767,0.9478233458310644
0.9281175310360963,0.9190711221336656,0.9810377223127064
1.4813819733721036,1.063531122528806,1.0345938717040593
1.411283534425598,0.9418638956248349,0.9913387859614636
0.8586747583633692,0.9981637587656156,0.9529818324338727
0.9383866612367742,1.1088368475534818,0.9916165166287215
0.8631596764599978,0.9268830514116297,1.0024392718717579
1.043244490218302,0.9970593191850525,1.0053474158258082
1.0710613363562318,1.0218698682845342,1.034991725967702
0.9389294726413003,0.9860640040596829,0.9936817937015358
0.8390629809304375,1.0427514765404087,1.0260516756228066
0.9986077846299943,0.9042431888835967,1.0115962296764123
1.2335107564017667,0.8791760121980743,1.0366525587657065
0.9139577670967369,0.961126735710896,1.0799713974909855
0.8709422416044845,1.0644145331802828,0.9996574752497214
0.9466701642654795,0.9846145470266577,1.0606631109164746
1.42186182051256,0.9119515635809265,1.0527968984803309
1.3791811147297208,0.9992366103277162,1.0010538672310254
1.2188607038265384,0.9446853042266284,0.9968284199463815
1.2645629810274022,1.0198416854870271,1.0204690170634996
1.1720563578750993,0.8682368048807911,1.0222939092193293
1.1259539066256787,1.0193142599379756,0.9946740127474382
1.1244558762219476,1.0163319185118886,0.9844891608197525
1.1775947573792047,0.9414679288736819,0.9429340272980663
1.1506960110971511,0.7698543687670228,1.0030184868351084
1.0245115778778338,0.9299082967268206,0.9924603943931268
0.8599543871116095,0.9536210685532822,1.005512368436596
0.8431505590031253,0.8384817588510705,1.0781861845057892
1.4015869185863388,1.0514616748343086,0.9684884032865186
0.8337835406368271,0.9822191463327281,1.0003061551318966
1.2128081042355492,1.0258728442345293,1.0412372863653465
0.7990121393725779,0.8855933683872611,1.0143101894703186
1.278521113562988,0.8564292741216724,1.0384014713140859
0.9339263175743849,1.1809618030685125,1.0538873233722608
0.9912665998005523,1.1105341326891427,1.069153146211599
1.3310585820041492,1.0577841940497592,0.9612899338304749
0.9247094636240143,0.9823197769824097,1.0166492180055473
0.8312844551357859,1.1406714426986215,0.9285572348839531
0.7195076399393621,1.123031210992388,1.002940164145193
1.0723488645631447,0.9476003776798043,0.9211892791054455
1.005568661852441,1.1016404789881133,0.9904426011998527
0.771302084020656,0.8172681339490181,0.9781906626351677
0.9477790386798821,0.9860167424131377,0.9961242278374094
0.9160069222819074,1.104866439771683,1.0654213965060813
1.0888274469632697,0.9784763047010067,0.95548978597046
0.8513625186756932,1.0728533966310643,0.9788464876836622
0.797383893727813,1.0146617251389207,0.9989282717644375
1.0039370747301493,0.9697729574685188,0.9860803151124401
0.867518588010279,0.919969784718888,0.9867572892988035
1.3721123861174136,1.0793075254399969,1.0675792352362183
0.9035814067546113,0.9809509547936299,1.0055632560032974
1.1673471461682141,0.9932987295151978,1.019898711670074
1.2296166001892526,1.2071918266994355,0.9762155456879892
1.0629071771188547,1.015665768171596,0.9869275191497368
1.0264013889421406,1.0282649846967047,0.930825640012964
0.8120283583808452,0.9853750490847608,0.9392709501124455
0.9482075887661164,0.9335042321059763,1.0378338998087846
1.0530504362229296,0.9046938363216299,0.9701175137433417
1.1645507404778996,0.9510269850857285,1.0467230947264807
0.859211431669852,0.8274029685809355,1.0919521500528353
1.3501259348355035,1.1218392481700876,1.0429347389448005
1.1411034238049893,0.9981929657571166,1.0903563993830623
1.009932579110677,1.0000241936614482,1.0003624217504221
0.8158847581459321,0.9842930537813409,0.9950266886704195
0.7353526686633286,0.9382361457823507,1.0184009647862953
1.015092191575316,0.9909059599288788,1.0118124134200317
0.9941420421065394,1.0752645061313673,1.026641147992787
0.9522304229427692,1.0140523649564261,1.0459616709809245
0.9773596486154394,1.1800204810233677,1.0389898436424774
1.0304895458410068,1.1788247656953996,1.003543739833644
1.3219876458394948,1.0762519961932995,1.051822108885113
1.1270049899414116,1.0869768813763931,0.9476969474091307
0.9801295699961352,1.045242921826059,1.0081717724291532
1.091980033023733,1.029664429832548,0.9550942477922592
0.8395720217119752,1.065386513613063,1.0046898680269787
0.8424595245329343,0.9704716674296845,0.9765766336894511
0.9261298284844102,1.0412827916686718,1.01130929843495
0.5695880844512986,0.914183122036927,1.0629997239431486
0.491140377394059,1.016237371891556,0.9850196324850305
0.6817063249300866,1.0718839986104265,0.9831602143886241
0.9263500843049979,1.1295321068743718,1.0115564111040098
0.8096096781252334,1.0618300842902897,1.0027220521125082
1.2072256859049024,0.9688980492186131,0.9912446798045176
1.0808636522075936,1.0461160902333595,0.9886768442665114
0.8269771859550429,0.9385585540670782,1.006746114831652
0.9499296304916978,0.9758227694207978,1.004913674882203
0.8496854084404764,1.019848087622707,1.0501425054338585
1.1042384057913608,1.070698639623898,0.9788984621984397
1.0741506203195028,1.044789676632246,0.9872440237276331
0.9862491714398103,1.0408902731762528,0.9937857977113996
0.8690193861483253,0.9956038455956914,1.030418560112685
0.8026939453720461,1.0939428047711997,1.0353542744543431
1.256625388837446,1.311466427361828,0.9806764385547124
0.8359035265000123,0.9746095424406693,1.0038044461361553
0.7865542642120412,0.9674890221002854,1.0227268859489596
0.8268961667264685,1.030616111275517,1.0053519402649833
0.9800528496646188,1.0268910107258968,1.0184198217258478
0.7965615277411868,0.9516218844394109,0.9598238792290966
0.8501191882175321,1.0061796101992122,1.0161340545700661
0.8239098933496074,0.9870775240815074,0.9710529063518907
1.0535650354129444,1.0675226088389391,1.0210650555877534
1.3954311191464956,1.055115912161014,1.0084151299863409
0.7114433423526797,1.0601064907199866,0.959858554644466
0.8189237137863838,0.897638136964968,0.9818461595386481
0.8302675468404609,1.1810068376383125,0.9483530998496542
0.8334228123370513,0.9318724875855531,0.9731445000065816
0.7817268092771777,1.1549827575444795,1.002688685676812
1.2662159305129752,1.0448692786020395,1.033046138575891
0.9439458564093272,0.9734737598687734,0.9450841891208568
1.167543957019237,0.846807743905664,1.0653148109388315
1.3052730629855784,0.9939877845052885,1.0034106545149808
1.2767731061133971,1.1547235756225902,0.9470677209255681
1.0931209905824408,0.9064604746820961,0.9735148480751263
1.0590178573490245,0.9575991588574815,0.9691277383749117
1.0822426400090914,1.0149981796318401,1.0892890524156342
0.6238092536511788,1.0237113027447935,1.0170470885315084
0.8322158660608264,1.1352747194538957,1.033299306913552
0.8149481748223306,1.0371579737775711,1.0732989416602627
0.9395199464936062,0.9319071065985953,1.0408218030089198
0.7135627143454587,0.8911203427914975,1.033554040872767
0.99271888355705,0.9444280912943401,1.00807367222631
1.1978696596878136,1.1019622199593477,1.0043404535740965
0.9984978295425108,0.9248029413312397,0.9425813718834036
0.8435547333883077,0.9982853047804009,0.9607673739351835
1.044822420993039,1.0757500155830346,1.0893753300109512
1.1165503103633054,0.9703271645579001,0.997840325358935
0.8680078749462867,1.0220194048186486,1.013124343574332
1.164721484743267,0.8468578653394097,1.0342635829605793
1.0711234501034852,1.0022814865225709,0.9846657947050271
1.1513843560551789,0.9126251143964836,0.9712934223643418
1.2887700488262777,0.8735475895485454,1.0244097929102447
0.8660669900258484,0.9479271862185343,1.028901796943943
0.9827135628454503,0.9067454942799544,1.0334732506373994
0.9945633621814649,0.9744384697634896,1.0133705353296012
1.156078379696967,0.977077052744745,1.0134269051668703
1.1830350961918061,1.1106091104288998,0.9496985035092441
1.041346612550521,1.0222438332641106,0.9999770520694002
0.8507081127901983,1.0886019282139017,0.963309684928789
1.01235907592993,0.8647573327234085,1.033310129240267
1.1246335124124534,1.0709584552724745,1.0001780286604112
0.9313966455666567,1.049956886608878,0.9617309018563084
1.1546200093534493,0.9809096002595231,1.052470372918174
0.7290850649181709,1.0448894181810608,0.9884306672056627
1.003868217130452,0.9389764788282328,1.0097989689192288
1.2720954055597962,1.0343299235938506,0.9613382013814967
0.7237490546235912,0.9250568962936045,1.0090046217953514
0.8423948411623958,1.150774715775898,1.0278565183935024
1.140583927136978,1.0295494833851584,0.9969290290932807
0.9451155431052156,1.0353960753722273,1.0142462930562932
1.0561166522389203,0.9929685029062263,1.0462585673378566
1.0158442953727016,1.023529327036729,1.0325497787539348
0.9320328054152591,1.0340995443091288,0.9090404607197339
0.9285758527751511,0.972908402567138,1.0380374831183585
1.0814851497159375,1.0371483132219668,1.0303852254639405
0.6453779406912059,0.9343528024217869,0.9645646845633706
1.1160928732800972,1.0038874673289773,1.020548339285354
0.8881162305395858,0.9352874643795348,0.9348570326733446
0.9624384444895621,1.0189515218167202,0.9874424883167144
1.4496201392169756,1.0225861306607011,1.0333435837463438
1.023661503444273,1.0501309114498678,1.0662865138427182
0.9751042258731861,0.9829660324182493,0.9850123918487945
0.8982270162719397,0.9834904574941432,0.9726877523867418
0.8893930792556071,0.966179308405739,0.9802470423957542
0.7768212500695642,1.0389419046012356,0.9822703128672168
1.3138135605744705,1.1035694367487476,0.9913847621562436
0.8100730272468605,0.9444049626834984,1.0340771007609824
0.8753024192637662,1.0445958255098848,0.9916833870252756
1.0876861792335397,1.0492180809444347,0.9833541961433546
1.1706958272491865,1.0190140284805227,0.9629713843857705
1.3020319931995368,1.0287059776164684,0.9382484185283078
0.8780624606966471,0.9259619003100825,1.0303141294938272
1.054695058431778,1.0747806247031018,1.0728344996460768
1.2077177368185277,0.970987111192339,1.0083959459834861
0.7931643868786658,0.9333611915677434,1.0095049888482528
0.9962455503913354,0.9534344533016562,1.0073287745597435
0.8983784510249422,1.167319619292088,1.0348845508489235
1.0197760567636378,1.010848609268845,0.9642115151084679
0.8461860621810429,0.9355651172974068,0.9981333031013611
1.1525426923007955,1.0961279550049472,0.9493084821624728
1.096865278042995,1.0205558000783428,1.0311567567832738
1.0069292191756543,1.1096900040797504,1.0136337762069643
0.7919600182353609,1.025724724214931,1.0329106741760217
1.0389668818778208,0.8769398008431093,1.007734909746749
1.209889101678053,0.887787433117051,1.0098502373265779
0.9630396332593274,0.9652639644119336,1.0011439373753008
0.5868425897741465,1.0195274339172078,1.0689013996568641
1.0633672793975661,0.8003009374592922,1.0012300918722978
1.2089870917819807,1.0747992546898772,0.9773146166468889
1.026872840832629,0.9578838306890001,1.0037610203627523
1.031554552012638,1.0892157626032333,0.9984774237873312
0.8392794294755417,0.9303838860738349,1.0168187651617906
0.8066095959687494,1.0048022393978855,1.0142208054872663
1.0544762298799712,1.0193310765080097,1.0213602797132595
0.7920165613864469,0.9828867811622697,1.0060440875057601
1.2689100439128826,0.9969523636752148,0.9688683215959278
0.9072898478416338,1.059807551022368,1.0766670313547395
1.0728340489446722,0.9443944333573655,0.9792060950141726
1.3712971489059045,0.9525148656935037,0.9868668018080365
1.1189814130826756,0.9355548966304685,0.9761807913741466
0.7814319094714515,0.8687936670115939,0.9832972242783012
0.6695706414746652,0.9724266020077312,0.9814525435998123
1.3121066346796173,0.9491544073751248,1.0812410271470156
0.7395727003758831,0.9934521553886438,1.019330315895086
1.2256602691252354,1.060690515255617,0.9423351413876185
0.901339177357906,1.0647367257772702,1.0281841479739984
0.8619033494037255,0.9042228857020124,0.9817270613738115
1.1014439598993158,0.9130137573280109,1.010528402833303
0.9860668561846179,1.1036936700258844,1.0335917235013572
1.0957148188493064,1.0733977315745715,0.9424006232615815
1.0340702068073178,0.8502563735881347,0.9644721816680638
0.9544521193688393,0.9634940367336231,1.0305470121840992
0.9653283352423191,1.0137343735826188,1.0174975140591371
0.8747471727902559,0.9797024100872231,0.9667066625567236
1.0924618396919863,0.8939543424805614,1.042045432598558
0.9075056956864125,1.0732263938134996,0.989908549233873
1.0133560409008493,0.9120025285468132,0.9775298244659437
0.8705097580059076,0.9240968275409505,1.047185337112481
1.0535978832476618,1.012503395098897,1.0174663205243482
0.9479537929865268,0.9541149459825109,1.0425152124720367
0.8345849765548612,1.144138337509503,1.0160752516024314
0.8962984535072855,0.8647000666431197,1.0535023282248939
0.9358474581268204,0.9936023942102873,1.0126875649712797
1.133508336126358,1.0691761914838898,1.0190047538426177
1.008354099094873,0.8855174611062764,1.0010737616898862
1.2468596388153605,0.9012082371092514,1.0235404931833292
1.1737115297227074,0.8698548673380304,0.965742408950128
1.1328803273295183,0.9816201514375756,0.979943255655893
0.6247215886058697,0.9707837084965931,0.9911204419322402
1.0067004152305388,0.960517547863001,1.0176992635424316
1.086368841753277,0.9644122611852586,0.9994390788578013
0.9652320405416329,1.0472462835741765,1.0026448773132426
1.029204478783912,0.9156797339410161,0.9818348160537284
1.0184869755213428,0.9267402416195962,1.0507023701276377
0.9073213025092555,0.8913370819826067,0.9657141187478376
1.034008431343409,0.9906090336043667,1.064199373642208
1.3345869278179563,0.9981158783532251,0.9356207248175675
1.1821728923978396,0.8676519342018105,1.0442126816260897
0.7347057854890708,1.0035479678397392,0.9694899616610361
1.0308277406508284,1.0861665785961776,1.0531429942830852
1.135214686698048,1.0360939844940713,0.9732260424177065
0.9946928708427019,1.0485178196222669,0.9882555038424089
0.7316272646984364,1.018354215852298,1.0001165770289795
1.0642113071130543,0.8968131592003992,1.0260538043715455
0.9891072361629446,1.0651183086835556,1.0219335901971627
0.9968405937134527,0.8177940114977074,0.9964493900014088
1.0944823668104915,1.0074778118263827,0.9319046711684823
1.0215890317568301,0.8372283828781225,0.9341087557763812
0.8674821918521525,0.9595462290031627,0.9732374556798938
1.1033124021414138,0.8735510266596518,1.0114859601189388
1.2438145657724524,1.0589918730915142,0.9919533794039825
1.04262396135547,0.8607954725261977,0.9787759859888293
0.7760599519637783,1.0701501069145651,1.0197216915996634
0.9858861603187276,0.9181925003454117,0.999612128455467
0.8799355764548505,1.03338842604458,0.9694919710927227
0.8080466431444977,0.9296406590078031,0.9705099559376636
1.030057620276074,1.1233544824102457,0.9747953621679422
1.1455279664307105,1.1294163468538296,1.0435894077700056
1.1497739134269436,1.073708176573054,1.002925371795668
0.8540407215929121,1.1886824068656814,0.9858346825570988
0.9752963743827013,0.975257679411366,1.009601215151179
0.9020885165240072,1.0630997515296348,1.000740659849682
0.8401616138042569,0.9209006598880859,1.0220048013693952
0.9715475902413877,1.014664940593435,0.9885409324464507
1.1560157077417093,1.042532251722747,0.9510311511103687
0.7872220704363304,1.0093045959614735,0.9729821255189298
1.1106860523374276,0.9669127390330765,0.9970577731841921
1.1304435697169273,0.9586052244632124,1.0244876806140655
1.3156984797774431,0.8854992773612854,1.0156777211852477
1.1243234764298093,0.9162937973836768,0.9408048502812969
0.9076470927378889,1.003716006459465,1.058942313079802
0.7819320616714115,1.00794730652315,1.01488959757508
1.0209012441508454,0.8038943384407058,0.9538360221232204
1.1769876395589947,0.9070742917157066,0.945722993692342
1.0702895406072055,1.1474999819307719,0.9714409239479332
1.0390473984511672,1.1525850052738857,0.9889314193462351
0.9566665073934724,1.0870327142330725,1.0005238025983274
1.1044871071794333,0.9692178095365673,1.055947103742586
1.1493713328752175,1.0311174968748715,1.0248658274888125
1.1431119020358649,0.89509546509302,0.9915396652089212
1.1118034039698768,1.1196169684447081,0.9840442178782095
1.0946116279364326,0.9895773810269994,1.0144058815934247
1.1893802785688559,1.0560386855793482,0.9761815124814515
0.9757813562749849,0.9647010937998539,0.9564881081719454
0.720768156504931,1.046761277192666,1.007493817706644
1.295037339204368,1.0629169466389043,0.9981096983213079
1.0160823175317122,0.9917066130222706,1.0226191363378272
0.997442030500701,0.909120649866422,1.0274408465191043
0.7800950214881263,0.9348468418898563,0.9790450234399618
0.7486224374805217,1.0227477237593698,1.0206410824657484
0.7413033381640893,1.0541248409409163,1.0452676226653614
0.7747393045106336,0.9710305786494204,1.0678577168516115
0.9678881365209216,1.0200828328387888,0.9926135457732116
0.948091455154256,0.9227669425214884,1.0778185207460034
0.9816748570429381,0.9402363129217678,0.9161689217088522
1.0833934054212666,1.008303622266304,0.9527585432623719
0.813542168918759,1.010924166237864,1.0467584306856705
0.8559084056546808,1.0054423921150486,0.9380618892880929
1.0936300137135149,0.9177914865774105,1.0456924718146852
1.4550011902342586,0.9239209135061426,1.005059154912716
1.272424622779205,1.0054573345543625,1.0101271798917846
0.9706404005904335,1.0356688888139685,0.9594443244065216
1.0148346421709893,0.9096805276801118,1.0071547385827067
0.8418298432961651,0.9035270252172674,0.9660258149096554
1.1319577714856672,0.9830225779622799,1.030951250358956
1.3066277725760929,1.0232581323208518,0.9980041299128963
0.9163071702774593,1.0120268893409585,1.0199703262126594
0.9605630660413568,0.9498957484478991,1.0304804984755584
0.7400595978310466,0.868834836189206,1.0812876042885764
0.8925213008498334,0.8198235679022989,1.0533106295836414
0.9848933212035151,1.1538440967564738,0.965214865816954
1.1998479378412223,0.876381402902237,0.9879964711477044
1.2239326433515667,1.2392790250711752,1.007089226750022
0.8993602957709779,0.9392314716811535,1.033963092738398
1.05580821632779,1.02668475526335,1.0082974715377118
0.9997821881889515,1.0452395862681199,1.0156988334452872
0.9484628428710067,0.9306587487970541,1.008941552642895
0.7661185501055985,1.2296683207113932,0.9838697580977018
0.9689390596755953,0.9689563170805944,0.9672095051140267
0.8859660220305321,1.2771415452249681,0.9615563588267966
0.8441855436609011,0.9874943691349776,1.0314505994832819
0.7715494902427493,0.8869326479382291,0.9360917237628298
1.040752502276445,0.9813892848926773,0.9930013631285922
0.8565179331850665,0.9801018740579271,0.9864124971387062
0.8532483341056504,1.07720671578839,1.0009691009062665
0.9797358324406162,1.0198772703085717,1.0473267336060397
1.147538354246862,0.8657092365454007,0.9583335947401682
0.919664408205326,1.0256898860034525,0.965383176555982
1.0490983164615069,1.0803311507742668,0.9530482051039509
1.0049008968481896,1.1130474633020189,1.0759062157343873
0.8831187400235327,0.9472577235625592,0.9808541823566702
1.1925453583344314,1.0992502895262901,0.9960104205454726
1.151156717849017,0.9987562629132857,1.0097805892737808
0.7551255943068145,1.1165541904754581,0.9295712529062125
0.778803813719335,1.1276724615838154,1.0454674176691208
0.819193125871833,0.9180804649257288,1.0121386721084777
1.1301551869560162,0.8912634893808531,1.0532640571500413
1.4121963523666632,1.1722991497530773,1.0219437055561713
0.974081230580121,0.8774092760779904,0.9960236467332398
0.922431513228321,1.1283282537870074,1.0240912524394978
1.0617372444008273,1.118094925743185,0.9078339375191172
1.3098861584549153,0.9074644970189363,1.0231928601124307
1.1837382273422357,1.0048989838040343,0.963122403505194
0.9677988242785178,0.9454926586711213,1.011737095983739
0.8983291283656702,0.8328376698194134,1.070737479919935
1.137196335061906,1.1530532028189402,1.0091282191815434
1.2488571514899296,0.9034110216749129,1.0336966224354454
0.8694481065454002,0.9397652183427241,0.9808369383078649
1.0517687520340735,1.0035406595036283,0.9375873871903159
1.2562980284891745,0.9584228031266162,1.048890077748532
1.035592426335751,1.0731818762842908,0.9351971632292865
0.805359452246967,0.9807327880474469,1.04393610036431
1.3336670133067394,0.9085559958005236,0.9978973735951312
1.107216171222999,0.9994416570349955,0.9482489474622504
0.9098734537688202,1.011607717987177,0.9843931816222234
0.9972079197049482,1.016588985376577,0.9832685465921033
1.4237879317216269,1.034922246910587,0.9954734690136767
0.9087140393135386,1.0619793996896767,1.022497735062564
0.9684255453042714,1.0949464028398663,1.0042142409624744
1.2480132116704028,0.8055692765327751,1.0033892078536109
0.8060717649427954,0.8192322380024095,0.9658460909757287
1.1204795363973403,0.8699917874773035,0.976308333666727
0.8365579298951225,1.0202976131621821,0.9480839201347707
1.332329744835835,0.9559555772024778,1.0084641942913282
1.0454915698780753,0.9348073945836333,1.0294487725667378
0.8298720729229914,1.0558406341257784,0.9180575931639877
0.6213170580239176,1.026011852843262,0.972638929223125
1.1019539460618946,1.0559883762714533,0.9497092761471935
0.8117747120802387,0.9373531216064404,0.9855616210082969
1.0408631582935919,1.1362161021462707,1.0242940905161264
1.094362529687138,1.0154287038677812,0.9750028440104267
0.7471418587393044,1.0222703405281282,1.033749096347421
1.1311963958959401,0.9925979363266948,1.037521348851521
1.2385838271689575,1.0231610442997332,0.9670970787890255
1.0759241976324407,1.1262183417435767,0.9749924300031597
1.1571033688842494,1.0119974862623837,0.9684146950649716
0.8470509685924394,1.0130441393514296,1.0132257832728064
1.1294484410871335,0.9261075346089522,1.0478941523942011
1.2084303568130954,0.9828807920026135,1.0304673082865121
0.9728253173027248,1.0203839811534068,1.0699957625029153
1.3145973955152621,0.9174804753656891,0.9745708306723649
1.0122464999395278,1.0457606385184677,1.043685718281105
0.9710701197540387,1.0969954754595812,1.0399172192727721
1.0253455275121695,1.0186269920123385,0.9720534759570603
1.1964463081372168,0.9752441787809492,0.9865090393151367
1.087867780418779,1.0169785934125692,0.9664393855246621
1.0730786455931094,1.1569487922214414,0.9545599035781306
1.2944532155700577,0.7863829235427,0.9710389236023819
0.8952657831578604,1.0853337289445042,0.9877199900652398
1.0141680624045575,0.9795969756782593,1.0463442300266712
0.9179904228951876,1.0318709991272126,1.0200661230096657
1.112942998615377,1.0639442000826995,1.0245051940255625
1.0959734617883718,1.137176123981038,1.029219751241297
0.857838548761799,1.1606144885903231,0.9367937314357561
0.970606465077532,1.0282909072676696,1.0347618627892723
1.524958568343207,1.0648683761997397,0.9919649225410625
0.7988718280196174,1.182157345670861,0.9637710705280567
0.8402969713002073,0.9682078631797022,0.9320976895997936
0.8681897050020133,1.0361918633375657,1.0230228483900206
1.069028703575494,0.8403784730520736,0.9868987341745094
0.5838007137872432,1.05563411513659,0.9856861081001428
0.9029046223700637,0.9415149704110801,0.9987061502223109
0.9540945001669286,0.9885411592714703,0.9493591239039177
0.9801470081325995,0.7988407095987695,0.9375758347134625
0.8833402907030166,1.0127729569776287,0.9348358445132533
1.3802567068215819,0.8994449538550479,1.0753736347912148
1.0081253812315822,0.9502465148761203,1.016220093604213
1.1470495152114322,0.8674859002957886,1.0564728867851436
0.7714951410639306,1.0530662131915747,0.9735167004081137
0.86778479878946,1.060824470416153,1.0027154786917636
0.7865787968950355,0.9911715215979976,0.956524727363283
1.1750739500100276,1.1665852717436676,0.973175800581279
1.0256196485707667,1.040086565805629,1.0229390595007133
1.0944639796211004,0.8798881356645561,0.9681160096155258
0.863200721075312,1.0038895681512354,1.0131177086377736
0.7514696098283347,0.9268279533552235,0.9342516078889083
0.8579340673856715,1.0556777914340134,1.0768682406335108
1.1675380974171312,1.1031180050944642,0.9822773990345155
0.9195908055468752,1.0218521592451817,1.0050593306177473
0.9171845687420004,0.9285593110076108,0.956674561585665
0.9947172359129342,0.9979305180679563,1.017488076957325
1.3239575270572983,1.0138409443167191,1.0529095545600637
0.947149317885701,0.8826158304830264,0.9371346917167713
1.4179881294413192,1.1548463637626507,1.063461257791759
0.9266000234393204,0.9891344782006466,0.9576127750132871
1.1487273012869457,0.9991994351771221,1.0023996165814253
0.9688021626323586,1.0040064690823016,0.9467794968865583
0.7183778406247818,0.8457002167840285,1.0124675318301277
1.0083752905779333,1.1183471253005803,0.9511828737424356
0.9687132519657143,1.0471215257388515,1.0375930050793059
0.7304608998117325,0.873401520011494,0.9913381081174025
0.9216523361048408,0.9964644864090069,1.063069400389235
0.7144085743346564,0.955864440787241,0.9546831897504257
0.9823804680339019,0.9700375851076324,1.0693254763249662
1.284818974765104,1.037589495816233,1.0148742483113407
1.1537125782382616,0.8468480812463908,1.0451050163673499
1.0777396702560629,0.994900805261975,0.982387982932281
0.8301476986121327,1.1732843205109553,1.072807083064804
1.0179063829678952,0.9332180632065669,0.9348687059124018
1.089157044951272,0.9524303738980172,1.0323762325890165
1.0559960361436849,0.968109873332732,1.0196629396775425
1.3239125579449853,1.1684377315882313,0.9377149746070778
1.5701445699756285,0.9981660467244093,1.0405575005057048
0.8553704568323568,1.0704934068885468,1.0018891092590556
0.6597111517075025,1.1318131006395866,0.9702045018455605
1.0827255722484972,1.1400791642476606,0.9576289908729896
1.0158861067596505,1.0624071716072292,0.9630512682099651
1.0091382580735284,1.0223406725551236,1.0181726207159427
0.9758827528910747,1.1671652016833143,0.9279243711245161
1.3837032540295096,1.0670033200964961,0.9213516207193377
1.0786910728980406,0.9213094564323565,0.9483142483018822
0.9612928715354485,1.0107403095729777,0.950502914803134
0.9299758078918332,0.995942087664253,0.9603339485884957
1.1075116286368067,0.782377501273205,0.9702638092153372
1.015493515559449,1.0344744538624258,0.9972720959650484
1.0716944573907623,1.096239160042837,0.987320603039943
0.9523408921515257,0.8972699938517842,0.9385562932748633
1.1227848179495776,1.0240438876811078,0.9804151769390117
1.0785106999742347,1.0125858447994598,1.0285320937934743
1.1525310814601946,0.8758942824518526,0.9945708724398795
0.7206057924553289,0.9087514648076476,1.033409176679877
0.7303844441020813,0.9013430894886135,1.0249495943756892
1.0285462664263136,1.0611459533875338,0.9968800424568904
0.760903798901402,0.9115534552429416,1.0273879443936595
0.8587636207106195,0.9824542241160021,1.0469331930320787
0.7845719543257175,1.1027957001022235,1.0470136976217577
0.9710715226933653,1.0267788906103918,1.0182449540533671
0.8262296521268071,1.0944159240829772,1.0576070690663648
0.9123690151021817,1.0076831046605983,1.0369565210816132
0.9399693191943828,0.8949157148521016,0.9818845617077866
0.765284781984656,1.1880639445685817,1.0181358333696406
1.0674442717486947,0.9778137665404703,0.9736272704365416
0.9888604983177745,0.9434193707011084,1.0272631388361326
1.0486986009944617,1.0110571568961393,1.060798629168534
1.0679723349460026,1.1134356859207102,0.9888136973825458
1.1010547923018565,1.087850093134235,1.0381532894597627
1.130305939087295,1.0982545125800032,1.0145267165462906
0.9922231578898579,0.9068162323454924,1.0691168972124585
0.874779618089699,0.9763232198819292,0.9228149204885416
1.1218325989170526,0.8844827739382253,0.9372647031476705
0.839266796574645,0.8761055387807261,0.9905665455069288
1.2379565435313409,1.1201593974536315,0.9772395513541311
1.0582677783888879,0.9083942950354725,0.9812662889975866
1.0065035334590724,1.0127242183935654,1.0028327421951682
1.292705149268417,0.8505081393627123,0.9617439100261483
1.1754921021075222,0.9692351708729542,1.0250489212626237
0.7420970139602172,0.8507132157225288,1.002043986656158
0.9263602446304828,0.8398677897164855,1.0397529129307153
1.0534185552393514,1.1178390969151715,0.9830516252816519
1.1377305470952042,0.9294005251361046,1.030058157981306
0.7827590782265433,1.04782571424933,1.0553026410877202
0.8820294117232854,0.9632046903018645,1.005091082975138
1.0593282117130887,0.8870586127076167,1.059440880181243
0.8209667818725817,1.0585716582239162,0.9676236161176167
1.2779986857299483,1.0373862536274374,1.0251000367265657
0.8941981662425248,0.9826658855738123,1.0239402989390518
1.2595936153163996,1.003568063753189,1.0225380281016367
1.1905813556950682,1.0224253284530058,0.9986889789357036
0.6754860568931358,1.0680859846894961,0.994074529217749
0.8529481270249524,0.9706268921825966,0.9937958249311155
1.0299101635949977,1.131031950825244,1.0327417869404723
0.9480605234588084,1.0792891237831326,0.9436800156057426
0.8118914064395606,1.0667739577523787,1.0282053368131014
0.8894966094393352,0.997436521936889,1.0122911048400332
1.0101751449752374,1.021930607503104,1.011123397407747
0.7213834528054109,1.0271116838361392,0.9687225736935953
1.3038114362152544,1.0109100885418525,1.0860228651744386
0.64743896472369,1.1187572422486225,1.086425945987892
0.5967369290847657,0.826076884394058,0.9435239581104624
1.09503110025612,1.1895651840802322,1.0656261285600526
1.0436294624820732,0.9531777417841276,0.9980275513042564
1.3683038645844035,0.9940375289772332,0.9730092703021992
1.0873509377115065,1.0004833484352282,0.9887556211101357
1.090110881504537,1.0710497096103748,0.950722275793518
1.1398626642686076,0.9603325162781309,1.0359135804476831
1.0706268916147983,0.9800867411875203,0.9820048906129467
1.036075231730907,1.1081656718623696,0.9642476452100891
0.9444968851705193,0.9807839357206056,1.0192235912820216
1.1414826881474318,1.084672582145019,0.9980916523900835
1.3620755028636213,0.8847041790286936,1.0013471590781107
0.7345029889958309,0.9869239683888046,0.9509178059902824
0.9054970076666677,1.0506968364456304,0.9485458459833168
0.9126580235114068,1.1054672185775511,1.0050114361708975
0.9527592991064995,1.2138175519613161,1.0553565854983695
1.167956636443908,1.0458262354281644,0.9843414820122091
1.1353980774523529,1.119883696691854,0.9799906041996111
1.0200542885351225,0.9527163748760052,0.9282067109093131
0.971840385694116,0.8551106666167185,0.9520156800146052
1.1676929307253436,0.9529360763649701,1.0249798282661977
0.8456406287925236,1.0329239806209716,0.9788754860169254
0.9000548180109715,1.0579177820394887,0.9810354123962233
0.8806347010665314,1.0065666086061638,0.9690958674980844
0.9253771290001584,1.031849096452044,0.9937384715037582
1.1734448534425845,0.8922541569556678,1.0333998218323979
0.9639660280250544,1.2189775251290813,0.936270420751482
0.9125421746052753,0.8781956820752364,0.9395723731443774
0.9853574007242831,1.059474203666904,0.9270089655169067
1.1097979615522788,1.020119208357813,0.9540239669779887
0.8540775065768575,1.0324531089141114,1.015296113228933
1.0779547455538139,1.1119351857452089,0.9860082192772155
1.042382587532036,1.1347971273273134,1.013775502181819
0.9645700973562938,1.0040998982739817,1.0844760928027815
0.9025882933501501,0.972666879405554,1.028892860140118
1.2161885657279314,0.9949575919839688,1.035551852051238
0.9958643481567844,1.1065676991516655,1.0230919558766163
1.078808403936665,0.9007291500112778,1.0205644461735168
1.072790226455672,0.9889492198433644,0.9741096606687633
1.0655905490517381,1.0385446367954363,0.9666482297032246
1.3104187697176255,0.9683640046291069,1.0243833431448177
0.9488777942854998,1.1139027345024157,0.9731497284077798
0.983730438165862,0.8377261775417921,1.0273612656860776
0.8442612363647586,0.9832970871955787,1.009402259815573
0.5504875956580693,0.8550127094717603,1.0125217032598472
1.140641438589035,0.9183138019049313,1.0196054786020008
0.9462169482802184,0.9073038707037429,1.0260606484585832
0.7678956392798707,0.9992201235992102,0.9512963797786776
0.9623418235163347,0.9502537743121514,1.0052547376085983
0.7905416359626177,1.1391904375764796,1.0126716457681848
1.2530715763821587,1.0459380571063703,0.9620371501627658
1.208054809870119,0.9033898129881641,0.9682237037965558
0.9156868065883457,0.9003513096114015,1.0232996047777336
0.9091253267244755,1.0159067126687653,1.001798706008424
0.9350904372057257,1.1232548036336363,1.0598095255995157
1.025845772411939,0.8902300349544513,1.0071708549556921
0.8466144757679045,0.9540798357829318,1.0360163072680904
1.3963557479735127,0.807981254585492,1.0454894131767876
0.9543394633173077,0.8972991134929004,0.95939829761772
0.7816182689442168,1.1397732073803923,1.0177751143287288
1.295037578737904,1.058891266313962,1.035206995922717
1.1674349604561978,0.8996465867719223,1.001067559254513
1.195505680090251,1.0340355086710231,1.0633716846961005
0.909139594152089,0.9773723163107485,0.9917182314875652
1.0896874566179398,0.8973110426411887,1.0000765397270888
1.0203956252957131,1.1365626997345455,1.0395790689328468
0.8555793906176494,1.0798502534948606,0.9976081225417445
0.775533659377128,1.0271556576024041,0.9957720342983927
0.897502842064078,1.1199642488297052,1.0060766893034225
1.21191380125223,1.0121834808399066,1.0119403619405551
1.0836356123473934,0.9709970642859226,1.0844702971817026
0.9944452072490824,0.9264481909766311,1.0031304771923915
1.0755892261130768,1.0636349989951954,1.0467257280978568
1.3108885929739236,0.9962572810456054,1.0087381049532669
0.9065133865398238,1.0120537341728404,0.9356337753256702
0.7204019679007994,0.9543638332745725,1.01622676688753
0.9926710954697452,1.2796599627284972,1.0654293475369816
0.9656897879041042,0.9610244245502524,1.0761652711511818
1.0592260756425538,0.9908348338962314,1.045143974499572
1.0787807602670183,0.7935386768860364,0.9823561596198349
1.0018279281355043,1.0173431047807346,0.9475281976712896
0.8752762777830736,0.9269878697396621,1.0560275498344704
0.8044528118472964,0.9658402838965889,0.9564319071975195
1.0923135872048204,0.9368614192767157,1.0482776937734737
1.0415223567486995,1.0269173038067683,0.9979971262786704
0.9713653199197335,1.0382387668357538,1.0028475878176297
0.9422171154643257,0.9943193614374032,0.9700740322183613
0.9369625954318158,0.9981516824670431,1.0487086876737546
0.924998408784127,0.9195353898690688,0.9371250636787442
0.9189947461054986,0.9818960401027403,1.0193352891573586
1.3327897462361693,1.0971425388026577,1.088047001209137
0.8414131370569117,1.0461356343291213,1.003022579412838
0.7790811771280746,1.0703533108248109,1.0276992079386864
1.0602981675926437,1.0093599430760625,0.9701649505397238
0.9642579899373726,0.9128129339084752,0.9163856517017193
1.2389054111593252,1.1446397065725473,0.971859545608122
0.9130084068694062,0.9901833042883502,0.9665240563081868
1.0447873039735618,1.0671416382317014,0.9793183611456637
0.8979537450887901,0.9862298068993358,1.0157160507368277
1.392896671178534,1.0166883942421359,1.013740081354884
1.0455549069151087,0.8624686911816694,0.9844661009833803
0.8527393108597541,1.0547796939351914,1.032636270010124
1.3965929825551142,0.9410759134194513,1.0149183939120006
0.7792425787721464,1.0615704243388149,1.0040867637399973
1.161256388523078,0.9709764629907276,1.0114795861830248
1.1143161687600627,0.9241392959567728,0.994021089399466
0.9719252353507809,0.9788733496786365,1.0238013665602932
1.1250446139303034,1.1231371137651451,0.9378937212021029
1.1011654316152093,0.973199827073798,0.9666058598912136
0.8121157120028434,1.0665479926297583,0.955418494057343
1.0666525631307961,0.8729942207576677,1.026117460822746
0.9167194541501675,0.8586711507422442,1.0179745144972763
0.8122052586594084,1.0627134365521491,1.0015100458032404
1.082660530981447,1.0577456116228887,1.0422330402664461
1.1662015184626358,0.9324735182334033,1.027287659186166
0.9716295179473551,0.943656682849499,0.9794440639610066
1.0275166823329596,0.9568377870359408,0.9522590052022054
1.0753092231033226,0.9565717986826974,0.9143328388811968
0.9808440247755803,1.1727124079688638,1.0540192258104177
1.1757889170042575,0.9606672178335055,0.9807907370685385
0.7987896268090946,1.113754636638058,1.032868320232017
0.9907915632087368,1.195522233463826,0.9912799400795059
0.8551865099713691,0.9899610867732924,1.0032457763262161
1.1275017822207407,0.8877884701322637,1.072083671598269
0.4701419286687973,0.9595185584083785,1.0112417357323968
1.2082224947344986,1.0482163438097114,0.9869645983566642
1.0390524931365257,0.9522477693592137,1.0009656992050233
1.3982876721198672,1.1344560356395492,1.0119133498780142
0.8735981924579602,1.0179074838581337,1.0209092130994637
1.0532404353639182,1.0644227563850253,1.047813847777248
1.1203447155975834,0.9417297534459502,1.0297064813583103
1.1989216071012696,1.001944808271038,1.002113975205827
0.8982126061440292,1.0075013109530087,0.9275253222168268
1.0484902583311717,1.0111551772079133,0.960642035766263
0.9415715367615627,1.0053992573553914,1.0408370766485655
0.7953778445032295,1.0853504403122953,1.0274517708417912
1.2086064883283132,1.0383774785417121,1.0334691479458087
0.9806079627920149,0.8720068787204827,1.034414388151785
1.0919667164726756,1.030138007347087,1.0274218560117065
1.1074203738788102,1.0456961355683076,0.9753799934062285
1.0429530049999487,0.9268234272396929,0.9938408071692496
0.7305538947265175,1.0105633121588693,1.0023319600377107
0.8897548605047682,0.9567426935593739,1.032570682872876
0.6645004537115751,1.027924367572663,1.0364978988069067
1.012584295116982,1.0843081488986048,0.9581946746886816
0.9258255473511627,0.9975027884181119,1.0885903588740546
0.8719174033203787,0.9907438946857153,0.9942357365695402
1.1486645189842384,1.14700345317948,1.0311423224419307
1.076211806997144,0.9457300814098563,1.0037532880885636
1.075219414271786,0.8984428595388472,0.9519400325515764
1.1226499439825313,0.9437108271000115,1.0065469492415942
1.4102532891211652,0.9250816609707302,1.0065242673203831
1.0292050178932768,1.0196438907589647,1.0537858299435128
1.1573669916475833,0.9285519020056913,1.0308037260914167
0.8050905270090586,1.333635180466632,0.9445601273298809
1.456373081153524,0.9242134614597355,1.1363154299050215
1.1595762285768894,0.8740681580299956,0.9655525722962325
0.9437294187721132,1.0396769286079623,0.9749820369262118
1.116695913279883,0.9988541195342135,0.9686885673968698
0.9221613738867487,1.0468917757788474,0.9615530494950663
0.6579107511747972,0.9205908749437635,0.9834916957172526
1.1511779569160852,1.073933120134702,0.9738614811180962
0.7593561180861295,0.8774416236648777,1.0181437514790457
1.0542424910247867,1.0108471659034561,0.9735996367639861
1.0847846991958756,0.9715074536475652,1.0601016096479947
0.8435393183448716,1.079444416279003,1.011244076058244
0.7522345079131545,0.9047869435947948,1.0101701103141927
0.9393462083343489,0.9675904221038079,0.9452876278752828
1.2145962643451882,0.8681679811277152,0.9652207917907033
0.6706972894538668,1.116262006449015,1.0227259227649164
0.8052796065253961,0.9774831250816602,0.9624601441697168
1.211159608166058,1.0525947864049723,1.0089019135333246
1.143441297740676,1.091899020627884,1.0348866808705182
0.9748415428649363,1.0152257776187463,1.047151776757902
0.919159345826626,1.0938942264566356,1.04134480887537
0.9489884667840769,1.0989228769153683,0.9716749773638074
1.1085166291516528,1.024858232397208,1.002154439362301
0.8487961121538092,0.9443176761619444,0.9694600037977853
1.0182110444716526,0.9521115513421555,1.0335045156448093
1.2700991393803538,0.9018824858195326,1.0611515664363231
1.0305822614209603,0.8809636777840651,0.9569739541679031
1.1664082733828398,0.9512202748530234,1.0625650863761325
0.8395120823466052,0.9739228398499584,1.052837732015182
1.0327023689454204,0.9812060674427513,1.0066859176363792
0.9342836700349598,1.1876876101832379,0.9782012016184115
0.9969102549351158,1.0050172432742097,0.9985268789512712
1.126651222223005,0.8400059465076798,0.9806852954491742
0.9385306421154487,0.7932256441261192,1.0250809191547463
1.0671784863810256,0.9889848926063605,0.9876457731485132
0.9765434821184168,0.9912990881970575,0.9365268401295858
1.1295509212432986,1.1203225816376916,1.0342553257145042
1.0916904541468646,1.0096023374219292,0.9796584453641103
0.8473587563433671,1.1027871690286122,1.0148912792348845
0.7198074572120697,1.0318001176053309,1.0030362910209276
1.5301137961268876,0.9143011209996861,0.9602137231355968
0.8430698132190743,1.0835501024129823,1.0042211856035737
0.787957630589141,0.9435389120511373,1.0695844787565039
0.8124900535310902,1.135189824112231,0.9862065322961229
0.858696467832622,0.9000808487581812,0.9935273264708543
0.832449809683224,1.020372751727478,1.0229448090143844
1.1283973341319964,0.8733902893205905,0.9901597293956345
1.0200731498208322,0.9580109448246007,0.9731471820966252
0.8732272215392716,1.055205631450447,1.0765936047663358
0.8040462987637256,0.9317408364948129,1.0177372892566416
1.0329763749273595,1.0916881196457813,1.0705343172729416
1.132552982843316,1.0535037147272108,0.9455573431689023
0.886937247440996,0.975689850606519,0.9874711998048212
0.8684423166988036,0.9796469717560812,0.9298947343562894
1.1048799467146795,0.814133706522417,0.961319618771908
1.3702630179488917,0.9112944461008525,1.0319252674779318
0.9665798749479576,0.9380680887188877,0.9763738669067362
1.2293362834040642,0.9745984153499024,0.9928376219392637
1.142332364917578,1.0672196548402062,0.9820511647231683
1.33413879674763,0.9905713558360963,0.9323121881619517
1.1607801497056869,1.030696455427348,1.0526661136266398
1.0064719562905164,0.9721819833399045,1.0298645252975565
0.8669658436858844,0.9538735846052069,1.023387493301623
1.292828711132142,1.081703856016218,1.007520441600268
1.135558894738446,0.9721734132470825,1.0266512806460355
0.8673047432916499,1.081963923703665,1.0337722354400973
1.00163822860415,0.8970019908245261,1.0147487500058145
0.8462082853078876,1.1447507600615554,0.9596870586859149
1.0700374894844507,0.8846396720166864,0.9685174568820888
0.6272322044819184,0.9332965766677708,1.0088557630165653
0.9339562009399809,1.06667120699966,0.961620109708463
0.7324029408804021,0.917900719298401,0.9835567192982183
1.0324164747647322,0.9579756880355926,1.0618526457880948
0.8707256455266215,0.9857476725979001,0.9761989344350059
1.0427251365847632,1.1298338396786298,0.9751123957120473
1.3727123153550955,0.9400155780053582,1.0361633485163273
0.9252056435934176,0.9409911489519054,1.0166512958736258
0.8930807454388134,0.9585368627667137,1.0059255729904495
1.2793689684496286,0.9696677163741896,1.01360832371544
0.9151507041395657,0.9657422855567601,1.0143030043998664
1.0696646666300396,0.9249673398126392,1.0549285587185395
1.2151270538086276,1.069213141005891,1.024221371545804
0.7555033503814677,1.116198447708092,1.0919340685757957
0.6850607174046646,1.0965202967410679,1.0015117043639226
1.0584402134923607,0.9250840227772599,1.0015249685771135
1.2259211818318825,1.2179415521849144,0.9689337423683414
0.9083772132676022,0.8468870158663748,1.041969171868917
0.7671742650128768,1.0383651211262954,1.0179972810343445
1.2680124625950002,1.021896999553861,1.0169224588591461
1.3116207332997603,1.1215466195165786,0.9514726160898337
1.1306130295428956,1.0668690664979334,0.9454204233235931
0.9897579690249101,0.9275956688128536,1.0009535714690736
1.128375401270266,1.0662887204724596,0.9895357043236728
0.7884676387533505,0.9512869340428048,1.0141516885625288
1.0291451038870316,1.0250037099562328,0.9850754528867954
1.0220024727612538,1.0172288217661818,1.017273455956622
0.7546628962705835,1.0504155291191828,0.9711672188623783
1.00411508745908,1.0932108721593645,0.9712456908552823
0.943251683852812,0.954477054137449,0.9348921499282022
0.8011334617665977,0.9283752169254751,0.9775629424739015
1.000810361372872,0.9383862042535294,0.9903478413993351
0.9281001794630461,1.1075058375627331,0.97056858540983
0.7810412477424593,1.0673604148151532,0.9652445545988947
1.2194007341024595,1.0313511257138022,1.0151012793087963
1.0869240374184286,0.8424611038338595,0.9910515249701937
0.8479348409674679,1.1053905302070948,1.0165728628009825
0.9447217564276079,1.1866392973593571,0.9541369210530483
0.9007715654401418,1.1432964980053835,1.0863386494783775
0.956263487471497,1.0154027885217562,0.9917077704806375
0.866227971164754,0.9404543474991821,1.009125921514907
0.9614371490523991,0.8906575672737471,0.988565111022417
1.2606692012378558,0.9502222419826056,0.9402827376716095
1.3746511914120016,1.2263665942275024,1.020377636449303
1.0144229196260066,1.0293036076100566,1.007596981525958
1.3285091145562995,0.9992420564122653,1.028457797131242
0.7642198122053796,1.0317163825765965,1.0004375478280154
0.9443043480141131,1.0640717327272897,1.037796116360581
0.8412615309321919,1.2522747810524286,1.0443480422469709
1.1865992333768092,0.9292494286912727,1.0263134924194248
1.1358343565520128,0.974461743742931,1.0370907370643765
0.7199431259457217,1.0773552453991986,0.9854182097600076
1.0973820169435589,1.0204422978869483,0.9801784552425845
1.0687258979601753,1.030378373377624,1.026739094224868
0.9890067173540645,0.9829413083773859,1.0210104311654034
0.6357913780480745,0.9529315866150045,0.9989521140043194
1.1630351271464607,0.9340928497532219,1.021003246023252
0.7979424255650109,1.058820589141575,0.9785114435323728
0.9618677484451171,1.0630352395743794,1.008260593895215
0.7169534621711677,1.0078670515818189,0.9849284050813795
1.3746787620980896,1.2370505455752443,1.0063429532515067
1.155845452235499,0.8822676023463408,1.0206882863569848
1.1392033705822755,0.8564068902143036,1.0332326978460387
0.9967148049872052,1.0679064889538559,0.9578137163099804
1.066414114292241,0.9578655222357564,1.0220299721074337
1.4092773548936726,0.9668938518321686,0.9919641159218894
0.9880420187406748,0.9537321425150415,1.0066052048248728
0.9811259822802114,1.1507389817723914,1.049298610673155
0.8640232586372212,1.0904683628360843,1.0199853033508208
1.0581028636878953,0.9893877587713128,0.9781734344063439
0.7745828625497456,0.8500615454535356,1.0236427061326998
0.8719996946612155,0.9560404341320768,1.0273518598309106
0.7168105932493808,0.9699029335362801,0.9542411215525801
0.9290049111356744,1.0231136658424633,1.0010498143135231
0.8439664700005527,0.9575844706884682,1.0252377446093304
0.5919497004163994,0.9991953702186741,1.0130702217891505
1.163060579717941,0.939160829915685,1.0457554156176785
1.1587542744369457,1.053412507438839,0.9943231408250246
0.8671515101810514,1.0540407328892996,1.007635819683199
1.3054169263663775,1.008340511928827,0.9953873899997548
0.7941872828079611,0.988207661011462,1.0039321326631578
1.1226434874458016,1.0005685483734315,1.0426953792925056
1.1535961502836791,0.8934368971680383,0.9695729341209954
0.9893981094330699,1.0303662593297767,0.9450396105221777
1.0377623310986301,0.8680884564400386,0.9654463017567799
0.5919962556208442,0.9723833452618844,0.99694866273104
0.964077644004286,1.1166705553373526,0.9326882789957583
0.9460518361811512,0.9812964123104297,0.97961473203911
0.8724123275961104,0.864103427833391,0.9514230455731587
1.209223976258897,1.03896524458486,1.0296777875286531
1.2646970670896913,1.0363915551578466,1.0647206151177804
0.813511717628447,0.8450956691366758,0.9903882375133503
1.2824686741527471,0.8232986545130537,1.0208853103165618
0.8970608532743916,1.1115601737914151,1.0096218795016572
0.8567857987380862,1.1130150841647883,0.9854470728961399
1.3742328865525795,1.1386765005818327,0.9661075205775614
0.8315623946144426,1.071801757407282,1.06486572911031
0.9782517694427698,0.9825473013591732,0.9920924299569558
1.0308195639544797,1.059279294683921,1.055798641521882
1.0828690807485475,1.0000264201744145,1.0492225440346006
0.6159576689871346,0.9499300217521837,1.0286730166888232
1.1097668097966302,1.0438967683060336,1.0320243559560212
1.0833250975713726,1.0053730885635273,1.0565213123705903
1.176735509485269,0.9284273379631733,0.9990703953135966
0.752999338254949,0.8917365351921327,0.9871820307392172
0.9280611618509409,1.0782574138802872,0.9258191059200586
1.1122694565719573,0.9816601819079044,1.0124737091029445
0.9736853118526174,0.9593931484354394,0.9432780834611755
1.264410417321988,0.8629971961858426,1.0025881834878965
1.1384497937631761,0.9499265902020702,0.9999174436425529
0.7056255477402105,0.8828967421495009,0.9729103607931734
0.7280211520227415,1.0222811986187932,0.9533021450895266
0.9948660334166861,1.0359257976938863,1.0122904287630343
0.805740796565872,1.0266050704224932,1.028244206928578
0.8169629996398984,0.9145232704938904,0.9658199943312492
1.112834458686007,0.9128743852174939,1.0452685385350164
0.9067064046164535,0.8384679031096978,1.046564362410534
0.9716289727059451,1.1294320519570196,0.9951403364429318
0.8122451148483306,0.9770249036175864,1.0541043762512077
0.8981088037557098,0.9257482374733182,0.990851565485935
1.019769321954396,1.0490483083306708,0.9990994747272625
1.2084328477062556,1.039551499716946,1.026383696594011
0.9513974221476003,1.0613333509408234,0.9997521195479727
1.1468195572037017,0.9245916388173374,1.0003087275239513
1.0368445766277574,0.9160916450431504,1.057522947853739
1.002125457277773,0.8403200159117481,0.9578834312035296
0.8698626509954555,1.0074891807744102,1.01984593580029
0.8340642830005437,0.9052993593149414,1.0247072736987513
1.1161569754398744,1.0958979437696368,0.961729686552253
1.0884910603291802,1.027107015544412,1.0200294801956848
1.1794319578864783,1.0668761337078,0.9989967623764584
1.1539615149991516,1.2672624322859818,1.1056346123671918
1.195407464948004,1.0242197477771096,0.953518742117769
1.3644808870054361,0.8214916559214362,0.9753406887080475
1.0146395073033876,0.961337497209969,0.9757300635527234
0.9881267397534053,0.9309857818140113,0.9910814535317343
1.2417184745506276,0.9702670136953796,0.9867535553390171
0.9799074205844074,0.9489638792811107,1.026065767371064
0.8908158445162693,0.8706342265105433,1.0338978335985363
0.9518813349762021,1.025038920691368,1.0091853283920584
0.7522804512734422,1.2038613063333536,0.9758614537022438
0.9012419295342142,0.9824640547943033,1.0037869952332124
0.8716732282497204,1.0278763890318399,0.9376183857714873
1.2009238241899174,1.033767941418829,0.9463162986131951
1.0588444359522446,0.949455343321075,1.0240790040246097
1.0167840519475746,1.0883686855579187,0.9874827228413224
1.0208979448517481,1.1126641771491554,0.9972749271447126
1.3098442655605065,0.8336002537570917,0.9896417860016312
1.0776107685986982,0.9241781021345752,1.0280175520872903
0.8935568969850114,0.9469563175224461,0.9557460990668188
0.8113102307614811,0.9705072770171221,0.9847954115801721
0.8371365662911248,1.1126250357770944,1.013019974305519
1.1087894952105708,1.0287250933918493,1.027790990317791
0.9320139263115814,1.1605219508342852,0.9462895696827961
1.100869340915811,0.8273123002632229,1.006771695850644
0.5095600793960937,1.0718728877767836,1.0292006655399286
1.2174733199866017,1.1786686829983821,0.9895470985600605
0.9735261271292852,1.0489212068532918,0.9947373466002238
1.551841637660881,1.011622230247276,1.0254136088456889
0.9365445437086478,1.1400696702445037,1.0389099534916282
0.7790981626704617,1.0673133222553717,1.0440455993611995
1.0379618337323158,1.012263664585169,1.0242809787359104
0.9675147092644703,1.0551943528603536,1.0595405562302498
1.2534229776444772,1.1102899439920464,1.0660343098566611
0.954853346441734,1.0136885112978784,0.9472568936139355
1.033171339953562,0.9081036189341215,0.9889048952341288
1.1002873117246326,1.0631398652087112,0.9433787918587008
0.9709802814000568,0.9665017150895996,0.994803170493725
1.055019037427954,1.0516159567199512,1.0193770972965643
1.0667261609167615,0.9700442149693491,1.028849801763897
0.8191861747303641,0.9512070633340838,0.9625786911181646
0.8121281350776373,0.9651100935929989,0.9824232732576693
0.8732519489170922,0.8514411828987314,0.990243519612897
0.931369058780414,1.1056831107648664,1.0244236719981303
0.8771145930007973,0.8441894516889163,1.0106491217974187
0.9139761583221375,0.8978299072821746,0.9809322230696745
1.0526741549124436,1.1386624774146,0.9876065038786906
1.0229270783486586,0.8692506215604541,1.052147561130611
0.9417620928454493,0.8862731509526907,0.9740071688570554
0.9809734385858521,0.9776492450811034,1.0246409191752275
0.9341614414337785,1.0439566917718455,1.0194817387274793
1.080360194104394,1.089590558922999,1.0329187322933684
0.8271651195534251,0.995892289039989,1.0311261494558652
0.9185294420853501,0.962605674144671,0.9960613703119793
0.9116795316725146,1.0240315625856828,1.0022834002460466
0.9385913418394781,1.0615155225126618,0.9597076662009272
1.050318055685112,0.974996735064701,1.009856844642555
1.0490277563730668,0.857967531747043,1.006442184912597
1.0967211047381602,0.9527266547479906,0.9860910370918535
0.7590255291093339,1.0158948267924903,0.947874649528266
0.9701508539627028,0.9916164876910659,1.0384261000609831
1.0450177414011907,0.7958058002532675,0.9850527344975234
0.9253809946793898,0.8743486148248922,0.9936948210686053
0.9093485614213381,0.9826755821852544,0.9755392139523082
1.1492630553154703,1.0167468721233837,0.9695893604295559
0.8389169170863153,0.8783952629226306,1.0330562076889656
0.977675956554977,1.0211859142191257,1.0102985110938016
1.1794666155843871,0.8720462507856418,0.9787161024378737
0.8194336188131109,0.8938874311182021,1.0129515343509916
0.8546034620391341,1.0705628411040826,0.9963494191152259
0.9097743101268347,0.994343771224208,1.0019883835389969
1.1831246316641546,1.2638755583800594,1.004196068172412
1.2081489063066357,0.9830107269200448,1.0062511449819491
0.7228385323222655,1.0758324584773915,1.000585838455373
0.9586362517780456,0.9699851509401669,0.9576180812818483
0.8111277585551971,1.0477970028019608,0.9735679292480289
0.9044611228778046,1.0188166601253954,0.9975926695334253
1.1539993410415603,1.1329124019021088,0.9296242242241585
1.2302801412259008,0.9447402513122046,1.0786404140111028
1.1800398150718698,0.9147274089760817,0.9748610410712187
0.7193029258333521,1.011634393310117,1.0892155253248457
1.164957664391239,1.0676045223974113,1.0253987186441007
0.8988198931862985,0.9375461437210796,0.9867224093879917
0.7019770284523461,0.915287825825922,0.9940128174325643
0.7677679240975651,1.0375446841044849,0.9756896768578645
0.7565680732194285,1.128483433759334,1.0345634477647385
0.9668570208224305,0.9044969905625238,0.987045087335244
1.2203900403445995,1.0176551277004244,0.9972682017256506
0.8332388015963257,1.0412512451059244,0.9551590802644161
1.2326314695941007,1.0092895805939088,1.021333769692355
0.9140195676253572,0.907982744355389,1.0095316967385135
0.7098916119324752,0.9001865529599123,0.9826255288345896
1.0442137401757972,0.8607844555212248,1.008010196896802
1.0199025798154358,1.0916201432949957,1.0098181970401099
0.8989881313885253,1.0336194403834704,0.9674883020465304
1.328335554758056,1.0356701502653958,1.0435235474220328
0.8874705865259493,1.0529121957697847,0.9787297527575104
0.9642569643327716,0.9083770173315989,1.0246782931459448
1.2754661492284791,1.1583044383104246,0.996989923504311
0.8410786556983717,0.8932853702989212,0.9796334266328638
1.0216509865531762,0.9853884551101384,0.9753490361907823
0.6957801507383163,0.9993557560591766,0.9926916501209763
1.2156809926700547,1.012791214475429,0.9155872858609682
1.3331280097875355,0.9609164272767958,1.0335860637400638
1.3605357399499138,0.9798074422612142,0.9964163056072614
1.0451450296284421,1.1450788152876528,0.9856120630851235
0.979262965116945,0.9720245410333873,0.9500783365150832
1.0348004078547168,0.9326211335843735,1.0006436021480296
0.851290030320638,0.9752597744323963,1.0268871101963266
1.0953782714945908,0.9825572223738379,0.9605801309654076
0.9863495498360029,1.0247936859777957,0.9803995635122987
1.1433947216831248,0.9715451771337722,1.0346272061338462
0.8028516129363379,1.0132334773088472,1.017105294481409
0.9164218659015231,0.9665321662230829,0.9887150992004713
0.7726740537302854,1.0177115407270239,0.9614901019532721
0.8406056460354026,1.1145503745641492,0.9965903195931457
1.1577101626123367,1.1575182113561686,1.0438662717750358
1.032815619631792,0.9992349756162648,0.9808537945299256
1.306162574490849,0.9242701373813457,1.0356933943559132
0.8028795845978358,0.9981508653608745,0.9608649259636269
0.7274869548821083,1.0102463495113436,0.9986104073643786
0.9878033997747189,1.0091526507264938,0.9842686494268967
0.8435159418756828,0.9140726756853071,0.9848789061346147
0.9294983925649213,0.9844933783064342,1.009410818082506
1.06574210118298,0.9418692330933869,1.0394731936756172
1.0436717489807,0.8310066598522714,1.0580979057464237
1.14133614674092,1.0168113407072268,1.102075228012195
0.9015283673520833,0.9473330794946251,0.9822871529084569
1.0865404447748928,1.0982470504867938,0.9864061402096199
0.9782910388644366,0.9261873874445398,1.054683448359696
0.9966750667277119,1.2602649219034383,0.9449000872841617
1.2559131816713949,1.088755018193724,1.0180206311323754
1.2001885328204605,0.8411416514449378,1.0640682974220355
1.1063440197906904,0.9260312356973326,0.9939045012745892
1.0297003789908574,0.930841260429172,1.0353673572662616
1.3819806354078634,0.8966753894912107,0.9300025070720324
0.9821518660734766,1.2304126874968557,1.014890956897797
1.0511089722318818,0.9703593213365032,0.9736609013344585
1.3159771388271069,0.953657149351391,0.9669668169542008
0.792222117180146,1.0385843581318177,0.9522051742431689
0.7765949863199171,1.1472469787918156,0.9879874530124962
0.9986253546426946,1.0371192669031233,0.9967006865038175
1.2369261207889453,0.9431711441084294,0.9831485669332517
0.992601440660587,0.9127478285194042,1.0170111557450419
1.168757626919676,1.0894419773481392,0.9879383155063156
0.786107291687806,0.9187001166138657,1.0308442086723002
1.1101958636669962,0.9913927123540767,1.0314196970335308
0.9984629669692104,0.8935476538888314,0.9957869542660355
0.9604309265895561,1.0188903451422702,1.0111845506173305
1.1376046555355868,0.8418931300817081,0.9728457183457969
0.9201316117479812,1.2249829680783584,0.9571814783614293
1.0229029036762878,1.0559536964559806,0.9989799373225302
0.97886417090417,0.9306690256745975,1.0619106581980036
1.1902015976971239,0.9722724124533808,0.9782979511198494
0.9726353438709986,1.1359991506292697,1.0756356783871739
1.1824355668859776,1.1263583363230063,0.9618935192771906
1.195597378002231,0.8971190843101097,0.9858399815558704
0.8144019511290879,1.106487492651474,0.9514710977094261
1.1410383862788218,0.8869032442739926,0.9714794155417027
0.9979801779843962,0.9250699090678383,0.9688322862231104
1.0679892629707366,1.0211545737109287,0.9681210132634283
0.847067620096474,0.9038491032444886,0.9862104988694039
1.0093029190200897,1.0969625740143965,1.0506398508671566
1.0123387002418505,0.9228136023467004,0.9938119882160737
0.8718405240309784,1.032064571857235,1.0202102228423227
1.0518064874164126,0.8970061789057917,0.9759426636710705
0.9371265889936922,1.001019022079928,1.0725511608707372
1.1769279227949825,1.0497871283465798,0.9957739714898807
1.060305344670673,1.0132852488176436,0.966287972075825
0.954739529659426,1.016655353248598,0.9958854006072514
0.9386577294024114,0.9829543864789718,0.9865912192872196
0.9410082987939778,0.9280183477717134,1.0681791222873807
1.1873842005843294,1.037028712951117,1.0563621077204355
1.1863936240378374,0.8891930748887036,0.9463132445677885
1.1636671386572486,1.0270770751160851,0.9823915539327861
0.9209332876909324,1.0362967955991027,1.0067535322154864
0.9015068415823705,0.8624900051467822,0.9912902158170073
0.9203287138762486,1.0810614284304358,1.023904886538617
1.1053832465127105,1.0341570392629387,1.0397342715637803
0.6610647696397608,0.9145395173006419,0.9728654460018901
1.09198554728688,1.0207440094592515,0.9817630785129641
1.0079482463973433,0.8949245128861574,1.0584260180832452
0.841372791658423,0.9346968596654316,0.9944902324953762
0.8329281888386617,1.1263414817503214,1.0444463763159184
0.8728358590780709,0.9938643352416516,0.958651270260388
0.9059082535675884,0.9243557075456414,0.9898604109110604
1.1358860941026496,0.912184448815327,1.034193211639877
0.7781127380025821,0.8558733476053961,0.9614360966169652
1.1779266852586265,1.0437423622172437,0.9807605998820058
1.057058339414434,0.8380346572036941,0.9825649989304289
1.071319350108132,1.0132591057316507,1.0006411688094599
0.9411344829280224,0.8451190459945112,0.9662424485285767
1.1894215181593135,0.9747177421671394,1.0028279679118348
0.9787272547736212,1.0020847182306318,0.9886126257370185
1.0251449682119402,0.9198157092698921,0.9972511163980364
1.0299974303073864,1.0823031779884236,1.00002991113323
1.0637310005492564,0.9860205923189487,0.966919225812506
0.9614249820990148,0.9333868890534608,1.0091429522806583
1.1734360400720438,0.9273384118440634,0.9475606661501565
1.1327495476097629,0.9961465486005895,1.003875493522825
0.872885352804738,1.0714837047019043,0.9775602253817244
1.5778922602692504,0.991636827936095,1.013030918214262
1.0380062916497321,0.8975907043006425,0.966308723431566
0.7889114284686871,1.0956612998282904,0.9907146048754316
0.8519843637350369,1.18737638077108,1.0003389960752551
1.174035322869834,0.8505581618447533,1.0096780791278126
0.9447755530695662,0.9692375276910752,1.0158559056219751
0.8404602119310087,1.1784973832448755,1.0128221447839163
1.2486814237278099,1.0282154244616457,0.9617863317513432
0.8809179299876826,0.8099311102761931,1.010269434735511
0.7895438615093593,0.994385906078819,0.9658693853631926
0.8434556009081645,0.8964659748876629,0.9666043116754309
1.2169068495508473,0.9925523411825277,0.9549736257646204
1.5072287245673652,1.1951865801625545,0.9253048695115581
0.9985752381632601,0.8897919875851319,0.9804180874037352
0.9664411522891744,1.0229584823787747,0.9961128207381985
1.07611167564332,1.0103073207409512,1.0378450531106476
0.7866175589576282,0.9674401503728172,0.9844328573436215
0.9349671462789267,0.8972856945768639,1.046125989901431
1.0869940586545657,1.042501997514453,1.02612971332683
1.2744471675854172,0.9751330862295375,0.9833490725233452
1.1491739611057004,0.9490360862785057,0.9880875875377028
0.8427443575431798,0.9429985925990512,0.9545822190676049
1.1613756046834174,0.8838934331243593,0.9877279335219145
0.981273301067277,1.0619452628859252,1.0305891564402359
0.6504399206902796,0.9321310907282354,0.987788789377999
0.7445052621607307,1.180206305030997,1.0357210593217518
1.168010074764567,0.9341442382152817,1.0070930954636101
0.9024813479842249,1.0461310657036207,0.934484108094075
1.3401228855936884,1.0358403500508517,0.9683895186202025
1.2919189915793696,0.9114677133500901,0.9742159570836934
1.224731542056829,0.8745774738221352,0.9349305406251562
1.0130763344393774,1.1295346278817784,1.0777363376910927
0.7585675994039217,1.067348186031601,1.0227813220690767
1.0235095129097849,1.0201476809865762,0.9860087748692368
0.8909212318887538,1.0777160098830811,0.9733820275674109
0.750899007342805,0.9166246274786105,1.0155794933794728
1.070292455923453,1.0878261573030552,0.9302998408553119
1.0847882829239626,1.1088675509652228,1.0185069797918127
0.8230407117185882,0.9865444442794822,0.9792322890778875
0.9686382661361996,1.128794496534198,0.9848860775550041
0.880502583495365,1.0428902175263146,0.9612399222396689
0.9827501083142558,1.1678686639988736,0.9988760812178863
1.0978579009681781,0.8612921920121832,1.0023538378701733
0.5797426893572893,1.2651726393698959,0.9996339859345588
1.1771049257411104,1.0419385794360956,0.9966494413589165
0.7665253563070216,1.072011732542565,1.0441292948568632
1.0228082418314977,0.9485438195003012,1.0295916768123607
1.141821413218348,1.0577855263179692,1.0708773931555509
1.1007853956211067,0.9083165965902609,0.992742556952941
0.7577739847873115,0.8805459482789035,0.9757030227786957
0.9376633167449346,0.9639500920076681,0.9827435736767002
1.1072157146956978,1.000211734863711,0.9617424538446779
1.3259876234212475,1.0549858333586828,1.0605046706023813
1.165826116937257,1.1025054604801572,0.9526025725900104
0.9246401121731468,0.9488260547812027,1.0269912535107786
1.0960657726396632,1.0568425171947728,1.003361655094911
1.123564483383003,0.9334377736918321,1.0314359408362506
0.8302421753356651,0.9406252006992378,1.0114027349563839
1.1322578722838503,0.8908722234119968,0.949496762229937
1.0077154964722355,1.214572377120037,0.8993224203068545
1.2117991272487565,0.8984434504397942,1.0232158487085066
0.943294773548591,1.0891095417786856,0.9858105983821558
1.0262958870883647,0.9092896210133162,0.9487280799565312
0.9406808210857633,0.9563544245128219,0.9928577386932269
1.2812795001120363,0.9786959847858275,0.9667491282885837
0.8751705966386885,0.8720742659077776,1.00240624162465
1.3019034851387148,0.9077182337665233,1.0630265785235349
1.20579401801738,1.238604927233463,1.0257876105228583
0.874577411206938,1.065861192159088,0.9811640006564076
0.8099458339111318,1.0483843362317737,1.031656367023269
1.1622686623187377,0.9493613609381494,1.018342915232661
1.0636046604319773,0.8376560621539499,1.0068949635752535
0.9425166500799099,1.0105546319659493,0.9580723835668539
1.2070954881282563,0.944920769204337,1.0169412693674456
1.0297868710303408,0.9399910349672106,0.9375241147890622
1.5256406978926906,1.0503360179407721,1.0924187242633938
0.8487312722520148,0.8983579506183582,1.0291495428975599
1.4563225610094959,1.0243716049426426,1.0098788391323392
1.0548991980865168,1.0033890072020715,0.9857081183618291
0.9513173013190559,0.9106762246098313,1.0321291435237878
1.133684419082772,0.9609963158481128,1.0602681240861147
0.87255863950492,1.0163577269652853,1.0021151674411757
1.2697300303738994,1.0227987288958604,1.0058906346490168
1.2642812033197166,0.9534978044872986,0.9460810794220178
0.7795114719927193,1.0743531873839842,1.03399518316233
0.874239703451785,1.0344785548527784,1.0696805616008134
1.0974564729684881,1.1252851962821773,1.017059521180465
0.9225526545957506,1.0486356435672912,0.9487616136488685
1.3593478670632129,1.0301152995328664,0.9732155819023524
0.7301855283757972,1.1059829789268902,1.009876086975172
0.8973749711618881,0.890705015090005,0.9962773993702171
0.8501977606845201,0.9381362400043458,0.9876582333410456
0.9517605677065697,0.9144401111131933,0.9173415958598358
0.9471462264774358,1.0162814074959445,0.9914536543223614
1.176623895492667,0.9265974771949381,0.964517219132864
1.114166067355272,1.060920331517135,0.9896287821244707
1.1002624556225258,1.0838867761827955,0.9808939202418894
0.9134489947352126,0.979149860117011,0.9635107438788276
1.0805264729091997,1.0019676967643578,0.9100193840584301
1.0429108374553162,0.9573016417109352,0.9362411300613163
1.0456730911554575,1.0456729983121285,0.9858624934324559
1.0540325780886592,1.1305342269388654,1.0363844678524379
0.997399584792829,1.0832967954083745,1.0201017559964554
0.9116086961626318,0.9489064671086513,1.005419832317721
0.7632249771189334,1.072165410566674,0.976214928958656
1.0810130376617482,0.9979392961639277,0.9510922492613204
0.7708617094625816,1.0300747308971705,1.0361422857876008
1.1996546477275667,1.10306406018868,1.043600756907827
0.9762871150137127,0.9593416722658387,1.02996182476653
1.175136810830568,0.9087829641518558,0.9715398307689614
0.9417386492208423,1.038283551009981,1.0399659574874291
1.1017006965671925,1.0699546932213428,1.0444497310441403
0.8261551111941512,0.8474354249643594,0.9871235549884371
0.9914317668406392,1.0021445863921827,0.9822025022695243
1.1179997394211558,0.9903607487389066,0.9780239625131948
0.8469621334392287,1.030490953172737,1.017720663145125
1.032237796758734,0.9999550570122162,0.9768983296281685
1.0095772205639457,1.149596301405718,0.93858164859214
0.7376448595727767,0.911208470367419,0.9726370865336817
0.8607117583849487,1.139593699300796,1.0387879853317357
0.7982941804529176,0.9825396167494235,0.9767568331961108
1.0817861028490725,0.903884106538381,0.9702351069705442
1.1129563046887707,1.0359309303857447,1.0153411306230309
0.7815838269679722,1.0438810412936805,0.9439495479523244
0.917598944346906,0.9525513064829599,1.0030402423211668
1.3742764063740118,1.0788356108496635,1.0119242633409675
1.4119749281876381,0.9875385526028333,1.014848892591303
0.8608357837892862,1.0323978306135404,1.063032446967672
1.0009791187115162,0.9792519399590728,1.043594506458321
0.950667410125948,1.0412457736812617,0.9518063401105267
0.9776902659703572,1.0384324075580205,0.9987977081542917
0.9055201693638777,1.0497348166382898,0.9689789038676747
0.8479892563062241,1.0343014515639237,0.9181751036340962
0.9776084035680969,1.0301475334326347,1.0205135516613522
1.475030345475101,0.9886684767155367,1.001666029660118
0.9157869403334342,0.9208933091388829,0.9881683668407518
1.104999977780756,0.9978146929852831,1.0076611757268632
1.4538241826690608,0.8775472083902958,0.9710544028086296
0.7223977682927293,1.027202123534689,1.0361969936734354
0.9425648219612952,0.94449135020294,1.0183480563388585
0.7687677729976539,0.920918682181407,0.9957429788584194
0.7927541754048782,0.9411741976156967,1.000771311612109
0.6959446097382866,1.0434306298893234,0.9757489634063036
0.8943911927576322,1.1857880130839935,1.0298226638658639
0.7084027701297403,0.9644695375561204,1.0236101439491394
0.8831655780137768,1.1745672390577373,1.0015727736248228
0.8643467242423,0.9509168401042638,1.0131839702928647
0.8709706752039359,1.0182518099047129,0.9991360498748326
0.9483060998946736,1.1820195783506873,1.0340293394453177
0.8808509994759981,1.0154731324308477,0.9777171212398938
1.0283230701040023,0.9920723745333763,0.9247804110509015
0.7722253496138742,0.9785473818428339,1.026976910845835
0.9966313837831235,0.8887232452165741,0.9842999158060858
0.848272037922208,0.9636903927155405,0.9476258686900007
0.9015095345367052,1.1053368814433715,0.9696492935141942
1.04282880376262,1.0725824294046657,0.959798313993954
0.9246456156084666,0.9300350397733004,0.9782440136625871
0.9809778155871152,1.0333871081690305,0.9696732342801392
0.9439802220204109,1.045733105990696,0.9982687168297572
0.7075999344082909,1.043113302798258,1.0093690696932809
1.024027668526856,1.1231126330793253,1.042711613276176
0.7870270430062423,0.9722392925326346,1.0501322421595523
0.727989486693366,1.001693713098542,1.036606944211433
1.3905836623869268,0.8760542706716296,0.9442305173160322
1.0477112964597866,0.9310720320027189,0.9663368300165903
0.8241213098402702,0.8526221555166404,1.0195266506538427
1.0754273982819926,1.0118998917788637,1.0133757855154197
1.2429628652773768,0.9012383788150196,1.0215221273690231
0.891362168699104,0.9709695230245903,1.0050931538723622
1.0910900513239605,1.1662975141360745,1.0050543272848682
0.9738449354877179,1.0835126715484429,1.0072232957966996
1.0405961413216485,1.012050788066035,0.9882358567004411
1.1230813156281314,1.0878105597263148,1.0007680549039193
1.6251842236610785,1.0054036575817171,0.9838897636286424
1.0651362302740357,0.9159288974086477,0.988691785288438
1.3772802416082985,1.0078101090059768,1.036485343604044
0.7678396457875727,0.9332946839211824,0.9527884743474583
1.1191721216135706,0.9044531660750594,1.0521882702972452
0.9568263321450784,1.1607456944847492,1.0055754524176956
1.0416928609765697,1.0467513465668281,1.0314243047857095
0.9236749299263638,0.9856059286991993,1.084666292576572
0.9495915707985914,1.1302661772995726,1.0011213679334394
1.0984095940643481,1.1512167345594038,0.9778871418041256
0.9876911194017673,0.8728900032021025,1.0792489574660782
1.536791433164967,0.9323847705789566,0.9646443702969819
0.9760055978799643,1.0195470947242722,1.044874002520814
0.7652568662147531,1.1312601394698152,1.0149034756236743
0.9667361344182392,0.9932666660247622,1.0752197518468802
0.9415984685711009,0.9293471276730925,0.938279099429865
1.111132348677435,0.9316363963853386,1.0088905491656457
1.1423760035680197,0.9007347653377956,1.0034959514403041
1.129514343426182,1.0337888141224347,1.0139535920974188
0.9011561393772165,0.9994694120486336,0.9492660606451544
1.0474839184305273,0.8239521339611997,0.964363830629769
1.3210478433051882,1.0038591003636799,0.9678387808204718
1.018771601992055,0.9149656578971581,0.9317993190003074
0.7984975100748029,0.835546115390261,0.9401028177046218
1.290271224786264,1.0427739037522237,0.9988611437762575
1.0795956370537994,1.0086487820308099,0.998060889187936
0.8559563812069922,1.0040555223184242,0.9247782792575096
1.1811731331108244,0.9654887775992982,0.9933275704499415
1.1148737247225642,0.9297765446083142,1.002866844035994
0.7978898828346578,0.9704292092076852,0.9885232100302758
0.8061841694053188,1.0103473744303424,1.0627654423222221
1.3237142049646524,1.0019568851011886,0.9357842714752254
0.8974226893594979,1.0051030324369674,1.0156335506221024
0.7343827238360306,1.0055495035347652,1.0714337647852286
0.7518928752592786,0.9529112891751904,0.9483468269453871
1.1878057759488796,0.9419130728855895,1.0013198074845706
0.8230025121621128,1.0649926223017971,0.9904170411335876
0.9999070714654165,0.9583340752852415,0.9592322986648708
0.9090761255244822,0.8549163392563099,0.9964386758697824
0.8993957713559534,0.9748170474100414,1.0002055127835963
0.9308013564200017,0.9166723847910057,1.029285791221744
0.7509347007474263,0.9862617181047012,1.021171324551869
0.8964139515052574,0.9649550497863515,1.0044530492617996
0.8353056765068416,1.0118585408798704,0.9803766631678016
0.8616509124679608,1.0361742929684605,1.0303051637995928
1.513162189324528,1.0970921155337223,1.056771942780018
0.8611718525949519,0.8927014363344665,1.0503094826750534
1.0412244943011473,0.9753720906005363,1.002364229202953
0.6641378449380673,1.0962947962727907,1.0137232750665168
1.1108984037973306,0.8550657109060773,0.9919850804869919
1.2580539648361877,1.0273069554100176,0.9868551011614839
0.9391425868593632,0.9510463645970735,1.0122747603975897
0.9765871997723155,0.9988161233169974,0.9650440302863172
0.8882919197490113,0.9972303759157592,0.972094343119108
0.994856755199182,1.069335856000932,1.0323626265801717
0.8695246296437115,0.9915024781792143,0.9803197488233973
0.7255903995287523,1.0148873241336074,1.007790525641212
0.9855692478715743,1.094862497889244,0.978530253781333
1.0253626471523711,1.1392783205945656,0.9949700983342398
0.8519229412319078,1.0232139402700668,0.9037517150540414
1.0079793928303267,1.112652159194203,0.9920197283484323
0.7936713504989272,1.1450188963562136,0.9585089818191177
0.922416964106033,0.8383205307108041,1.1006469398656675
1.0210502878263195,1.278597769121566,1.0578631118753645
0.8002901053805173,0.9088360842973389,0.9581444592333558
1.1256692562281136,1.10271612312164,1.0274865155102222
1.1464422448671039,1.1327538189097246,1.0035466483356048
1.1608731927220068,1.077456592799564,0.9372301479688732
1.0260202186397938,0.9036360460569206,1.0288446877700264
0.9671519419710314,0.9640944438892209,1.0795244019860792
0.7462458208954195,1.049045380842295,0.9950346473881426
1.2591889710095914,1.1316258808506037,0.963603196750603
0.8199259096532436,1.182185440802841,0.928174975434333
1.3167849368212479,1.1228559151619657,1.0348499306937982
0.961718923716558,1.0491862124424975,0.9532216027964179
1.0693136118634226,1.1595206823355846,0.993519603045297
0.9504753222556199,0.9898654292909979,1.0234349954719837
0.9332577551384024,1.0493195538554798,1.018806201504843
0.8804032581350731,0.8984511378675304,1.055543292095216
0.9805893723166121,1.0851647575907495,1.009570301187322
1.35335457304742,1.0822869376236421,1.0205484596075636
1.1794924792734338,0.8979624775979225,1.0087162699311911
1.4319688270395028,0.9465926845843751,0.9798878807012846
1.0557459684329658,0.9396895829483638,0.9986015828996774
0.9378824829819207,0.9639182242904442,1.0440401644910582
1.0013311497627715,0.9443819345189861,0.9437758052861173
0.9992105824991434,1.032639849040062,1.0107678117523962
1.0738856101917071,0.9878178926279537,0.9997272212202267
1.132761422474891,1.0569219457550765,0.9961451489682226
0.6421577640011255,1.0472883180799788,0.962473958899631
0.9395835031459304,0.9448866432354455,0.9645341244917197
1.2304620418292131,0.9520283201002036,1.0385139802171108
0.9914334737599126,1.0223029259873397,1.0479878336039885
1.1701599392706152,1.0837812487407488,1.0055954813799015
1.133883383320363,0.9738503150436133,1.06910085882547
1.162115006914461,0.9071766338270612,0.953344549563489
1.1616240560335347,0.9628448940638633,0.9864529402342431
0.88777752112099,0.949394229249721,0.9580392807487709
0.9529831814342983,1.0043640602425143,1.0287465984125856
1.1437113946417836,1.1883580798849371,0.9929573557095689
0.909056752026808,1.0820165325812092,1.0502976559825266
0.5635621603326454,1.0358876623135091,0.9893170405802746
1.166731737712125,0.9200530623171249,1.0066116473514792
0.7420866967354783,1.1768937869020668,1.0718664002670404
0.6843873964024458,1.165210341057029,1.0527738505563817
1.1396277005048239,0.8836480559402314,0.971158263418916
1.1697704919795755,0.9881797698745336,0.934086741963643
1.0834638420130196,0.9385087483634329,1.0288510124533372
0.7518121454209006,0.8868518280976018,0.9181705460575934
0.945033776714816,1.0607863012051997,1.000751741012344
1.1823645572092103,0.8187074100909719,1.0062287610428517
0.7709303497952336,0.9727142685778156,1.0591682097625263
0.9701084974383447,0.9129714721433524,1.0607664785160866
0.9557787403092305,0.9316877782520878,0.9632444787592854
1.424027426232257,0.9364384486539363,1.0412674846424488
1.0332161035840106,1.174472727339129,0.9787539436461677
0.852902482122628,1.0922109419929056,1.0129530643179059
1.2567000514877034,0.8562749745399671,0.9659516550066671
0.9266367421278501,0.9663067571106163,0.9406503213208964
1.07470755389082,0.9528380015406882,1.033604437758085
1.355620473729254,1.2646877002835073,0.9464134230138272
0.8865633488504132,1.0302621912701215,1.0145344946345871
0.9857832821548776,1.0270477487712444,1.0324000716759694
0.8980100262888104,0.9952589993503,0.9871175041803241
1.1228299498953205,1.0030538049773265,0.987154640791664
1.2060834070935276,1.0843782598110767,1.0012914966012147
1.0601829824297728,0.9611403526554986,1.0332463677266168
1.2113594271505779,1.006462770026737,1.00375747731361
1.0925258132179154,0.924080145643188,0.9930968231728182
0.9352069432232082,1.0474670397410872,1.0065151807612622
1.1019683974289016,0.895235832960799,0.9987485161043194
0.8068192770899485,1.0247866870946014,0.9774244380861449
1.0338047786274682,1.0968056768723657,0.9679908565646976
0.9684077569747053,1.0311729698717476,0.9927244194651559
0.7361910269851212,1.0089129072160004,1.0209252193623424
0.8040295923420131,1.0627531908657495,0.9835731276213723
1.2506307431553279,1.00643056076165,1.0516288040180866
1.5171021478719386,0.8787417784406233,0.9887824936591422
1.0384763146492224,0.9847036059677243,0.9877784036956254
1.137691374142195,0.9056552343623159,0.9075324216541188
0.8191109815926094,1.013911772005087,0.9571210973081582
1.0676458020386914,1.0273241058405147,1.0370800387734178
1.0314837300511241,1.0121939696111921,0.9475855328962853
1.0026814600828469,1.0111851704680592,1.0206619293761185
1.083832808318828,0.8931258631196283,0.9843901940110182
0.7604567284768469,0.8797841839411997,0.9781117476101358
0.7660651701039563,1.0843604742655715,1.0009158931429636
1.1455044208694272,1.023197393125486,1.0513654318095114
1.136748253132761,1.0149109411135337,0.982168199675601
1.3473167782171003,1.05628612316627,0.9736626413379376
0.9052885332252794,0.9808132588378866,0.9538785901149334
1.12417850350071,1.0512490754492563,1.0272613383059348
1.0077190429920846,1.1505827541695965,0.9703817976729604
1.3617763793646505,1.1346563010106407,1.0119819256862506
1.1223165423103487,1.1388637535446637,0.918448221414153
0.9406194981506038,1.0161757449990514,0.9958827681915894
0.8860962890510998,1.0709078148493862,1.0084240994940876
0.6791773366861733,0.9520284605145785,0.9754922707848374
0.9654568298960278,0.9886284384513722,1.0479922608737102
1.0200955984249052,1.0869047176822404,0.9664724886519972
0.9189335439054397,0.9294442212836523,1.0384302535288195
0.893121035546186,1.1797321655682826,1.0088327025129276
1.0446132059378468,0.9874190722063364,1.013652453560533
0.9438037404888833,0.9371542520036462,1.046261749795643
1.0185416660157536,1.089342964957198,1.0462459835448257
0.8444002995910173,0.8996155283825724,0.9591975995057869
1.138168333919568,1.1065331656615953,1.0057143973724179
0.8700466289845348,0.8100387207450036,0.9648956833535941
1.0530411032792315,1.14460884029875,1.0412541403850373
0.8309213151124548,0.9939711219804785,0.9342235143518535
0.95809618088043,1.2083272426069245,1.0005097636058513
1.098125792204795,1.0509068822331997,0.996287605903281
0.9153328232111422,0.9649662126864843,1.0122343265730909
1.1003205687585806,0.8436385206784097,1.0406869469570346
0.9648405165709615,0.9764628267638205,1.0641455233717185
1.2642327248320249,1.1051377802960713,1.015913207604885
1.1281126143269038,0.8391325631501028,1.0240890439089572
0.9148534695112043,0.9706785061287,0.9903758903165846
0.9874114594169654,0.9544319790154216,0.9895246064329384
1.1381176077530573,1.0026148360655984,1.0425772952722625
1.0090916932364384,0.9914027941962571,1.0038841418804327
0.9661464168883831,0.9966204583397487,0.9813316003873757
1.0272589767257223,1.1167306204877852,1.0259188435023583
0.806729004495244,0.8460075469794709,1.071212046549059
0.8878844483166022,0.9257215447878522,0.9913873949151712
0.893584711128818,0.9697272703782671,0.9363691835590066
1.023136061832502,1.0953340136736895,0.8901015122846815
0.8882317246664746,1.0198503739622817,0.9278668658279038
1.0243993417335198,1.1076735565551974,0.9615742934093886
0.9218449422127735,0.9926402732781585,0.9590027827940254
1.1697952607815043,1.0841178545877954,0.9724752750430712
0.9715486269421043,1.0723765286135156,1.0063052049113965
0.9014303411346823,1.0662796809413382,1.0013571194455833
0.9378269117619112,1.0216060757735521,1.0713108721675662
0.6920110173887993,1.1007370321085457,1.0215441306063584
0.7662194580739867,1.076704593062547,1.0436685437862285
0.9555117256022705,1.0511532665349117,1.0470937647086098
0.8057635180811992,0.8447670191283092,0.9946313187158333
0.7903416737518953,0.9410847128625148,0.960677499257408
1.3567031262086253,0.9727635695941785,0.9982916013641594
1.1841868218333123,0.9532679503966561,1.0054141122926286
0.8969531225284871,1.0525192307589633,0.9639179983697819
0.9265500197183688,0.848142580952185,0.9717059933458638
1.0387896553648754,0.8917545885497657,0.9892812191368723
0.8862267985450769,1.0141960927674005,0.9510174720840733
0.7933453660421086,1.1042636110414754,0.9810481266745245
1.0532914123569652,1.043568573457978,1.0060343297673142
0.9071639332613426,0.955918725474964,1.1006363351059492
0.9093784656977085,0.9912905466564701,0.9172342027636547
0.8750831109082737,0.8591100728448406,0.9241775934369029
0.842786791192297,1.0914299579603806,1.0355454022214092
1.037648218413245,1.0431163676665796,1.0157242983484898
1.1986877563097396,1.0703458923822655,1.0173109807457958
1.093116665548754,0.8996515295149039,1.0119102958929418
1.1292583057345544,1.0485134182763138,0.9874186982960609
1.0552803039268703,1.1041159080692418,1.040399780216142
0.5958453804178626,1.083539632100681,0.9736976931010147
0.7646259665813079,1.0379952618722186,0.985969351029124
0.7546384754585242,0.9981197333916564,1.0199042822622688
0.743729385542886,1.079184562455053,0.9926585888971013
1.099959721693365,0.9625319072664568,0.9407861531848828
1.0163674068792456,0.9157981755825436,0.9702817419452993
1.066928687756155,0.9360671236267752,1.0030670432919295
0.5552642407544015,0.9300776681924643,1.0318232553602102
1.3210683554156648,0.9776003201876269,0.9938959645815849
0.8565173321008219,0.903338045289577,1.0416665029755832
0.8815108882924678,1.0650665489778104,0.9818231191035821
0.9899484018678326,0.8676891649734032,0.9419505000449089
0.9320686913413669,1.0544761857606197,0.928967170178398
0.6788819037835923,0.9582713479804269,0.9724109750662643
1.0303014731255917,1.0594341809351662,1.0134494230605886
0.8390935550498257,1.06973729127725,1.0168172396406538
1.146542494303786,1.0261171619050105,0.8629370531896733
0.6127006622811584,1.034518205389975,0.9866747321774584
0.9385920905054151,0.7976040014195822,0.9946063811643494
0.8017891883295301,0.8946032377997907,0.9438946705930947
0.9964251513284867,0.9364938625978159,0.9950555158239007
0.9567062434802952,0.9309013235978899,0.9983097273574758
0.9599802883347359,0.9806917968818396,1.0073122640254892
1.1489823606089624,0.9204303452460836,1.037671201276308
0.8138232102774879,0.95939154403957,0.9871024832181662
1.1170929645181529,0.9078840581129312,0.965752368228494
0.9977322034975181,0.9339029239230199,0.9687698900071912
1.1212041710459602,1.0067118479342887,0.9939794885029106
1.363515132364577,0.9035805472813403,1.0374075789591393
0.8223118423020381,1.048847046111137,1.0150559375598718
0.9445388710098646,0.9778337244375613,1.0190215645215213
1.0460144890614642,0.9774336988867799,1.0320182433861864
1.0913467701898811,1.077700431995459,1.030086536620779
0.9713712792846103,1.05022858922847,0.9883613386363264
1.0737168297018158,1.1630359050301657,0.9626816734475677
1.0079632060562003,0.9929002890917045,0.9957950920995152
1.0128469461836724,0.975291974823479,1.0445905894834928
0.8305334326247098,1.0046193349692787,0.9668693992543075
0.8666677410089476,0.9842911653194604,0.9920827108896467
0.6350585178979351,1.0763467727361113,1.058580967830952
1.3032237909060895,1.0361414157685627,0.9765522119819474
1.2364644493902723,0.8861606692630195,1.011416336429309
0.7215423401300869,0.8753032137412669,1.0008596698011116
1.216569689839849,0.9174973624388405,0.9963763741635189
0.9188839932119466,1.0746360605756105,0.9758179106684356
1.1432351899625448,0.9204467632867059,0.9953198870066654
0.9169912415066049,1.127362505559345,1.0398206133379906
1.0204601680690608,0.9057861640167324,0.9754667180421933
1.1151899018422562,1.0336725971243286,1.01543164562677
1.060345203315162,0.9565972117067355,1.0472035527660655
0.7129753163817872,0.8973145350004097,0.9969836853482078
0.9072168196344428,1.1803261021052678,0.947280188951924
0.8719421294893299,0.8896094988045604,0.9874085645788329
1.1907633153184305,0.9156576794083414,1.015945586694027
0.913685920952194,1.047022485600291,1.0750002251862063
1.0702231829940505,0.9743518429961553,0.997440224080201
0.5866600459420699,1.0185483641357922,0.9959866661039095
1.159261371925985,0.9809847561727603,0.9660971473000615
0.9161598472547794,1.1104707460202314,0.9678830143620237
0.922987581596548,1.013195559932501,1.1031673197067169
0.7378840570935764,1.0008190707956786,0.964626991649051
1.2331249571906955,1.0059965752903606,1.0046860951931051
1.1702354366383574,1.0416157346563497,0.9916506359437944
0.8295745912210681,0.9385809840213157,1.015894548932362
1.0604785663028655,0.9560968295487521,1.0244553029799703
1.011918616674782,0.8511271696821405,1.0115724528547734
1.353380921310125,0.8743273901440403,0.9850540881762283
0.8234474491558914,0.9115648018400622,0.969641137371999
1.0975346521910334,0.9687214283678085,1.024064673052991
1.2934283846333847,0.9783835861099038,0.9836854899439637
1.3366020423025593,1.0274940667117596,1.0651900452266467
1.024259915786063,0.9434270372238291,1.0005878965925301
0.7489863003922284,1.0497425820747712,0.9842463160262463
0.8504231531915505,0.9787965928730521,0.9874891411982404
1.044701366704417,1.1251519783011383,0.9884182490057979
0.9739173295664686,0.8840325732156504,1.0143734830178925
0.778671436385335,1.033694957711198,0.994019130542808
0.830285869107663,1.1195974872106063,1.0386195944089784
0.9428971889357278,0.9839929703603547,1.00337316357664
1.148990963480144,0.9812844194179964,0.9555019665802886
1.5396557420519665,0.9230279174746387,0.9600628520029922
0.9138973640094314,0.9538126973072438,0.9909932018293284
1.1004277802249145,1.0173546026893627,0.9888955503366086
0.7966253729092798,1.1576646639551358,0.9532488566849792
0.7990900248524093,1.0935382905928035,0.9724395886854209
1.0419998810982232,0.9416043974328062,0.9903535459584335
1.1088303778665274,0.9369101558930364,0.9883416354635468
1.1622589231232416,0.7942936495132042,0.9858061600270416
0.9848041744559926,0.9301066171663614,1.0400216025855267
1.1770975323518575,0.9309753857419075,0.9640398449657086
1.0999071958581885,0.920753838903643,1.0348090765211204
1.1015513704404303,0.9713184343510093,1.0438049098508397
0.820142673121924,1.0689525579901435,0.994284462795337
0.7814196513809825,1.0259366707683144,1.0232533597943012
0.8201401508659787,0.9603622085702852,1.0306377765149441
0.8245063068086302,1.0190689711907854,1.0009435119020524
1.3357215428902358,0.8987525552658975,1.021693528668683
0.7391909223449091,0.8773296712319099,1.0135259291329886
0.9639150357798743,0.9955184571374708,1.0243472676210847
0.8833076592693087,1.0322180189968433,1.0134698234299981
1.4676311592027091,1.0221448281580594,0.9542207984042825
0.7031750682010708,0.8462864347644848,0.9735896361195685
1.0529724192651275,1.1563739713051286,0.968910535413294
1.1788005546693587,1.0536929927280678,0.9424079992495749
0.8306540340641697,1.0131735793398362,0.9628748478162071
0.6053220229472913,0.9927612306902822,0.997215206136076
1.0566482848498715,0.9177260978825007,0.9917263288108532
0.9663087742868967,0.9888475268699564,0.972289251632442
1.1276628610182389,0.9292494422964375,1.0109114451103725
0.9915051224619984,0.9202006980785571,1.0083967385047847
0.9909989745790634,1.053039345147119,1.0464936965806466
0.8628759992456212,1.0899397598747027,0.9772622759457059
0.9390025548812415,1.0540719959027447,0.9856358938322981
0.9648200959821756,0.879857922350446,0.9764558104082336
0.9123079893410722,0.8656862743009807,0.9312644620074485
1.1003342124189062,0.8071104343753199,1.0718462858877977
0.9226789224102849,1.0380031159956826,1.0222531535832822
0.9568328709266742,0.8000953820775446,0.9860402651630803
0.8410246253170317,0.9943549060867116,1.0666270040557302
1.0244143465863176,0.9598828093043053,1.004466403887806
1.1019045779435408,1.092673886444929,0.9606841692582915
0.9878009795842384,0.8329258442455423,0.9816292483024078
1.0638304533993659,1.023047903496524,0.9526687795391021
0.7380567472931621,0.8677868791936687,1.0529668273153308
1.3220363731067781,1.0770365489617155,1.025426681531343
1.0333711045624094,1.0287505831594002,1.038609712466435
0.9688750080127208,1.0635974766115528,0.9324327870221639
0.8393939660049847,0.9999246376469104,1.0145925977598773
0.8063955862204204,0.9610097220734963,0.9539936803918918
0.8372347197586212,0.9136207651207378,1.0086630125632674
0.7896226052366415,0.9892484464577852,0.985050329598837
1.1916714009107192,1.0269312700899769,1.0152784636092502
0.8432999314995956,1.2371369453578134,0.9619215865826497
0.9502157955491186,0.8003234630240772,1.018944974456732
1.0173390663232464,1.0359957578940582,1.011262915007307
1.189905595968422,1.2364159417771359,1.039679312205565
0.9384914931808773,0.9771109206879625,1.0592743059997065
1.0297216326779672,1.1605136636040227,0.9814600865448222
1.1460598604310523,1.0228054887591482,1.0233655953608718
0.7869927742555742,0.8742697357404929,1.0396551666135512
1.227279393703973,0.953391455220546,0.9854543742131133
1.03897964276229,0.7847977993687537,0.9976663141430588
1.2225697444502273,0.9268839288760717,1.015678389132414
1.1456488594395138,0.974164080270547,0.9867922538856894
1.188652886467209,0.9603089471780326,1.038375501048705
0.989275766515261,1.0103300659853394,1.0407884970361083
1.154826767240766,0.9122727457769418,1.0072944856066326
1.3556198488721274,1.121640138656721,0.9725424564443587
0.8115855760378127,0.9247685173682498,0.9733610697259901
1.1483729463293084,0.9750319267927685,0.9748978531239801
1.0914484360557044,1.009532218119649,1.0618549284742205
1.3941405719462256,1.1192067628790452,1.0137895232187195
0.7973574299394952,0.7936983438443317,1.0017474577684349
0.9027632472165614,1.1488128677862248,1.0344071542336928
1.157248622961336,1.0261788774724883,0.9954379381797631
1.6169642432859792,0.9739275477018046,0.9563203141953336
1.1849217000275423,0.827143043074821,0.9812486152143608
0.9959216412915258,1.0357825079289813,0.9908623312698084
1.0587773306378887,1.0713788479742945,0.9701761477347587
0.9899000028079987,0.9706624872817193,1.0538160618536507
1.0746006434674287,0.9616644878792759,1.0107007619774913
0.7907118796834991,0.9576572675053383,0.9920239173829191
0.9298099636072726,0.9275165223651005,0.942333605087469
1.1142162152139776,0.955733456985491,0.993771333596241
0.8844632859536865,0.9864740365301419,0.953726872592917
0.9059729869488344,0.9168298524780479,0.9796026282825244
0.8360909335853952,1.0634675242165619,1.05498664604293
0.85553008499814,1.0233666984211212,1.0870925972764063
1.1525359836261024,0.9540540732530529,1.0044682495959307
1.0038618296201345,1.0507107637407755,1.071328585613358
1.1586356977487464,0.8756082714710207,1.0313448106415046
0.8462412686005505,0.7972530542225923,1.004225171997282
0.9013586044790922,0.8884183462719841,0.9429380910843209
1.133019612840033,0.789857003246096,0.9677105569525661
0.8607988184278469,0.9289679626588516,1.0339179255734172
0.9407812549338892,0.9878208541065578,1.0076412793865528
1.05032279895191,1.1856536983325432,1.0092328472399277
0.7915536552203195,0.90931092645033,0.9542276619646186
0.7165757979904277,1.103744028544805,0.9718892490951957
0.9300998908419695,1.0830822543577225,1.0048076299057283
1.0189400437167149,0.966977588962566,0.9561542168047374
0.920346764062741,1.1600724418491084,1.026062575832327
1.0993180431666687,1.0067063249246797,0.9622849368592931
0.6082027912128039,0.8261817499795717,1.0110186206544471
1.2040311993468862,1.060049464118321,1.0096254621985292
1.0982401659838839,1.082132345316535,1.027640557204246
1.0460261252703202,0.98000169146885,1.0110549145493197
0.9102094386569546,1.0206955922995062,0.965593069919709
0.9689381983418168,0.854178732983214,0.9734825369086278
1.1503285546240902,1.1153575837596397,1.0463766167133268
1.1970147379738627,0.8997363485873602,1.0474995465894061
0.8588866092875543,0.9542329789062487,1.0753418956164833
1.0866932964259226,1.0598302608432744,0.9989996216499343
0.6664806991755505,1.0726669165036877,0.9829235373125641
0.8413983136996197,0.8751528709638199,0.9832253966267337
0.6549934504829704,0.9061468368373526,0.9899395086377742
0.9468733500720965,1.0184513433412496,1.0498574064821893
0.6136356826674296,1.010519800776435,1.0775287502806892
0.9988647110650835,1.0977146093188166,1.0019793963652737
1.2317220450295472,1.038575511675279,0.9574690850029356
1.3856079610856509,1.0506719343661104,0.9759914687005177
0.838009928151205,1.1924766887410105,0.9656676886436272
0.9986769237667051,1.02262142281872,0.9680394278956573
0.9225087051053904,1.0350958057765998,1.0041104152855067
1.0002744143251974,1.0455358796120398,0.920636803960906
1.0906363241503598,0.9565206614564336,1.0135661743997764
0.9538323158195682,1.0526202095993105,0.9825636114657743
0.8742036926457741,0.9517247608041766,1.0859068315616316
1.0560913968912566,0.9572179045760272,0.9884012301481798
0.8700198569754606,0.9053827175103639,1.0345143866633875
0.8318401551249208,0.9209117675436649,1.0134393227460288
1.0122527313815468,1.0472076042606115,1.009979651727028
1.3658184432307647,0.9458452936889576,0.9047428220640329
1.1556382232853717,0.7737032307758172,0.9712891463990556
0.8271454233868403,0.8729166411052747,0.9880855548146216
1.000972593280243,1.0215363054342106,0.9944093038426166
0.8241074705244864,0.946276275460304,1.0168624466932956
0.8343307583053798,1.0972393335950967,0.9641276173035488
0.9458390989243735,1.0310923047698335,0.9519539697722705
0.8681968320133184,1.0514228391922704,1.015551009517266
0.7149412969042037,0.9330372879839388,0.9826593571579848
1.149559402421084,0.8349012921916026,0.9654387615752199
0.7153982790616029,0.7623285313885995,1.0346457381440983
1.115574542433821,1.110743199389712,0.9728915860062605
0.8376035987918199,0.9977356112442418,1.0056438001460286
0.9018815181231087,1.096378126395963,0.9714387300691388
1.1993557642414971,1.0922441506152882,1.0700914314438499
0.9247341607752249,1.116872524501734,0.953674429847564
0.8404064362281529,1.0304761775843856,0.9927526812827274
0.9285025019991369,1.1030161260510196,0.9070995692419958
0.9054855136476792,0.9648368033918284,1.0317253255540664
0.8294865899147108,0.8632544445720627,1.0195795656929365
1.3899432956924476,0.9872904954969435,1.0137299423768686
1.0945088040592235,1.0233253253255574,0.9343038524387902
0.939792614186308,0.8354873704702989,0.9970970281148794
0.9639800552908937,1.0786848658599437,0.9961707138056024
0.7385626121322293,0.9705795959219177,1.0100156097795188
1.0007411550325551,0.943614600711552,0.9708358827943089
1.2689499168762457,1.0364856607144222,0.9584427673394315
1.0302904036632285,1.0784717041137433,0.9929610641417231
1.2812360473004782,0.8274217367996101,1.019629550854555
0.7380839379981331,0.8842236179092223,0.9974701618325522
1.0381867795887758,0.8595323004357922,1.0315415983350862
1.3187492075361353,1.1119388012490667,1.0446458286483766
1.1689375304053593,1.0760706554873505,1.0040256782116541
1.1623608818632327,1.0239856602836819,0.9868418592512906
0.915718394910181,0.9910137594985862,0.9537208437765091
0.8532422221179963,1.075762580217574,1.0207575201320431
0.8723928954156621,1.06144251320889,1.026946395173935
1.0789274904752424,1.072797037693119,0.9639603721768583
0.9399978817772968,1.0894350941982092,0.9931739237441723
0.8225918971768821,1.0615517228917837,1.047347212690176
1.160326213087314,1.0919012876537053,0.9951232482862147
0.7528265076756695,0.9818792458857226,1.0422145557651759
0.8850268745812274,0.9253044144363383,1.0381503685906042
0.9190605114061572,1.0098081624435642,1.0627194154643707
1.086979989492853,1.016200956211141,1.0139968319165853
1.5856074831500495,0.920293654116001,1.0599464956111049
1.0461062361146003,0.8754025740072162,0.994628652229947
0.9001547175523161,1.0469994090133565,0.9606238984345211
0.9989818893067427,0.9516377652925971,1.000050379410687
1.205126972771517,1.1252572391249205,1.0026770297843781
0.9637640994994002,0.8152540673708376,0.9992652472489575
0.9696247144140688,1.0047731047875066,0.9910326259742401
0.9382889702132831,1.209997858508142,1.0097910530218732
0.9917210236230398,0.9142339414237481,0.9926957123359864
0.8943891602204841,0.9634801340474366,1.0135019980716657
1.1260274047233918,1.0509058668084623,0.96713576348125
1.0983201310544746,1.023149283624403,1.0139202203248543
1.00939220935607,0.9727966593187042,0.9908281804924538
1.0949679928831113,0.8911077979865529,0.9082334299868782
1.0025939268490267,1.046491486115892,0.9255040566487747
1.201342654183147,1.180210187620923,0.9293870845387276
0.996150574186153,0.9635581296077372,0.9602801970979855
1.1837389763470114,0.9732631423105409,0.9758327760638131
0.8521773596392717,1.0837138371619635,0.9997120310500655
1.0683489578344203,1.1573367975064452,1.044483545222893
0.9154914292033843,0.8080492093615532,1.0069450974620733
0.914634958872796,1.0259906929776876,0.9986769236131458
1.2433900949905299,0.987835829555691,1.056249993834639
1.0548711564107731,0.9404499254484942,1.0195108906362103
0.8915040341404329,1.1449409218767232,0.9898923343268974
1.3866183880803427,0.81417994861942,0.9766501351776405
0.9880151576503089,0.9318316977468126,0.9814016969057081
1.0586281917124456,1.0679537400665353,0.9900219753696214
0.8071932335500873,0.8927959029939023,1.0555678371264146
1.0101579063140211,0.863882922227857,1.0003577163623865
0.9347684949654173,1.0232494648180968,1.0389019008901617
1.1016847289865521,0.9494076688859637,1.0454755755402918
0.5146544989426861,1.1201410201245672,0.9684993519795543
0.8791124689280733,0.9558923211239693,1.0221774723665507
1.1344287754888094,0.8203939532138134,0.9767051821646396
1.0558901218493966,1.1205532531949496,1.0714876969252611
0.856781146106715,0.9047448713635226,1.0262914310238849
1.2481863397612019,0.8719091272618619,0.9808955810923973
0.6614943159057651,1.079014392135442,0.972947449673787
0.7752597598706487,0.9200680817831508,1.0191515978160162
1.3528371048754146,1.0241153390918813,1.006857321489684
0.7852770095302828,1.1182056214466454,1.0322294951485782
1.0261174851007677,0.8772239122273531,1.0575882052121155
0.7646954620817314,1.1096758218951406,1.0237116874226728
1.0694130418853376,1.002183679413595,1.0167509683042262
1.1370049440394168,0.7656665599006287,0.989065269130235
0.9341636775390378,1.0834193399783092,1.0706307294349031
1.0215252209259014,0.897634796923576,0.9897189342461097
0.7971400956790415,1.0538827542284195,0.9876541436123661
0.969211913645315,1.1730532404422203,0.974714418134389
0.9866753898306939,0.9220125044810272,1.0441612973453418
1.2494467860006764,1.005953914219206,0.9492059465568703
1.2432131933450816,0.9556907156775349,0.9917686925099005
0.9287463086127801,0.9110679268482935,0.9415310528223984
1.0500811536093777,0.9778911944066642,1.0423446977494188
0.6778211629829924,0.9404844540879039,1.0494194765106744
1.2720131672602824,1.109363846603086,0.9434965133444878
1.3220823062764784,0.9728194287869558,1.0358878520973611
1.1270316283482833,0.9093125572381151,1.0205334150986376
0.69799616078417,0.8884917639585317,0.9923245187424347
0.823642857297696,1.0130970631188343,0.9719730126783475
1.1185688524308905,0.8649660547731322,1.0184170647366555
0.8782990838974237,0.9884319583425103,1.0129718450559801
1.179684575229526,1.1407416278141937,0.9813985846648826
1.1430227661188659,1.0329911951500024,1.006359090716276
1.2989545872005668,0.9773316566728829,1.0268312495295737
0.8821300969646623,1.082134162249786,0.986360625779502
1.0102524697284463,0.9270913998697625,1.045616076355729
0.7661952239345655,1.0418162095214634,0.9777591331239243
1.3702653584579814,1.0370429978920717,0.9817251747531562
1.0682018410533645,0.9804786130274784,0.9979855216627466
0.9966881263448619,1.0713945454366132,1.0035423548371465
1.0872972644509553,0.9528121814599997,1.0438486464086771
0.8301988787562165,0.9678023540861447,0.9942544507686412
0.6607679459802924,1.0622360197669767,1.037370575390497
0.8942140130020366,0.9648132768578512,0.9918971392327643
1.0593417066431994,1.1690891710090852,0.9657345847139682
1.0338577236081483,1.105311634056557,0.9830751581226239
0.8012249973162864,0.9948228553406024,0.9877809060571646
0.966832308607043,0.9494133765323498,1.0088009550192054
0.6879540009145395,0.936526781590278,0.9640312186729529
0.9511039065308418,1.0715987891775183,1.0355898218644037
1.240827718251182,0.9368399102851996,0.9920925149310605
1.084980946636768,1.0372370463479852,0.9903791883898699
0.9939104777205612,1.0301713437914293,1.019395720468746
0.8356132122714841,0.9511055995343514,1.0532911474924878
1.0232248926925305,1.0603854854911503,0.9821712554608962
1.0407630332971407,0.930191765027124,0.9593157552954582
0.9882098045704985,0.9741686665136327,0.9693970574763497
0.9568111087315458,0.9816851351980267,0.9929365589110688
1.0060024029314718,1.1872666413703474,1.0212022134592498
0.9244262542924365,1.097984894102249,1.0160924220343832
1.2026951824839016,1.0749551783030329,1.0031757410835052
0.96219973562518,0.9769706495961162,1.0099610637980485
0.9318167654470426,1.111041748442573,0.9241661732718286
0.9511903030326986,1.013151430581327,1.0125588255523268
1.242121647082426,0.9505234223964583,0.982161051076079
1.0099142492929998,1.013038508510536,0.9955412373137831
0.8247352549539148,1.1253959734834509,1.0159143994016366
0.8902321782435338,1.0599587038652545,1.029792516922151
1.1053975854333333,1.1506214836386637,0.9812565293610344
1.4012120785848015,1.022399643447438,1.0050076497785232
0.8433365163161621,1.033248226231776,0.9690628234745177
0.9177431289124787,0.9923609208660096,0.9942926560448914
0.9314161639230749,1.0843956229253695,1.0067956426729923
0.8726483689267608,1.1251518527738469,1.042583867551597
1.1560200444958058,0.9946521413984601,1.017108481934493
0.9600336055600031,1.099015260011718,0.9750594741021402
1.0148808353500378,0.9818634793541828,1.0438054382750006
0.9265906388665998,0.8738342264000172,0.9845440290146915
1.1326862049250914,1.0942358983141802,1.041882321550658
0.9343107659692627,0.8908695543929718,1.0125596885625168
1.1258846032277368,0.8317153655270828,0.9902494253541873
0.9856934921195808,1.0854077606694696,0.9841143417135007
0.8999431509340325,1.0768031717830158,1.0303252414948334
1.0990903438261501,1.0588886377932059,0.9656361438274903
0.9354708474852713,1.020984240061793,0.9887261352250686
1.132027735496007,1.0650954604939358,0.9711523294635644
0.90734902280929,0.9166332016398739,1.0152031813918594
0.7349227918088044,1.0936385613411437,0.9353123636608407
0.9324488579220421,0.9926120432519554,1.0181744374643875
0.8324617121667912,1.0345628078096771,1.0887936956489204
0.844327153242036,1.0925628716220905,1.0095508970132252
0.9097643273350335,0.9726381500063122,0.9914490882421619
0.983849121060623,0.9590502029229249,0.9875744598315931
0.938236998276221,0.9825194743712866,1.002320556382048
1.066598195347467,1.1414369659011594,0.946546687229881
0.8768213516755454,0.8475911475258636,0.9814803479560804
1.3265375434374251,0.8363582812464456,1.0535355593507536
1.014841992520949,0.9076459038868904,0.9346052225710028
1.0787710664049515,0.9780383855648165,0.9836100148003931
0.9717202088113133,1.0238083244379934,0.9829296069567399
0.9764999849405849,0.952086936344561,0.953740781932963
1.143695255870475,0.9758884127885568,1.0651238951438493
1.0054486045517574,1.1199804807042468,0.9683706015635911
1.0068556393428099,0.966201312620675,0.9860072661575657
0.820641067812258,1.0672702944210164,1.0030463364521383
0.9141392461850695,1.026481801874001,0.9892974378611141
0.8145983779305083,0.9884937137117076,0.9191220715692848
1.0797591035609377,1.114754135501934,1.0159044481622599
1.0305178507460149,0.9497591652645301,0.9549690593071657
0.9969438864987141,1.0604792753182088,0.9558236806592216
0.9541880846090333,0.893118129493851,0.9658042651930859
1.0046309190946507,0.9647141826182628,1.0181660264077654
0.7937563876784777,1.0436160809901696,1.0107373782867708
1.1773344189960488,0.7735111618270379,1.0308857286210498
1.062352524734565,1.0249046998024403,1.0354822879001155
1.0128176203828365,0.865235993565517,1.017447694683202
0.8375283161458394,0.8687298724671428,0.9412546499715523
1.0005002700361878,1.0087736185999492,1.0584294013970426
0.9652814708305987,1.1027220411261527,1.0511538842741728
1.025099388696266,0.975136132440963,1.0685757229367256
0.9734183118768435,0.9263894143710711,0.9939283332976849
0.9465825586764286,1.0007673956107541,1.0696978142300557
1.2254118784181598,0.9492365533361858,1.0318464426424903
0.8258067349847396,1.128431193726505,0.9822086267620461
0.7184272073787927,1.0530373386535596,0.9986245381625615
1.1160141465018496,1.1074724005688923,0.9540632748414536
1.265924897681586,0.9389336920377332,0.9893573029044272
1.02407229018607,1.1116915660504825,0.9702183524673696
0.7656223136440512,0.9441583151071866,1.0412437722391539
1.5224712839247228,0.9997041508433435,1.0702429032534337
0.7312771760811195,1.0563029811473719,1.0310984549787003
0.8904665324505328,0.8938711344600826,1.0150173490854637
0.8880759661282708,1.0772195527389066,0.998880430581809
1.0934351089989618,0.9270684072948644,0.9751289690248299
1.053134010439576,1.0625290244861347,0.962944412407093
0.8138772970189715,0.9644265003159868,0.995892637595193
0.8977895216289765,1.0464835941779842,1.0395857378323037
0.9337929816905117,0.9992334963074839,0.9950394340782363
1.0361300595732255,0.9677845059144249,0.927708267650936
1.2186536839411666,1.0527429481620811,0.9834502089676896
1.338753846281859,0.9456131990504593,1.0105480132993956
0.7531850599704959,1.0346973194315716,1.0193096095402714
1.2172447489270604,0.8462379791455061,0.9245003052206897
0.8493055411047996,1.0258206486910995,0.9473602831945226
1.0108812667922913,0.9120207403695036,0.9970020354779253
0.8508533100242017,1.0087715533789874,1.018616135062299
1.1909504590475828,0.9439342708505435,1.0313383719934608
0.7060491442241448,0.9710604847963087,0.9847448414884051
0.7879276691801897,0.8720570266882208,0.9713718338313301
0.9423174667068298,0.8776208371519889,1.040441560432391
0.9208487536580943,0.8528897301018805,1.0526879163634502
0.9011635879380631,0.8105698864877485,1.0328279001145952
0.8051033039275826,0.8532711313003918,0.9328315697663795
0.9508949119545642,1.0423774304682787,1.002082306188498
1.3041621831365022,0.9837138592216172,0.9581298987566234
0.9317787272785887,1.1194842214746177,0.9912590927459285
1.135160204665282,1.145964046260159,1.0203949261347163
0.6396314578883318,1.1404420703844729,1.0127444857243744
0.8625834620772188,0.8323249668226166,1.0225971452788212
0.9792729813481978,0.9905587131762303,1.04165023908123
1.1083288161861067,1.0507766269694372,1.0326785081336798
1.0725489538697948,1.0569433238972434,0.9271997520984846
1.3046842573061468,0.9329487455514688,1.0436393736426446
0.915261702031092,0.9113793331661977,1.0777722671454877
0.8770070698816987,1.0181745113082232,1.0119411436477705
1.0046155162857568,0.9550421518419966,0.9588865602647728
0.6396315826056955,1.075646693882997,0.9222287703003156
0.8348155951333702,1.1748123466407596,0.9556420363769251
0.9434529228218497,1.0964558326312333,0.9855748138956972
0.9688771098069624,0.9131719219252759,0.9892993874651834
1.0066702892144113,0.9305978784016162,0.9665455612418263
1.2034812682271059,1.0460463619954916,0.964721998422395
1.0057926684020884,1.121312836933432,1.0431173818189858
1.1813109396948078,0.9530408426473498,0.9321666644034279
1.0230524555223637,1.007548154925973,1.0377137912497212
1.042901804922996,0.9334917417936495,0.9012842095873387
0.9828000890467452,1.0170942357340254,1.031472557332404
0.7578006368129782,0.9982425431585503,1.0488959649835816
0.884816010837209,1.0134511251413314,1.0401558262105002
0.8888556351445696,1.1038581059682402,1.0718656103288267
0.7608472589320264,0.871782374034197,1.0196833607368436
0.8898232488570568,0.945499065192298,1.0559119856834038
0.8570436719094692,0.8576392286225554,1.053964777192528
1.0631419758663134,1.1255318591718355,0.9669867035127141
0.905999905056914,0.9229900811713526,1.030233856843439
0.9871823796250536,1.1230313445831432,0.9991713195071051
0.9255683455910461,0.9087692072831787,1.0396495348710724
0.8078277220956582,1.0099678585825345,0.9948276144586128
1.300830832483101,0.9787887224579697,1.0385908589623951
1.2174414398411078,0.9057389101746729,1.0252716369858748
0.8772213385812264,0.8878494049939598,1.0440843649569842
1.2603545791591972,1.114630334391289,1.0109586950076668
0.8002365507645675,0.9737913599493692,0.958517383937853
1.074266708114775,1.1060607998260594,0.9907380146290222
1.1492094380983597,0.8610676731842748,0.9924558742130332
0.7827893868094264,1.0398362404351533,0.9579563558702313
0.520720574131928,0.994162359915645,0.9849004877524119
0.9552551449134824,0.9926281724855456,1.0210981600844193
1.3070195237203412,0.9554186214530961,1.09219848413266
0.98726885578653,1.0845570718473088,0.9836419777333033
0.9344200617036489,0.9394689388530426,0.9896995937712094
0.8278703258684549,1.0791097574558806,0.9978910796535617
0.9622405731321071,1.0744119746535108,0.9299966923788733
0.7995571187790114,1.036314683579369,1.0206674717191386
0.8723601001227853,0.8841155583508995,0.9592776312758268
0.7828901478137715,0.9760879555216294,0.9719188494809714
1.0344783847886319,1.126575786752144,1.0421306243763067
0.7765597454907048,1.103894581062685,1.0006164099757027
0.9055402505462182,0.9620181221612027,0.9960423308283485
0.9358129089277729,1.0020903684420808,1.015963179025272
1.110699976101274,1.062154427384979,0.9389714545084346
1.2077747943583677,1.0623661312671282,0.9913729772653547
0.9555757148652274,0.9545211087232616,0.9480193244518529
1.1059924979789288,1.039526006432796,1.0017946505412558
1.2647958477732246,0.9772107004543107,1.016731774300157
1.1238990987796067,1.0229350972291784,1.0343082923644011
1.146091149328762,0.9776867465396738,0.9671951733772192
1.3043488739791187,1.033095737795688,1.001464871896163
0.9635025426222708,1.0354648663782484,0.9855235267153158
1.0611019510457036,1.032676445062517,0.9855443924077395
0.6029220038112606,0.939291167362081,1.0109514273152962
1.082963071337253,1.0248049089708595,1.028731148204927
0.9898206997695638,0.9970477000970002,0.9436988090773587
1.0048344157872329,1.0179700637536546,0.9764407730356041
0.9480428035641632,0.9172266820657112,1.0270989796536971
1.2173115105070789,1.1241751360207148,1.063350950059139
1.2805527202573836,0.9279111052068651,1.03655226631872
0.9157995018038613,0.9513814012595101,1.0461896811095754
0.9335283475025455,1.1278976622391237,0.9774545689601242
0.8897824489979267,0.9808179021675556,0.9597701918015468
0.9122333064520364,0.9962103641007616,0.9513147370805175
0.9715147668753491,1.1892463496141783,0.9955306348734044
0.9401723029722888,1.1599301902684704,1.019836080747783
1.062139966500157,0.985726018321633,0.9204897483814299
1.0369887096695747,0.960299324872435,1.0010969895833872
1.1847132722129623,1.0458367839149205,0.9782674065582578
0.9247317297023329,1.1558294972196554,1.0357972868971597
0.8970696247762693,1.055003509506027,0.965781894263818
1.1238819090200014,1.091038661112231,1.0097241241007715
0.8851879283498798,0.9756308570909162,0.9469019171014269
1.0520474798901456,1.0126538796107134,1.0056293736122128
1.4087443122264263,0.9522259769508872,1.0626501420177146
0.6422400464461065,1.0758015602373194,1.0511128150922713
1.0029494465250237,0.7987267396044382,1.0401365436036139
1.0463121898804828,1.1561334840923252,1.0063122235590762
1.1676270922588163,1.0575328564293698,1.0294456873612938
0.9632889598250315,0.9432322606221952,0.9973150323276799
1.171776530600058,1.0744719899946016,1.049004171180159
0.8041447099010981,0.9575884285539356,0.9947723579113276
0.9208136379558685,0.8731297325221992,1.0070665835488999
1.0614507526951766,0.9432368765365204,1.0164518317992224
1.0065045479258317,1.0290577635423475,1.0255765172873286
1.056881622014177,1.0330366946750673,0.9875073197209923
0.921990214331023,0.9483628301875222,1.0801728670895798
1.161081418002302,0.9686225084277115,0.9505663180125518
1.0047390413225328,0.9309258658872848,0.9671803263273396
1.0333386627836105,0.9949398990870821,1.0245370217662726
1.0863523241117081,0.9050200581922051,0.9849944338254377
1.0149354231805816,1.0221292354570515,1.015695639672581
1.2428538420295752,0.9562029761126899,1.0035756944683338
0.8630205061075895,0.9246391636348369,1.0063061789920758
1.294794468324305,0.8629707503439018,0.9368292891051576
0.6746758226675009,1.11847840142245,1.03472231222524
0.6949054235098208,1.0643228566837473,0.9967877141652047
1.1562294506326072,1.076482507102508,0.9312552510326331
1.3156246727376661,0.9509793256705246,1.035419134716767
1.0729129434626787,0.9573656430055272,1.0354345080254168
0.8031556646097753,1.0210100854955777,1.0874858987349094
0.886122626832046,1.0821211006967113,0.9614837872415632
0.9470653150474586,0.9415337828309136,1.0441115697517047
1.22510680131821,0.8837153451879509,1.0553812471337964
1.216568989388243,0.9469319531916762,0.9711089197808697
0.9339762868232129,0.84656290724642,1.0183257971635487
1.190546030264259,1.0190119820248649,1.0052255358031252
0.9127260640312469,0.9214268351919918,1.069181702349718
0.8823639037694871,0.9917985712362292,1.0373831292134845
0.9343229588441906,1.0410611750058674,1.0179855384846945
0.9575423787058303,0.9043879911144372,0.9548141961691647
1.418841077083079,0.9981260383293311,0.9937977569980885
1.3394340978697616,0.963669977910981,1.013802742754905
0.8572113062803844,1.0274725793790735,0.9441365756622874
1.117875767532178,1.0341720571996738,0.9675675622276856
1.1577510999599978,0.9599670241553337,1.0436947146733957
1.295584891770721,0.8581668047153195,0.9866517947376705
1.3257107831519546,0.8989339006702366,1.0458582148635336
0.7192613035761828,0.9542880004069649,1.0140822550531883
0.8646069732601916,0.9275902889658445,1.0079644892123885
0.9379566810779827,1.0589970657088619,0.9769916558419901
1.2603545253258508,0.952168968644255,1.0322648593253683
1.0569867993288522,1.0759099071061484,1.0015347603355689
1.3072710646831804,0.9686055906306414,1.0367191749385614
1.0061913061418786,1.1346208403155535,1.0453378930931134
0.7015759009389216,0.9565796089801016,1.0133363454212303
1.1066370946705955,1.0197018140016838,0.9795318257767409
1.0333186028900925,0.9548538153924078,0.9848675904407632
0.9418130595608168,0.7755582799101409,0.9950983017849531
0.9773062194767944,1.0918573802255445,1.021351350192516
0.9413960462663797,0.9103433805073604,0.9834749773830916
1.0328325312279698,1.0073248983667553,0.9536166574998349
0.8822344381174151,1.1029260798259797,1.006572310882501
1.2277106120534396,0.923340407220254,1.0309200509010576
1.1293304189724374,0.9295111541053453,1.0238169066176819
0.9653060088721823,1.151426018304211,0.942862645914503
1.1551519982833467,0.9578974542392824,0.975954876364391
0.9424605567800757,1.109643499714549,1.001963794296384
0.9032619427979527,0.948204503881756,1.0093915267437004
0.9125464492509979,0.9290954201926154,1.0343652471402123
1.1424691526297583,0.953231212802687,0.9898122344181742
1.0812557021656537,0.9858938807652347,1.0166961942986514
0.7395807782652132,0.908924609487743,0.9566928109372391
0.6631575374885686,0.8479629935065511,1.0144297856046995
1.0653748763287143,1.1171380000659372,1.022787405317787
1.02375017648591,0.9586441105627999,1.0731729433725672
1.0682127025866535,0.8884785370154732,0.9600752802804392
0.916465768682851,0.9863567565501856,1.022652312934989
0.950336231347418,0.9089425271962392,0.9787376689269438
1.0557010536444145,1.086626527146962,0.9474892426034911
0.9692302307046088,0.9434330884308626,0.982398276159053
1.0096104602445806,1.100353613290905,1.1204981973276693
0.996435862145729,1.0592246547122726,0.9725143881396434
0.8240508393244483,1.1490004523343316,1.0218762211701955
0.9869120760339596,1.174399455313012,0.996569178796119
1.0858900734870263,0.8864717779616872,1.0324893880389083
1.0092145992150197,0.8602180743469008,1.0376361063433746
0.903802037814696,0.9991521345487544,0.9840632560927904
0.860022162796003,1.0884946915848415,0.9951417355524853
1.3308595154481124,0.9391099905047386,1.0523882945567815
1.3889978090566197,1.1013088154012918,1.0079311277111385
1.4205233639681043,0.9735290104825751,0.9567031570083063
0.9107103303770251,0.8298362893927022,0.9779211348536766
0.6399956001127156,1.087054165709029,0.9658874547561211
1.149570930655164,1.048629326256548,0.9227754344546794
0.924561621794253,0.9302854496935592,0.9854993404291
0.9087304493775621,0.969933544910601,0.8921814788153734
0.824241311921191,0.8869265663580507,0.9750291853051122
1.2629251195646618,0.8921168525079199,0.9564725706432528
0.9819195905645499,0.9837034186471735,1.006298000057156
0.7487958804359316,1.0457349590696183,1.06605877550193
0.8140264626249687,1.0090028136346423,0.9786276627423907
1.3180362396702812,0.7901420142312956,1.01351678961617
0.9093300078305377,1.0203028443557334,0.9806230889140485
1.3730514015675954,0.9871151424531261,0.9818977492817256
0.9933825294611653,1.0726634679479021,0.9793391240016444
0.9064286900342465,1.0194848086498376,0.9685491070381783
1.0565736297184989,0.8689181425648069,1.0123850133619143
0.8552595692504998,1.0546325960866207,1.018496124122263
0.9704476157403329,0.8928519439913372,0.9811524086316891
0.6672660262925814,0.9807670211304371,1.0192153463760734
0.8524559298286685,0.9974780892925,0.9713051384840847
1.0959468069617158,0.993622905957277,1.035380388789837
0.7912140994245045,1.0715720201119734,0.9476036304059239
1.2601494972162781,0.9245375446545006,0.9906812109180098
1.0741176186524506,1.0203702071553589,0.970336167530923
0.9152538670121804,1.0101572322013836,0.9975201021442999
1.2135779212110767,1.0720772335187407,0.9112541679258381
1.036667020093662,0.9630926457024298,1.018307661820346
1.1216481473400213,0.8432337153575464,0.9665129966449969
1.280444837263794,0.9510247936146227,1.0054055724356454
0.9769924607160883,0.9748216897423125,0.9750010370319956
1.212556253501356,0.9784768702574393,1.0151271603324543
0.9546263358837349,0.9100175983690109,1.0227730196048104
0.7636351523602061,0.9578651521691457,0.9951826477085427
0.7147799780073014,1.0575912299885588,0.9557288893988348
1.0339984641586437,0.9394731768388229,0.9625498411773572
0.8605247780244258,0.9954067500465161,0.9539201460545629
0.9646199505390687,1.0629574810729803,0.9437510883356275
0.9712994939690573,0.8999645920989294,0.9990957760830388
0.7539603051403275,1.114929496748213,0.9786007763182433
0.9183798250100798,1.0907347704821464,0.9914054491731584
0.9596092350591747,1.031019846941648,0.9299240761048027
1.1859172625223682,1.0279290209772556,0.9686019061179415
1.2578978012402087,0.9768846880996805,0.9358862957863253
1.0810260388115325,1.0721394834805915,1.0044413212308188
1.142919021487215,1.0679709326855118,0.9708414130056241
0.9838817174099104,1.0243454140706048,1.036156135818175
0.7471308782165286,0.9808694700526885,0.9183933877154676
0.768461915763951,1.1002876465917848,0.9494100798413584
1.0317044113828142,1.1268962906007967,0.9998156642346144
1.0342592981447964,1.0742795370156628,1.0825650986100046
0.7700897792616351,0.9208140767630838,0.9939898542433073
0.9459320155556974,0.9840884907940439,0.9757788104919397
1.3706765309395674,0.88595644181448,1.0708349746691652
1.0341093286771694,1.1062663526838816,1.0159667866378388
1.262728563945683,0.9730622046238173,0.9867984337004269
1.180625837682022,1.0034025820255388,0.9746823272008536
0.9720956026641498,0.9842889722635374,0.9525918004331428
1.0779227372134048,0.9585701516968494,1.0280518603395485
0.8842076382654,0.8807192786628542,1.025840162346743
0.9887719432545642,0.9287799277654102,0.9881913204793605
0.7854798122669422,1.1562587747851638,1.0167867222145421
0.899252352341674,1.0407246689229719,0.9824945798337718
0.690764279768511,1.01699317055664,1.0046352754706562
0.7216079376232782,1.036868292812569,0.984339128090514
0.9101333412833216,1.0095507511499755,1.010574537192599
1.073901233059743,0.9916864077720089,1.024233854772408
1.5369495488541107,1.0366559180357788,0.9288391578142283
1.0095291739329357,0.9496965092316908,1.0189880249665746
0.8201643035826021,0.9237254603015608,1.0198140012514019
1.2117370063961561,1.062069863172701,0.9978795045914982
1.3473216105834256,1.052770377281984,0.9568204633689842
0.9814826660942391,0.9850876939838126,1.0306776592154459
1.1404807992727644,0.991430440104865,1.017332903099447
0.8808868017198015,1.1111389598523147,0.9640174461949051
0.7218199678092654,1.1556908865803674,0.9943856106032177
1.1532869906898058,1.1482053791201192,1.0067400590700764
0.6383660695599341,0.8965693341991491,1.0600663468938363
0.9830116168174725,1.1184063459636668,1.0163520617042494
1.2368910395376684,1.1884429927648688,0.9964598315440618
0.7154203041785686,0.8835216640329984,1.0383457164053285
1.183392669929769,0.8905708070735637,1.0177116154209838
1.1879333848586595,1.1438577125055998,1.0006111852169135
1.0211715043138487,1.0091556224171987,1.0302062878353506
0.7074566342322164,0.878193583035591,0.9916761968565421
0.8531435378371822,0.8640606146574161,0.9793907118119626
1.0667695883828239,1.0193623851787825,1.0232487631173395
0.942343588248882,1.0844897941942067,0.9385955311325279
0.7963353425038098,1.0666696721164572,1.0303772535137723
0.985309222667982,0.9562691171486684,0.9894609579265922
1.0084330240570711,1.0260127443809384,0.998345225908281
1.1282647143954243,1.0601319189575302,1.0537719448957354
1.4912826869538605,1.0438309952522538,1.0102633924225517
0.9395818378547658,1.0396243323012713,0.9582315464173369
0.8049792313075346,1.0266217733530203,1.0302315866686895
1.2198019300571907,1.0171965848691973,0.9572698202787212
0.9627421595769137,0.9210248507231584,0.9796380104723238
1.0608305426578437,0.9720190764257304,0.9556372060098305
0.9229366253057716,1.0143816873240867,0.9694961604091684
0.9624072738201864,1.0325631503281276,1.007801533866614
0.795322271656456,0.9666294050326226,1.0244990369375886
1.1067456559712157,0.8291364837775916,0.94901117571432
1.0261656241494603,0.9844476102196537,1.0446763849419498
0.906893067132398,1.0179866152840358,0.9939967314007254
0.9599375545775353,1.0240561957479204,0.9542609985728235
0.8189656826033858,1.0758315679423875,1.0546259069136545
1.1586519517840024,0.9999712160636491,1.0286947470659409
0.7976712624127275,0.9799501063421037,1.0163560907773073
0.955098652091859,0.9952754950685434,1.0019634766198255
1.0520044391254424,0.9051634256846868,1.004938109014279
1.090634747124939,1.0693795898667782,1.0390673101405972
0.7750186728918906,0.9314896870377096,1.02212708155915
0.8591257804385588,1.0639878966667544,0.9836687874285065
0.9306639195461536,1.0698276666486803,1.0234876838971683
1.1283071545038648,0.9678538408927385,0.9550716149392482
1.0773503370927553,1.0302211031924204,0.982260177799175
0.9393706184470045,1.0691498878675247,0.9611820936502994
1.059492495139644,0.9840586975380985,0.9626013337826466
1.39472349620679,0.9937259949442823,0.9224968917214488
1.1876214996198349,1.2142878120208718,1.036409481008054
0.9424413290142382,1.0655704814761688,1.0615863130450383
1.3037428496221684,1.0016977213120466,1.0310390759123662
1.3559207429675353,0.9760324519368025,1.0375511049104233
0.9119213222744582,1.063433671511629,0.9522717991310264
1.2704844468601313,0.9775321154884751,0.9730031107946701
0.8274351192971593,0.9202714102845457,0.961944375607669
1.5431517433214872,0.9587917937987221,0.9952487933735789
1.0150663755371734,0.9058747695595404,1.023755753731179
0.8979121143252656,0.9923797505016578,1.0097162964080584
0.7615000997771799,1.1138097133608305,1.0069123566924982
1.1871181164172375,0.9983330951527475,0.9985198688875038
1.2155326708223686,1.0547703388812628,1.0812388353731028
1.0631428472304394,0.9826787722904754,0.9862384065620017
1.1008197929186119,0.8701810911548036,0.9768272750211063
0.761094813154878,0.913855294618382,0.9405572363696709
0.8922590962347482,1.0794047719785549,0.9879523746701698
0.716247308489671,1.0018810088188927,1.052955539059595
0.6661757544792563,0.9642247012120793,1.0423253110492112
0.8860957518663415,1.0989252629479809,1.0499754558277599
1.057519537580569,0.9130955106935621,1.0529699985347192
0.997204815445518,0.9653259899645268,1.038738711169534
1.0121458496809643,1.0117308474811413,0.9548129097288779
0.9568667512651743,1.0523369191046852,0.970935101499199
0.8763851043814797,1.1714258606646473,1.0054007225607773
0.9929810200253906,1.1793491210969975,1.0055911369667319
1.0496097728712126,0.9199569922774999,1.0090586485815658
0.9209543680642385,1.014274943846642,0.9953535882245546
0.7311500861757091,0.8300446963555204,1.0226982626540462
1.0045952772441844,1.2315071940351419,1.0115238971710596
1.0636324643707846,1.0327342213238544,0.964431939774831
0.9217698742788925,0.8986283315981248,1.002125596620931
0.9184353092204578,1.0207532957670642,1.006811912436871
0.9298333296904557,0.9830505402513344,1.0324487088279835
0.8790866185556263,1.0559176389908314,0.9608257489352127
0.775585256000272,0.8770034765115571,1.0252113321539762
0.954848119209161,1.1361943421204241,0.9960643452127226
0.8591970339155153,1.0962846288015229,1.0004653765448925
1.4498235093772283,1.0290331895398155,0.9956742352812866
0.7705507301332677,1.1824619830296008,0.940477982718318
1.0976822562625628,0.8404651876985627,1.0051747083616316
0.7893942581168483,0.9188520541623496,1.0411466759431491
0.8296342813021695,0.9393488783186588,0.9692645931873575
1.1169502250644192,1.0217985963672636,0.9800129142248833
1.0027175089246847,1.0510872343732633,1.0160584358603606
0.9481375015271745,1.0061709853691616,0.9376510510963496
0.9619079150987959,0.853949616050133,1.1004369038603399
0.8225692322998838,0.8756527250287165,0.9897106207876355
0.9796179547540071,0.9801284855541105,0.9718982617679363
1.1113625606637463,1.0586944595978847,0.9428286853916847
1.075485731995846,0.9688785535413043,0.9931471167044009
1.2090644280731706,1.023175971143147,0.9743939758243533
1.5861550875661448,1.1309096362211308,1.1062494558601017
1.285111097368428,1.0242908181471133,0.9896679928086215
0.9942392860774197,0.9992913330657285,1.0104229162212037
0.785009781848596,0.9205324985055315,0.9594410668205574
1.1808402008610004,1.2239028453158474,0.9697910138460483
0.8041158837401784,0.8998695893062969,1.00702676160845
0.8720118769745029,1.1418588162832994,0.9730073607827476
0.7054057546251593,0.97166883736637,0.9964042634537832
0.8574622403033468,1.0959296835808514,1.061308396882723
0.8641933862300815,1.1184416277205738,1.0001365786688412
1.1057315549820406,0.9372686920733853,0.979551303823491
0.97138565536289,1.0633782575272144,1.020925500867142
0.9547046769985162,0.9686151400773011,1.0200085678521982
1.1826946254384245,0.8602299768158976,1.0156477641966366
1.1793151447707828,1.1653643881038915,1.0156223780162674
1.0531522270160665,1.0236054370064949,0.9806568662073513
0.9999446225844192,0.9522942607724338,0.9956873976600251
1.0642469681222657,1.0233071852863733,0.9676556052134705
1.3230910912649352,0.9549637445682744,0.9786404329241781
0.8181305878986899,1.118316360614668,1.0236111939133767
0.7985756810446119,0.9814567947244737,1.0202936293026186
0.9854418721635494,1.017280938879341,1.0147475118417077
1.2931302760354149,1.0778459230067146,1.0428142528019186
1.0393851346786622,0.9794110027190316,1.0124425843029699
0.873956500922312,0.9896982352546121,0.9280917259394185
0.9426461119343079,1.083642078746336,0.9448900516899602
1.0051854416742545,0.9800358314873517,1.055769767254014
1.1266138277393543,1.038110891329837,1.0075866527881268
0.903222587824337,1.125032807013139,0.9942039703889566
0.872262181885382,0.9733197478611118,1.0121397569693233
1.1997107604368706,1.0528754113260819,0.956961157708616
1.1038721378922762,1.0020929921413697,0.9684214544206542
1.2679741581593784,1.09051330572657,0.9910152070747579
0.849327550146865,1.0375787403921424,1.0301580066562492
1.1723797950189117,0.9007716898302882,1.0522865258123548
0.8456883081380389,0.9892841944108492,1.0205756729138205
1.0492303241945997,1.0976219166604233,1.0188958945154434
0.7815817832454771,1.0617372546157,1.001279307277217
0.6709129854194462,0.8761372866250752,1.008477632725042
0.9868506744271843,0.9470262569574504,1.0262777491616963
0.9535347141723435,0.7955657747284894,1.0219964489875337
0.9275711283519537,1.1281367055949385,1.0715281986321512
0.9301190834575646,1.0279417625088687,0.997423108985946
1.4057054635836344,1.1047948508105516,0.9158600230550217
0.9623352660325681,0.9963499668147466,0.9984967311954147
1.0670625567770347,0.8552501193609237,1.0615092316572314
1.0934882984745289,1.1574887423048366,0.9900402643127579
1.088424986088927,1.084546374910026,0.9839094883175695
1.1445708166390292,0.9111761293697545,0.9995544901348765
1.151374704886484,0.9069057908243874,0.9802480757780277
1.1777712157392657,0.9581155582783225,0.9436647136562231
0.935971300696181,0.9057569753956772,0.9508561635814553
1.1560047479924775,1.0044052438151538,0.9519953609363075
0.8403209361709773,1.2687160298194047,1.0155805658053618
0.7056757359093881,0.8676178140135803,0.9348862614628457
1.0427395697011554,1.0036515243152877,1.0043588418308542
1.0680875516158648,1.0855320122012544,0.9735501227706042
0.9969720947290155,1.0097833912115153,1.078517567259378
0.7578778546225398,1.0490786951110038,0.9999371042745748
0.7789865347922671,0.9217823965763214,1.0215998816965033
1.1532417262740446,1.008398069671435,0.9427981148374722
1.1698564619201575,0.8314194838846882,1.0335085473807142
0.9663530902836525,1.1235009339133386,1.0546647387878612
0.9339721999855042,0.8721451179355284,0.9492298867154801
1.0463401279878632,1.08928686895355,1.0376176523487388
1.1590290400353926,1.006225301716669,0.9694206375542697
0.9428763811271265,1.0119511687994789,1.0231749082918886
1.0909036288314278,0.9947906601651105,1.0082918848015614
0.8165220676776702,1.1445979674514037,1.008646174739404
1.2444433652101998,0.9763722986137371,1.022880709775841
0.9239341724282213,0.9351158086927833,1.0490614808046228
0.9513755429338293,0.995911544890967,0.9856625517299135
1.1862524860815782,1.0747699083017759,0.9297163836698271
0.9811345840518978,1.0027161047674795,0.9521922727370814
1.3554038106399577,0.8916618793799971,0.9781967443950759
0.9346329302394372,0.9854424086128355,0.9839434510102764
0.904259244111874,1.0084283675647487,0.9988927701495286
1.0797176733412899,0.9870156644180585,1.016441249595682
1.2030984946941858,0.8532121405648296,1.0382242486916946
1.3668165069759706,1.1448399492377952,1.0508531999115416
0.9194749500647382,1.0785870182877801,0.9897764588906046
0.9326447871439939,1.0261986440333515,0.9789286214517432
0.9587584035882883,1.0044749961045385,0.9888952771007155
0.8625367354899343,1.135315397368827,0.9798696206038673
0.8334117440515347,0.9459993812981179,1.0088549424462208
1.1363473738576433,0.9365906304052918,1.030558315193126
1.0783444779456626,0.9123217995730619,0.9822130621231296
0.8215341010920331,0.8818120307841457,0.956122074355044
0.8349469061302761,0.8283318031855187,1.0317735658759686
1.0218106736196524,0.8767202608209768,1.0272017621272116
0.9502051191076104,1.0495296532262008,1.0120169964101813
1.0578989451635805,0.9009351347843672,0.9862974704309933
0.8738313046403401,1.0795206013615082,0.9862136892987984
1.1256289501279113,0.9576737546299727,0.952714972620722
0.9983320713820415,1.01224262124149,0.9654827498747961
0.8270900701241316,1.033241282374071,1.0353616097293978
1.189544733140047,1.0186639214894082,1.0109099573283593
1.0965540268034386,0.887921950246068,0.9578996275085458
0.8226743015307398,1.2407931031277386,1.0610317956314517
1.2986631814772984,1.1430354956213284,1.0419895418677514
0.8344184960197255,0.9987200442786912,0.9988020033341574
0.7732610686507075,1.0350192630676385,1.039711183218008
1.293396204083081,0.9764126723999249,1.0217438674246093
1.0245358980206476,0.8264793081456228,1.0131042054195853
1.3182396886854335,0.9159738808715708,1.0163897104927164
0.9887449093941817,0.8418199511978861,1.006722726235525
1.6169669500603898,0.950636247732576,0.9602436598363603
1.2041773077299605,0.9838328914557655,0.9898833592217455
1.3266449695947018,1.0958460835802375,0.9940026537919785
0.748570549749982,1.0554224242919434,0.9848372987919228
1.02489753765652,1.0180990498397444,1.0534279623424807
1.386576426515723,1.0996597833437067,1.0202155496078706
1.1206181324492772,0.9789955651965118,1.0386603584862764
1.0441015747047033,1.007118687094201,1.003267147230475
0.8965837428995824,1.0837269853973996,1.0682007957459996
1.3169348555437939,1.0802938257903463,1.0198125310236046
0.9761079703258095,1.0337419768449587,0.991418380198497
0.8955676564548294,1.0159470073723351,1.0025401069794992
1.057891950730881,0.9679378852945728,1.0109602825215338
0.7906444846136308,0.9998867193996125,0.9983015769859506
0.6736088650300132,1.1189988924177237,0.9980865236138833
1.1593329838370146,0.866836006217592,1.014774493180482
1.0208752677072501,1.0470430274439355,1.0367796497262438
0.9156205743014738,1.099697297198059,0.9990118733978696
1.1950604468017696,1.0472021704080339,0.9708991174828783
1.520668969108031,0.9426929853106416,1.0116327000689318
1.0488182800886972,0.8142458254187442,1.0047710939844243
1.2845701599607589,1.0356210760492548,0.9430204168063202
0.9979425219197401,1.1146673931281115,1.0094652123460175
1.158505318441355,1.0713172709005712,1.044177525296962
0.9166379372606094,1.0532960647219543,1.0281772754822562
0.9167685132276366,1.121707253654738,1.0293727116989162
0.8612803682525709,0.9704749332124316,1.0050715289997172
0.8287149753896137,1.0399796573679876,0.9792039116774421
1.0345901496312409,1.1771300870340817,0.9710924167757824
0.7238990940365139,0.9823562192833308,1.0086568783493632
1.0631614865518901,0.9644488091218208,0.9687951050611119
1.1176651923303138,1.0164115702396836,1.0595989353216593
0.7809642801570151,1.0295749434689148,0.9669998935779672
0.8005167338004522,1.025883869014077,1.0024392384376652
1.0533772499267657,0.9904800210729641,1.0297558164934644
0.9087293092654638,0.9149283730712219,1.0118915997198126
1.0647476536268778,1.0155965432332477,0.9681506303087367
0.8492867365047609,1.0137222428541053,1.0087228859369772
0.6632651735180783,1.03124240490494,1.0086594289977209
0.9823747394693695,1.092961962085946,0.9846074464675079
0.8027305774171145,0.9383711058730462,0.9970564364630817
1.079702052554739,1.1031464793576498,0.9936284332404751
0.9409157910521565,1.0746054551044677,0.981340611568338
0.8707205348554468,1.1262680797303826,0.9823561356533035
0.9102667243524385,0.9174010739945749,0.9866214813015967
0.9207724767885352,0.8992687703984825,0.9924019987707547
0.9313673551521909,1.1441024033680887,1.0145177819877236
1.2016152177510522,0.9810788245624956,0.9430128248094714
1.0457129585914182,1.2463967740906576,0.9489170403828444
0.9391501410608096,1.1222739038095695,0.9958893055777951
0.779147961684154,1.03020171900508,0.9811062861359009
0.8176676362192337,0.9819067575729479,0.9567125185620768
0.7403893164410124,0.9635060456126935,0.9993455690528498
1.2120313779680516,1.0453040480548936,0.991006017739585
0.9329511828767718,1.0281466380904596,1.0296454539429187
0.8319824514024811,0.9512202345221591,1.0405731483237066
1.5081578628490693,1.0779539560527631,0.939563829666833
0.958394802058822,0.9449809788489401,1.0481111331382775
0.8312609720804622,1.0056588499391572,1.002760040079224
1.142481056104833,1.0472868854702235,0.9556179960357954
1.100724012437267,0.9960620264554583,1.0128437665918775
0.7631567811078275,0.9493593900521655,0.9949868820116007
0.7458362461395095,0.9344764385819567,1.0536353558450775
0.93026321564259,1.0394927458404113,0.983153626338653
1.0149559483077601,1.0401834624755835,1.008741298387643
1.0704259965508212,1.0790271805076777,0.9359537959769296
0.5409498140559823,0.980598176324537,0.9872310748952801
0.860558812724156,0.9695699607457071,0.9691851688340032
1.2556284736005083,1.004648339450895,1.0383675527814007
1.0657261587673572,1.0058858499070964,0.9986657122735378
0.7364423081113971,0.8852789524710443,0.9107704497611473
0.9276567580635575,0.8456352800640963,0.9711583133229387
0.9805583649487374,1.125675409084655,1.0201419825788551
1.1352703293875825,0.8398708044625883,1.0089370018315773
0.6794802678064784,1.1109976370400712,1.0225515261654887
1.1899551126697558,1.1954939603377641,0.9950070516402191
1.0063487347694644,1.0403870998223161,1.0265074460000205
0.8370227964767267,1.0605131810563688,1.0526438815055925
0.7808002353541295,0.9897035554729952,0.9956694426660052
1.1886045306550814,0.9343729451901874,0.9890694582105019
1.092766294667094,0.9721571607335018,1.0196172863830397
0.9049254019509705,0.9807378184652854,0.9767480731820536
0.6536451460990084,0.9133804429501076,1.0501689518012323
1.055453816811746,1.048882457697045,0.9890459789496506
0.8304276842501839,0.9854205906343141,1.051674165579488
1.1167535179403378,1.0353180090526655,1.0388659092191173
0.9749869306866202,1.1855179278828265,0.9534741048198901
1.2746318652682198,1.2039963173298105,0.9684743151482563
0.7034498653978671,1.0782687566288685,1.0003731070374429
0.7807831181993788,1.059868079193619,1.0419654211396707
0.9239566093622279,1.1926629892866805,0.989757521947691
0.9522985130056216,1.1240560024630284,0.9752995508460837
0.9184028022741362,1.1468394526734347,1.0500037406657947
0.7813390351759066,0.9326706312222457,1.0461810697530525
1.3848762417025926,0.9420002513971312,0.9925820370346828
0.918521107549624,0.9253742843622963,1.049933881302069
1.1085177128049248,0.9460067894842425,0.9950557932868271
1.2439502011806742,0.9009500275051884,1.1124629328791598
0.7087820861473291,0.9555652058794981,1.0446002336562004
0.988387852747746,0.8550419720114245,0.9844953226685256
1.008129195431728,1.3163538474082792,1.0073948474740455
0.9787548733833078,0.9753110228967736,1.0070877419908557
0.8730026322087672,1.075037964006113,0.9844198252177843
1.0972743039993869,1.0013488118059746,0.949338752764652
0.9634851091088861,0.9915795365750194,0.9968511689135147
0.8535168482946435,1.0007327986730084,1.0180154403084443
1.1461344277720245,1.0209572179761188,0.9576298641933003
1.0485433179853119,0.9536039457531211,1.0148141454838628
0.9343739033321772,1.18822352695872,1.0065707547047469
0.979636912504003,0.9822351187049201,0.8821261796888176
0.8704142339051915,1.0908358794756183,1.0001262562819637
0.9284949573795331,1.300157027603613,1.0160821878784247
0.9726771190779745,0.8662479748444747,1.0255682141821647
0.8250532719191588,1.1106103181799991,0.9965197149563293
1.0424085527550564,1.089715090438132,0.979337621826509
1.0070026363928097,0.9154499426772302,0.9870587274954419
0.8687160749736107,0.9644250834455241,0.94661845649685
0.922779398625072,1.157476091115547,1.0178068412925325
0.8718118119680176,1.0243844060015577,1.0634280369712539
1.1976382965410233,0.875273262643325,1.0559165860110806
1.0483525183704294,0.9799626810683751,0.9720097313348243
1.028502370927185,1.0809058439651829,1.0113527039489882
0.8850610274134958,1.1325688246943617,0.9979629697044482
0.8844231423314274,0.9385546160356432,0.9762839822129793
0.976679906946618,1.0633426410424263,1.0222782823950471
1.0570822868606906,1.031783313576188,0.9713954818798928
0.8941903715885992,1.1285333886606101,0.9212423338857579
0.979788903574697,0.9191788605075949,1.038055386405345
1.1112651506060676,1.0042131591749441,1.0030525558689065
1.2587969584674608,1.17673051316597,0.9942860851951694
0.9180786374213761,0.9454658630007859,1.0037390816470386
0.934139035324814,1.0589825606527379,1.088022471252298
1.0757561571861232,1.073106979627458,0.9256601911541736
0.8614038553022072,1.049449334832085,0.9754070969702339
0.8474200232040369,0.861622586350397,0.9957941240411805
1.2017633765232687,1.0693867133348287,0.9920640990851672
0.9492567849599945,1.0059013557437453,0.9681899727476363
1.1156178137375328,1.0349105577107365,1.0174165368727934
0.7230024694290551,0.9416110679683543,1.0032625728381726
0.8425745544350238,0.9301923825390602,0.9776043286349109
1.060723484565905,0.9766564348098499,1.0562578678031835
0.8553891372262061,1.0594527206934023,0.9667727842852333
1.0526413421698981,0.8993223381906028,0.9724270235743088
1.1714723774173272,1.0286905022711421,0.9431210480118186
0.8632651975571926,1.1485541749842716,1.0109092014254717
0.8154729737577162,0.9811946765014588,0.9927688647012921
0.7284540496961771,0.9005002932392397,1.040856144038574
0.7135434202253641,0.9929808800306446,0.9390616489663369
0.8854159869115369,1.1047992623113423,1.001976377264704
1.0602211226634146,0.9898005782141952,1.0139240646475407
0.8469848517496181,0.9913044853814513,0.9551625788672847
0.9188046953614786,1.050326754457554,1.04401682316002
0.8023084808433786,1.0211793775728903,1.0076961321597915
1.2925539839663631,1.0889068304569895,0.9853483635648983
1.1040063885748754,0.8768910284576088,1.0056598781761563
0.8519202742100853,0.8776980285795161,1.0225818439172485
0.9693021850438184,0.9624095918503419,1.0320136281791659
0.9329703097260389,1.0804091863521896,1.0041397401801897
1.2659670461557921,1.0816398740295652,1.0248459177262366
1.1203183628664346,0.9622706694565667,1.0041828195820637
0.7961396930523028,1.1120298281951522,0.9287809780819382
0.9635072689954203,0.8986533895725247,0.939818415186274
1.0204943355673841,0.9965080748394848,0.9908265962043967
1.13082381697691,1.1327134553222034,0.9776822904168592
1.029703239769145,1.0001611588579815,0.9958683979758441
1.0760582953998683,1.0792101755895671,1.0025101398990526
0.8680515333464707,0.9587066103921642,1.0620985460183692
0.8099501685508704,0.9478343072766313,0.9629718354242351
1.2510148261403533,1.123095834355674,0.9658079390411501
0.6002284972910157,1.092203918134377,1.0099132232234511
1.0027936307021292,1.1326070081540895,0.9609646920172544
1.0602277598083023,0.9555346076159301,1.0754854535608003
1.1291452506364466,0.9296269049859553,0.9609758642135323
0.9501129708733131,0.9960712690209643,0.9585963845783968
1.0159292668226585,1.1165100475610752,1.0271423895025749
0.8315293553495768,0.967171945946064,0.9856221208321418
0.9279939784391369,0.90953105285705,1.0870991499531162
1.0049703923924298,0.988859367494061,0.9544189261528874
0.9408052136301399,1.0449926882088154,0.9893696747528501
0.788465912216428,0.9537514676512788,0.9806526978706337
0.9284001842603417,1.1016612471740035,1.0124177550166762
0.7545167052664321,1.0073161620102837,0.9784277445516589
1.249080979237211,0.8775098819428472,1.0712152110542172
1.2776664285614627,0.9702097736408868,1.0355228562960048
0.7422855485130366,0.9835108732350535,1.0346938184469687
1.329842356632325,1.1686241042000005,0.9780230430809708
0.7926888862078886,0.9523926882238902,1.0563188805180614
1.0388845243195095,0.994383357037798,1.0318152315435423
0.9373986493300431,0.9050690135607835,1.0298740260563897
0.9140012592237676,0.9755783679821818,1.033223591617057
0.8484911701392173,1.0408011955912573,0.9922683439594745
0.7253034898013865,0.9357643185366253,0.9869703451841527
1.012863813423553,0.8661687579077779,1.0145265000857526
0.8882204421410604,0.9189621682039285,1.0523140237154505
1.1889791997953876,1.0870680903313859,0.9126614446917202
0.9463649065688542,0.9931922846681394,0.9820795484983297
1.0183170514376116,0.9635326479626775,1.0397824398363607
0.658357691429366,0.9089605827459145,1.0040958222039753
0.9139394495815749,1.0248586903751171,0.9976121801125234
1.1412675602798183,1.043198868401051,1.0129733525069218
0.996943372587708,1.0342447019931118,1.0118298058567767
0.9220236365182679,1.0094149503913243,1.0232779764374107
0.8475320281469974,0.8886396905370197,0.9862823789120734
1.1440447114316132,0.9637883816870939,0.9472927068783514
0.9335337212987405,0.9349373548259686,1.0136328582213483
1.0535454977698624,1.0035352232777957,1.0375752277170387
1.3583526228724927,1.0170584734208017,1.0356766421022023
1.250071387500453,0.8936327777235429,1.095708479750649
0.6390871574037631,0.9835838340841805,1.044798403238134
0.8143449690994455,0.9992390147363095,1.0384457607500532
1.352041513854655,1.1414505162846855,0.9806628122600723
0.9323514754703425,0.945313145314476,0.9632166771758861
0.922177642410153,1.1566951454927967,1.0330405037295467
0.8063400245919434,0.994514366633303,0.9351393168197121
0.9732455914003633,1.0639527034000285,1.0373370528841501
1.1518026213119812,0.8937819911011863,1.057966063295143
1.126984684159319,1.2357021293266657,1.0011250382739576
1.0235588060154583,0.9050566960338812,1.0061097981828055
0.820489868792206,0.9954316868559308,0.9702176128005017
1.0351849574853451,0.973200733461516,0.9389705955877483
1.2616910409049484,0.8680210650477129,0.9613863826566952
1.2167947599679723,0.9588347042056954,1.015352536677587
1.3563434861177108,0.9224576422455258,0.9470026543182298
0.7908514564490475,0.9741838215825924,0.9666975125736691
0.8033879926067782,0.9474912002862204,0.9638902262477402
0.958436713397951,1.074692023137827,0.9595143286791702
0.9286575006187977,0.902989614283431,0.988279369689994
0.8277165692624743,1.1190164210983515,1.0047006134886327
1.128299641984345,1.0377819413050835,1.0337057127295022
0.7946253952897862,1.0860783348655456,1.0400165338369143
0.7817309737228659,1.1536258889837825,1.005259304523056
0.7154435102815557,1.0011777740755354,1.1070507730252246
0.9973993101875342,1.0311193698254455,1.0255636681960991
1.4701132736793445,0.9872863360551505,0.9578276094654634
0.9933421408661003,0.8715305859736701,0.9989368530773355
0.984325658898672,1.0255159798516775,0.9586495923720658
1.0181370710164255,1.052869280129456,0.9507824064330039
1.270588918447583,1.0276016287595096,0.9819166294975231
0.8577969311786648,0.8879372886057743,0.9670085331395422
1.2721136253428604,0.9236312809472197,0.9644138682069748
0.8839253658475497,0.9716075214225743,1.0319262899918928
1.0552110159337609,1.001472119287793,0.9866869937275426
0.7075728775723016,1.0218742271465562,1.0792048243633616
1.1846472306351807,0.9703460915599995,0.9959185407858783
1.0860629320085187,1.1133383303897413,0.9555178034346862
0.9690098813608565,0.9663470246374128,0.9874980055063943
0.8038729248547529,0.9335146314847218,0.9003797248329981
0.9139201776585741,0.9509845177268615,0.9372419691671574
1.138075698488116,0.9913054082898931,0.9596535728134855
1.2688523092004909,0.9074406869236343,0.9706134880233735
0.6973013222728885,1.0182742527063093,0.9627579008662087
0.730841481907023,1.0000789816811066,0.9731240738751374
0.9213311333298212,0.9459763999383788,0.9699516234456139
0.8282033659019048,0.8864521786942268,0.9216989669494451
1.3581157982881673,1.1140188678296354,1.0142699649797002
1.1924224245474164,0.9971133226818,0.9959117998530932
1.0116635087821109,0.8847685525047773,0.9723341782307638
0.9529838329211868,0.8965206492188755,1.0025483934643142
0.93249279431128,1.0575904130198914,1.0002475584137447
0.9674154203612242,0.9285276489032288,0.9832357656156789
0.6612403541369313,0.8402123324548529,0.9447562136813054
0.9710957609298388,0.9277586762716671,0.9789159670490682
0.8679835545682066,0.8859703130102161,0.9626525767010664
1.2339000960248216,1.155664096926195,0.9890452319414327
0.8645715796757103,0.9177692616504578,1.02822142559556
1.2111641671470035,1.0286846223283055,1.0941275702890818
0.9940036838456507,1.030568016807722,0.9953910615020853
0.6027035583210701,0.9379551306975931,1.0175327713819537
1.0161445647117466,0.8363657295134789,0.9837919626931514
1.1434073657660124,0.9387696653144908,1.000702782021157
1.0682863282397916,0.9428185692426903,1.0244629905398839
1.3354510943691265,1.17505864775796,1.0252906548049452
1.312630445621736,0.8876331948394057,1.0172627261818992
1.0682935991385436,1.0491480898476815,1.0119799981772133
1.0504353053688662,0.9409854021570961,1.062066398420938
1.245687123130208,1.0797650666615688,0.9800272922599839
1.2669029691328448,1.0958579015304504,0.9946376254781665
0.8306054239166567,1.0021515037881514,1.040984966008329
0.9438862381997717,0.9266630347858991,0.9950435546141675
0.9420193395664118,0.9645222427962482,1.0259408096425642
0.7649091971655526,1.0848778422210112,0.9645431369871961
1.1543216416376705,0.9966538678574044,1.0386526786254702
0.764052558988728,0.9732591765605361,0.9879840644498481
1.2633517257339926,0.8801606951282394,1.024768752203105
1.0107931853199776,1.085961335260777,1.0168788553567818
0.7964485985658638,0.9565292191281389,0.9508726052866511
1.2867504780945422,0.9080517418263819,1.0101230622551212
0.978103125616198,1.0068792195032552,0.9704866877866332
1.3250398224784345,0.9774713293791913,0.9857484924139371
0.810959710102427,1.0950342616040458,1.0236943018031897
1.2369722308434183,1.030560153216149,0.9852982273282906
1.2778141749406906,1.0733194355023472,0.9911417620054109
0.6591762471443368,0.9706750570919696,1.0713683017460645
1.1714303880692483,1.1144444702542695,1.0429843496250928
0.8356743753237554,1.0670269286585974,0.9867575901481415
1.0283195207777207,1.0598366504843124,0.9955368425258552
1.0106718103682315,0.9629480648936586,0.9719001485580732
1.1117075745552716,0.814671566177513,1.003160720636097
0.7493584957148949,1.0356601841586897,0.9603936312109894
0.9545003474764442,1.0447551573285043,1.0180218397105556
1.1672069575120987,1.09042554345156,0.9894623284707542
0.9117460016888099,0.9372842872491414,0.9356188180785489
1.0255994821964318,0.7688302417435787,1.0082237712967836
0.8891036612831225,1.0505830619102001,1.0013809852354856
0.7233669820870987,0.9700929170830024,1.0142680574222223
1.0663573463805278,1.022207764333022,0.9434660846563143
1.1074202102233695,1.100970580831532,0.99328551687397
1.1268318524253897,0.9798106300462686,0.9778759038506136
0.8868669438270336,0.9198939772554773,1.0024185445666098
0.9560148666008741,0.9288482684754509,0.9976749248799504
1.0115228638473805,1.0150503556691817,1.0652469084350704
1.1611960842767486,0.9756041907871269,0.9273191244644824
1.1337851498834841,1.1002320613123944,1.0453766751566536
1.2284622607659936,1.0005857660211803,0.9345851083881812
1.0338223206477757,0.9651855044494133,0.972779362641135
0.8411069835608015,1.1221436832034928,1.0090368360275674
0.9367878133565396,0.7828964406340715,0.9325783430222444
1.2595072658865583,0.9409641004391888,0.9848910192312231
1.0759685250545286,0.9438910128417517,1.0268995763998072
0.9377064813270448,1.1040916744113134,1.007670240741563
1.0265672991306702,1.0072357017095799,1.0264628842960806
0.9909448597114887,1.040411798699274,1.024392450343315
0.850748012981872,0.9358011109749687,0.9862050697609677
0.87996329388786,1.0434792256950345,1.0010568163577176
1.140458114818235,0.9359295323425914,1.0492406130338707
0.8787692308400687,0.9004249075814192,1.010641592412379
1.1037719540461084,0.9372266250550647,1.0821859269935603
0.9487488204459658,0.9187747419069194,1.0121760764708638
1.022776153395819,0.9798009698383738,1.0486729380093285
1.3895522169232137,1.1004409515577365,1.0065626620449108
0.8898313973403363,0.9911427433257195,1.0045771559816112
1.0064171371238453,0.9870066191860597,1.0472464861346358
0.8214306070819661,1.0815967107077715,0.9848438429315722
0.8708481289196548,1.01478092104723,1.0065222240951397
1.2008566460333108,1.0647658267088107,1.0740172902969267
0.9428309921299909,0.9253977227027053,1.0070685195021534
1.0489776866069627,0.8518885973430018,1.0263536471006256
0.9925334021671506,1.1699779201481617,0.9467564569813275
1.1655152839901177,1.1252611267756154,1.015112515865246
0.8946492704900904,1.0875396693210218,1.0026667434021428
1.2364622916400108,0.9806518707005929,0.9575808555811589
0.9831081300595796,1.0273554511648206,1.011767823351795
0.9179071175254949,1.0539353625617094,1.005999227419505
0.9286316404469324,1.059915680258506,1.032522667960074
1.108912395993096,1.0183128578607792,1.0486845020710798
0.9427468265664767,0.9963850858386463,1.0024365713613232
1.2277725598305758,0.8775444554349904,1.0301705734996303
0.7769263774101611,1.0499286184618326,1.0074769066639615
0.9550282437298923,1.1081385486980746,1.0136556870950835
1.0264670483599359,1.0204829764891894,1.0135251499932825
1.093101949238485,1.0186506943996205,0.9950773126459822
0.9146077486532664,1.0127726922549376,0.995999435291352
0.9437766577674782,1.036755600496368,0.9645963052370418
0.9240608735271373,1.0008628691419308,0.9766099389438426
1.0103998913695404,0.9858977955594966,1.023093412465462
0.992127309740217,1.0734411902891947,1.0684891561899772
1.056304648557514,0.9225569236074098,0.986497761468692
1.273165427447177,0.9439641221628974,0.994309131178286
1.1460758606137211,0.9974410608658654,0.9240546025841426
0.9272115205431896,1.013341206477366,0.9619327108255503
1.1789825813635129,0.9862634657047986,1.0049838350070235
1.1744122676669746,1.0934163969215567,1.022432243470358
0.9389599400424682,1.1227047515652075,0.9164584804187648
0.9812595790601665,0.9684750209372073,1.0021136154666397
0.884892957967249,1.0512863889030015,0.9679275884825881
1.2296352319945518,0.9566386703356635,0.9736615195983717
1.0907850260232275,0.9225500059203249,0.9771202580331604
1.1256610679020362,0.9240868921775969,1.0375102344293474
1.2655250795142143,0.922150433246242,1.0316511568411881
1.112249780459917,0.9342269967438149,1.0264221355994714
0.8340349483785978,1.0347279229584978,0.9499983420615865
1.3258356576973325,1.0041750004888348,0.9739387444173803
0.9158343721505571,0.8689191593499853,1.0452000741604162
1.2438302502704675,0.9108920038911539,0.9986961377177214
0.9222016984695749,0.9134593038316794,0.9898097273065493
1.0830345245762982,1.0399373553240954,1.033132032942432
0.9055664242242848,0.9926720964959878,0.9795515884468591
0.6670886270466196,1.091467474680768,0.9669267375515848
1.3681291217748643,1.2344882356053062,1.0745085407407664
0.9961805958699725,0.8992505059382031,1.0041980932445032
0.7811349734462816,1.0836953465715191,0.9869271103388773
1.007658695233846,0.8781826413501344,1.0353184489820266
1.1772061059142498,0.9458450798212747,0.9807958341578539
1.1679681776151112,0.983710495143044,1.0556793113097032
0.7987096449934958,0.9360294605331216,0.9350409691729702
1.0202688598634029,0.9595427860918653,0.9660569865450555
0.8289575794999888,0.9974215190638641,1.02852138311721
1.0761349351172185,0.8316615943742589,0.9727005615945745
1.1621588849583886,0.9945989779495825,0.9741907188005398
1.183844486403258,1.1278663346716276,0.9902431857065205
1.1326398303278042,0.9399740648143384,0.9772953626018474
0.9425527833008452,0.9902821105555116,1.007956958700353
0.9221665634359344,0.9761593272568585,0.9875969571226525
1.0879614434454028,0.9577824068660743,0.9532393006409964
1.3285741236541795,1.1379726491593214,1.0153791957046228
0.9627125561751793,1.0390810469391336,1.0661391839657333
1.0284046027925045,1.0042947084146214,1.0334055099645083
0.8644391461459636,0.934071418038813,1.002862683045999
1.114553125550521,0.8374016223516096,0.9880646214757979
1.3474006182131406,1.0018754444133433,0.978773517284402
1.068084000927531,1.1300944906192507,0.9492328736896787
0.9245872253010801,0.9678095473800473,1.0421204212057888
1.0637448397032014,0.9669293056101316,1.010563259822279
1.176784819429617,1.1754831034932072,1.0252630820426287
1.0533508693957265,1.082956353909186,0.9959406631589864
0.9780184281084918,0.9477866169257272,1.0347865391913882
1.0849888799572667,0.9247571241895787,0.947661057846125
0.8721865784536871,0.9251267164102758,1.0156033811515977
0.629697486060937,1.089839139164395,1.0148658993297557
0.9585109110921357,1.0510651047622883,1.0011422328944362
0.7602878430206407,1.0921376872174906,1.0053461540589361
1.0546718915350186,1.031674979962401,0.975337861683688
0.8462466654351317,0.9738726006711205,0.9557405319323675
1.2226331071649108,1.0308535835145713,0.9734513710133088
0.8844573774902029,0.78141452368788,0.9550965031062976
0.9341245989882516,1.1630545174499156,0.9633608333288635
0.7849424537458378,0.9584546835710983,1.0651216577683622
1.0010310785652101,1.0263194090162355,0.991699313712849
0.804921212376315,0.9612193004149576,0.9998631932683774
1.2259410045182075,1.0765558404358047,1.042230520088039
0.9461633983620696,1.0456167710472122,0.9481066389328913
1.031316840866372,1.0605036622830886,1.0084056948474558
1.4572678958892689,0.8948292958571364,0.976567393223149
0.7796799810912654,1.0445889948046758,1.0421123395240193
1.2019000359369687,0.9770681819637368,1.0033538784618672
1.0174558487276424,0.9882356257447608,1.0325150791302768
0.9469912853960256,1.0433015809662634,1.0402020807534005
0.6704069329794078,0.8892580217862832,0.9965846042941111
0.8162654535754668,0.8503199353457065,0.968596194628276
0.9915993308894949,0.8682157374585484,1.025360397085793
1.0943692061278532,0.851192923332131,1.0127885174381446
0.7566172752343315,0.991799284020644,1.0235497536087461
0.742840171252305,1.1570145318041105,1.0069969456312828
0.9343720989718232,0.95427114484973,0.9872837437496016
1.222493293928523,0.9939159251996303,1.0083347702052512
1.0266498740440317,1.1315778742332743,1.0159298327969728
0.8274538438712435,1.1068896318267887,0.996459926331266
1.1402685263308943,1.077895782792527,1.0004302331829638
0.9722888839646145,1.0129948185260123,0.9859417703397723
0.814253572636287,0.9737729099694605,0.9785225753679416
0.8626686369288916,1.009711264504087,0.946136621772688
1.2000979426682319,1.0041525678851326,1.040814994377718
1.027392252082174,1.085505369192307,1.052936070609311
1.1784213750504104,0.8720307017107696,0.9950178913443035
0.890414462707529,0.958769589939777,0.9841838599914876
0.8531434712809232,0.9611489572008203,0.9544952397929981
1.1375192641643928,0.9391164391917821,0.9695795786444744
0.7336999382704392,1.0522609573261588,0.9187396911987249
1.150061820602271,1.0678865613414232,1.0112707436466961
0.8080910759821411,1.0870421243295492,0.9945717602247234
0.8520140190628502,0.9672266464738561,1.0800693220253856
0.9026164249411436,1.0500972174535599,0.9972200008324174
0.8820189317801423,1.203585416803674,1.0105841201417316
0.8735338163441867,1.0035225389505378,0.9825806662477087
1.152785179045292,1.0676429310558504,0.9561895510351102
0.8724287844454159,1.0291979294611366,0.974774824584058
1.116118088329737,1.1750395674386587,1.0082370700829928
0.8289881313671417,1.0654476307123537,0.9707396305863116
1.066044110362664,1.012752538702454,0.8971153296754304
1.0617894400653072,1.0666219972385704,1.0103292606096563
1.0062845120384805,0.9042887018160738,1.0040643679269456
0.9426329187672092,0.9689307144496363,0.9822154617806356
0.7949277790567609,0.9643995377025638,1.067420394198041
0.7886427238440484,1.0349181207790061,0.9567627511032603
1.1276969345474444,0.8464711750727465,1.0583903425433805
0.7311849238570444,1.0477119428212085,1.0291108766280481
0.8906686508826605,0.9590979741476786,0.9899910702569829
1.0920496437817926,0.9859322019087767,1.0023730373205046
1.0206436120121394,0.9379788877794344,0.9855868648855167
0.9022492996754027,0.9217486072405239,0.9144669746767932
0.7928225811688766,1.0588677344567248,0.9783330670698621
0.9682195648465675,1.1241483942973451,1.0059091923643118
1.1077105690361297,1.0133798136951446,0.989561477673786
0.94627196662797,1.0997279315170676,0.9867193236536388
0.9222842815583694,0.9014204590189474,0.9730219613908412
0.9382950381450172,1.026008905255443,0.9507730601714348
0.8206464241206844,0.8487348206161495,0.9950742413287053
0.8935577628508293,1.1108155479488269,0.9944065290673736
0.8398342041166669,0.8947842686940326,1.0144430803643667
0.8035061995522664,1.1432718894491107,0.9824395129980464
1.1001907383102383,0.9585702029271207,0.9692227857589337
1.1738810442865448,1.14043047480762,0.9427167742921934
0.6621868823733866,0.9640365576358165,1.0103242508727257
0.8333460367435239,0.9595880430758945,0.9607431253542306
1.1733431435416688,1.0037123299800714,0.970878192559986
1.067077848002757,0.9549551690660891,1.031183604130056
1.2084573746207636,0.8898699542336641,1.0672426814126312
1.0250434962514612,1.1043454982237604,1.0220970318572635
1.144500806461639,0.9545492407176159,0.9669322682974834
1.1574129812267557,0.888285800287844,1.0677496633943937
0.553708460426223,1.2044074120640513,0.9942039723831736
0.9191122883184364,0.9501644612253601,0.967718270482429
1.0989994437808182,0.8782023360699945,0.9795901237475011
0.9133943373899391,1.2224874565569608,1.0145106937174757
1.0225565175616516,0.990381132750735,1.0205025394328313
0.9300524384372588,0.8798043436219014,1.0372089878760569
0.9447878240782115,1.0903666829403327,1.0103064806574398
1.0750484729413587,1.0534247800355847,0.9577811069273938
0.9610419048379041,1.0010084489355102,1.0060557760158373
0.9127608483563494,0.8923598087123482,0.965711342500326
0.7871312122585702,0.9914013530575752,0.9937997029289255
0.9626034874580496,1.2167387019492155,0.9918624609790561
1.1328280036745122,0.8877787957723853,1.0472013593926177
0.9916932968776615,1.0999703786887591,1.0187516107810104
1.0980802585480647,1.2522024760310795,0.9533911864772896
1.080933858303283,0.9799095599422869,0.8963579246744141
1.1886830341783612,0.9289653694949939,1.0023902136029361
1.2090787538049765,0.9322636565005633,1.0353060713728583
1.0945819150883742,0.9570636641103901,1.0171351185402469
1.0885222736820874,1.0882882662124076,0.9604802414870849
0.7466759217091508,0.9699900668114843,1.022816312836794
1.0252101284716768,1.133850668849471,1.0309774959629183
0.7489277682512507,0.8714717935023131,1.003796190277109
0.8743753639053279,0.9514357279721894,0.9990714648334583
1.1784247474773066,1.1420103048407306,1.0131412443469106
1.1626594284543708,1.0765143443413072,0.948766891205083
0.7897774009220236,0.9796464882665821,0.9973095545036985
0.9698031404455969,1.080929498164727,0.9723889972929304
0.9622207457907072,1.242248480936309,1.008406150755605
1.091572231853008,0.9960153593474967,1.0479000658440931
0.998727845094391,0.9153409759473349,1.0505227285485772
0.7890364648010348,1.0773487152848933,1.0392271917164162
0.9059386511332627,1.0674006279492578,0.9245938410350748
0.958699029136033,0.9737579571757733,0.990329572117704
0.7825000974690908,0.9884335086205209,1.0508927948867497
1.0617078002642921,0.9845683360835848,0.9833538155020923
1.0712393057015637,0.8889925861195369,1.0350576018835411
0.8240802849043568,0.8097387269570404,1.0526692661952501
0.8403584839702719,0.9434129973648873,0.9908775257298338
0.857468791793829,1.0115706391789252,0.9454964171069172
1.0573651225687848,0.9907511065816581,0.9926508687914932
1.4208147858119342,1.085333569796048,1.0549641631907953
1.3155076240688504,0.8208423838112522,0.9536585309303552
1.0181552788671562,0.7860159651738895,1.0621102344109794
0.8885059017839534,1.0732573387018327,0.9724075219881977
1.050943309624761,0.9982367656196541,1.0204013866544563
0.6985030580475319,1.0734165300382341,0.9677222059821927
1.126996853837584,0.9734486073451447,0.9626133495408431
1.1733105021945713,0.8801964323331546,0.9658336420427474
1.3637122024561847,1.2371675127900676,1.0309034144434985
1.0430473139700087,1.1136611724399454,0.992335135563773
1.0545610098069231,0.9432844600134201,0.9904355046090502
0.9201501385524046,0.945807160010502,1.009711191158994
0.9087325928001324,0.908788136995343,1.0476484622363762
0.975763505468515,0.9372448241364724,1.0010833835787418
0.7777613891241135,1.0386227666246701,1.0025030240644914
0.821397426084839,1.0958952819536205,1.0670644036040449
0.803622394596534,0.9188245165051783,0.9459565559542066
0.9239388541857032,1.0691926264574325,1.005338894823981
1.1711258808932572,0.9493358774589934,0.9243333586593835
1.262351544202608,1.0110032512366942,1.0291645422564246
1.1505497544891257,0.9861208685280134,0.9598382086002416
1.0711771348006203,1.1126334442200823,1.0483552243477958
1.1371427789560413,0.84796885093427,1.0137481963230017
1.2674238452959223,1.020933062749931,1.0288092302522465
0.9568445502530292,0.8666062938971849,1.0091794678427695
1.1705716178790189,1.0791522545952952,0.9569743490798853
0.9172595137410644,1.0463718712135952,0.9961217271856744
1.0599371335939565,1.1552981088318672,1.0321977984630764
1.0301626428052884,1.1002947090174682,1.0375076386810418
1.1659315580748404,1.0137550665944657,0.933045468344924
1.0924481141728686,0.9309580227921478,1.0046045466530702
0.812447718490763,1.0902269861023173,1.005952326131801
0.7809329086342728,1.0806577976905969,0.9521669100990061
0.8563649814806533,0.8548425818802342,1.0166739145440225
1.0595004409790383,1.005502929543006,1.0062219572092317
1.1552145424577391,0.9675894396842438,0.9645871665633218
1.292813611579649,0.968698368689417,1.0377343131401073
1.0247758078213625,1.101081583884371,0.9853706141090921
0.9721868917998945,0.9671681007358127,0.9530404750349403
0.9608884456724012,1.1248938947560554,0.9663417402904156
0.8283906522829976,0.8893289325768031,1.063811552650721
0.8865763921362314,1.067340870297028,0.9756291985825957
1.0842844698816039,1.0833548984622836,1.0759015290084302
1.2626893755515605,1.179650724909407,0.9948859067070085
1.245877436489641,0.885057176765583,0.9568911148455607
0.6509927586610245,0.8362302598110449,1.0331023448311372
0.9537584760372397,1.0685573874593464,0.9976816736398115
0.9242846078006696,1.0552618391720945,0.9858902364251526
1.1139022555497446,1.0280845654589532,0.9655284839915116
1.0793574089213664,1.0686250711115894,0.9925206000077359
1.1055953311633802,1.04730387963165,1.0758632753870352
1.0981265236587203,0.8774166970645587,1.0002478856557568
0.8579444254689472,0.8789065768855379,0.9610236106771713
1.044557710638126,0.7934823171380152,0.9431918321100637
1.2129834895527927,0.9654638024588756,0.9663863792560021
1.1988050362640061,1.000415901046065,1.006563550425013
0.9183922837137367,0.9736103840069388,1.0382890824004622
1.024743495625761,0.8110484436425293,1.0091259686300689
0.8276858050354734,0.8579868194967435,0.9038188373593544
1.1654459710771046,1.2036327218424798,0.9886713165363691
0.952284576521667,0.8330680662063736,0.971580333162697
0.96471903530495,0.9920264951814609,0.9470893709810553
0.9316076897132942,1.064828484713249,1.0392500100606525
0.8621603844022786,1.1974547586728175,1.0195845912666037
1.0567496434406685,0.8030577538867002,1.0189991244066363
0.8576278865787911,0.9769504901384856,0.9971201635503665
0.9871866661420331,0.9281093450578193,1.0264175337581294
0.8249482986103827,0.9272419312588647,1.0140198659087927
1.2153073605486489,0.9894993383963464,0.9819107749892103
0.7803823415846358,0.9319164060989742,1.0578827760262688
0.8250094544626887,0.872838887595208,0.9795794609928535
1.262267419843953,0.8707802972184048,0.9254971538972215
0.762313926167984,1.0060232566703031,0.9670012872247039
1.24836203180654,0.8696681138423514,1.0051353838562826
1.0339780919724468,0.9283292841586797,1.0493257369853428
0.9579676839997555,0.9669565524978954,0.9886170258070578
0.8862029472872376,0.9647810626473055,0.9579522695302134
0.9644138743901549,1.079854896088597,1.006501965221899
0.8094593019171906,1.02113978374526,1.0379769107918724
0.6762250357661777,1.0400412635220035,1.0166231544826747
1.001621523889185,0.9673687737737422,1.0543790920302245
1.03720489637476,0.9839588251533388,1.0138079058275091
1.0001495084572691,0.8522556823034859,1.0011226624629082
0.952165059342137,0.9498832027275822,1.00492368495185
1.0157729695970825,1.0421235659214036,0.9391506899352962
0.9935160186405937,0.8815241639958958,0.9719538837595921
1.099803467894306,1.0728704518836243,0.9645176539962704
1.2758273107703233,1.0176324703593536,0.9523266296917866
0.8892548421845232,1.013167398671098,1.0035160622591162
1.0771721380661408,1.1123010923225978,0.9419065836009518
0.8422942784583722,1.0212464426131342,0.9932655503974611
0.8405060775247737,1.0406369772682496,0.9782387651994396
0.9518464189951492,1.1032946123471674,1.0045786471508344
0.9907067723904731,0.9969056391984208,1.0342223051055395
1.0705829825526942,0.957418282784471,0.9721221614841884
0.9687739513867749,1.0036949697550537,0.9898891771270707
1.1335082030182528,1.0850981074063546,0.9835557474695159
1.0605396410070984,1.0445646179955919,1.0011419640143464
1.067682314723978,1.0329825896206135,0.9767599745969374
1.3519108347818878,0.9495115405487826,1.0266555016104637
1.0136167938752356,0.9523092365373523,1.0330427955687043
0.917605957909341,0.9879721450054535,0.999347491216044
0.9360334804711716,0.975975085631854,0.9959522140558595
1.033988400249657,0.9420278422245985,1.0166080084483433
0.8323979453217774,0.9925406188026937,0.9906932808102665
0.8725668650449264,0.9585018840551618,0.9925813138286519
0.7369360037235424,0.9377015430838453,1.020345089112052
0.9762294440154167,0.9815208974486866,1.02859251799375
0.7862037353630789,0.8782922324653302,1.042197496076463
0.8899712446289841,1.1123358049959209,0.9482401630807971
1.0725144515017222,1.0553071333942343,1.0097103759620494
1.1120220020534732,1.0808146143821418,1.0236654825346445
1.0360922127703585,0.9319968578594573,1.0361321430219699
0.7663269617292978,0.8939342674569246,0.9994331779534619
0.8154722295693044,0.9945199196871721,1.0264593668965147
1.2648616262962404,0.9482296823893419,1.0350539279986684
0.6999492123735827,0.9033439072215117,1.0193561442529167
0.7786513503875857,1.0004144595561264,0.9675630237046221
0.8337726470525102,1.0050648112780032,1.0533880167977436
0.8179041401414946,1.0266954764321254,1.0440356877100478
0.9236398276207065,0.9065044106001566,1.0235235288307667
1.3770989088603032,0.891030678046849,1.0504497523030738
0.9478587075074626,0.9897954023000424,1.0010348909829057
1.0839550187670364,0.9523833399681692,0.9590229348867524
1.1844956607218138,1.0483414095843864,0.9379970051927738
1.2096289007463692,0.9164504410886729,1.0051745060268307
0.799051907090096,0.9724446930678167,0.9870117205716505
0.9231022793001873,0.9051258051218453,0.9590868886790384
0.8034040453017011,0.8439369349401775,0.9428767681118048
0.8071589064182942,1.0562943132881304,0.9696895214848912
0.9564501252965211,0.9834241547014881,0.9906069988730742
0.7791919309870697,0.9685427528937733,0.9535141467234638
0.7634506881477177,0.9989098293179773,1.0188370937848996
1.329935328997623,1.0906143453472414,0.9754318598893138
1.153259217793389,1.085378733763862,0.9981157699060693
0.7869094224940743,1.1545886870794637,0.993547088443434
0.991036506378147,1.0814490305089572,1.0315751093432854
1.0703594021412073,0.9422129463986898,1.0215571447398897
1.2055797749667732,0.9787228499111078,1.032542984741876
0.659521960460639,1.0824812912363826,0.9891086133357252
0.8731164163844543,0.9531370291388355,1.0610497958644138
1.3366463724827795,0.9560412462554021,1.0818432837530723
0.9578233228741345,1.0162502843853969,0.987575344228853
0.6225216681624528,1.0173770798456492,0.9896883561465603
0.7233815777995745,1.0068480444077772,0.9979914479935569
0.960489501085855,1.2055817341002861,0.9795185223361688
1.0607252024407208,1.0037651689910823,1.0029031600233824
1.1396041366123555,1.0595379989191835,1.095032853846666
1.0093900722060414,0.9729605753144083,0.971243375088763
0.8511349263812629,1.1252108380653647,0.9949268765206862
1.0739267105988206,1.0798028919727427,0.9539900933217155
0.9449074058184301,1.0428033063107933,1.0004400534819835
0.7567780192612891,1.0074119071027996,0.9761134471412358
0.976673028571466,1.0814755924461326,1.0436299391950445
0.9484746466455176,0.8671630486025953,0.9721899917691627
0.8450241707716446,0.9148773559608712,1.0264727444532833
1.2291292975371269,1.068929204379664,1.0444832214909072
1.088616850411531,1.1705037155594367,0.9351066263902189
0.9569817353625278,1.0698473905699606,0.9877785506434034
0.8304216412091158,1.079733605150496,1.0140718857661097
1.270594995371447,1.0224810710030923,1.0009514297509086
1.006366166701818,0.9121964303948067,0.9981556348676994
1.0938780111141861,0.8571070815185293,1.0224627748115946
1.003514979505204,0.7543829966084127,1.0256758466492633
0.9754467161034729,1.1902062175490826,0.9631647081136605
1.0747775820443217,1.1298485341522666,1.0116560908920664
0.9604421387940443,0.8772927031044664,1.0122501704225808
1.2687472463018032,1.0521025585719936,1.0161055051370271
0.8924983455912263,0.8640696299131576,1.0629134325809346
1.1707412240707535,1.0357047677543194,0.974163882689545
1.0262046516542855,0.8230613623107437,0.9734846789238523
0.9769475222762871,1.0003790039178542,1.0348831898145952
0.8881999958299023,0.8841942938571787,0.9816184499301149
0.9939819586148986,0.9294864683321656,0.9819146771869195
1.1153328752440492,0.8384378159689831,0.9869784001547669
0.8931701173422036,1.1682446698120574,0.9845610190518418
1.1004375317936903,1.0295928868408075,1.0442346066235337
1.161963300709341,1.0087663890129912,0.9832128981597178
1.0960413179102657,1.0863643040666762,1.0450954022728682
1.3909007443289714,0.9709798006159882,0.9807082690768069
0.9201470606435379,0.9771677873649854,1.026506704941248
1.2016673739211268,1.014946197768344,0.9317476678403663
0.6980803283645952,0.8979573675709667,0.9791559400698896
1.0502432020650883,0.9629021612193807,0.9662760274662924
1.0282682614845475,0.820846690356857,1.0046283117326569
0.9674912309254758,0.9388899971091009,1.0042497024134145
0.9961484419315659,0.7946785540570813,1.0034681390879658
1.1200344387426533,0.9229706778805873,0.9512251187858719
0.8194884517698077,0.8438243906524965,0.9573358055304423
0.8906812414513253,1.003856935671684,1.0026903900707034
0.8158229909719548,1.0275308498045352,1.006763256395091
0.6262644930863395,1.072803315567898,0.9558071093676604
1.0277774351649298,0.9443954637694186,0.9342398255808807
1.4390395737576214,0.8888788529668542,1.0105552102591948
0.9804246216183918,0.9372525528927085,1.0267559564980973
1.1049512482025037,1.0537092032385456,0.9935752958574952
0.9047668427238098,0.8887938046027214,1.0108655749689508
1.1136766752627147,1.024090836240465,1.0186254225734281
1.1080801824303927,1.003402927888038,1.0888553422263652
0.7647756974665352,1.1268795866264125,1.0102844422128505
1.1024968750523225,0.9516246059905291,0.9940169057033176
0.7635868459256063,1.0313227625142907,1.0090633718143214
0.7708161770172365,0.9414241224533695,1.0354014160394713
0.8817663769246353,1.1219475183321106,0.9522599096189454
0.8425904124707816,0.9726010155717542,1.0348409143700836
1.058597472488536,0.9365531776843121,0.9642816501503741
1.1294104332815782,1.11611182860325,1.0548750293495086
0.9185713514768256,1.125304078021171,1.0205972833095975
1.0061188593756336,0.9171539591448556,0.9613293489532952
1.0647847617915966,1.081977572455375,1.0300673812451606
1.1402479059086295,0.9677657234891295,1.0189398823788507
1.2876853494261997,1.1105309649114201,0.9522879809695525
0.9811749461857466,0.905947642769286,0.9713972597806954
1.2531617198983949,1.1933274838521253,0.970402265341732
0.8906902078652128,0.8772812477345402,1.0114951387694162
1.117729262586547,0.8819914529659496,1.013431890761791
0.8967769791972373,0.9190104521090103,0.9877534888510437
0.6779827287618925,1.0073334897960942,0.9915633413550156
0.9951951926848543,0.9930308466712731,0.9981043826586514
0.8581413168067806,0.962254621494489,0.9528145160943632
1.2122826411350944,1.0310810849965728,1.0252279809616562
0.9536063871994849,0.9658402895175375,1.0184936161973086
1.0263305294054432,0.9378148734466372,0.9842890373338569
1.3421002608126755,0.8916956459572829,1.044752555891711
1.1606980678279972,1.0623380612442257,0.9866467709547889
0.7228211816813466,0.9850481355374296,1.0030212703935786
0.8071855962776544,0.9376726606218287,0.9215133415572981
1.4486773149572971,1.1407572249696631,0.9701927871431248
1.257564420356589,0.9238091590905377,1.0218102111186995
1.152071661192109,0.9525630259664365,1.0451390705175454
1.0306838736285693,0.9406193475234305,0.9378195274813067
0.8522232864207029,1.0663231795110124,0.9937709344854125
0.9679262898099322,1.0008026087053956,0.9866440563321875
0.9885081121544497,1.0347911721045833,1.0077646827193945
0.8757506616725751,0.8812580565009993,1.0236251889864592
0.8280516644025651,0.9093153928267141,0.9913428041224884
0.9176603966496375,0.9189825067195521,1.022987885839924
1.1672307141535587,1.0470871588944726,0.9936052991341079
1.1228331217598413,0.885072567596888,1.0117182964532476
0.9422902937029193,1.0764761341670295,0.9858785022727492
0.8965937347626155,1.1404454987625021,1.003610524485719
1.0983525326341181,1.0887987160792183,0.9940424456391007
0.9629900584769575,1.0229266312727003,0.9823970784060126
0.8350411823854298,0.9424194818805905,1.01011650406602
0.8107903394124176,0.9283877630466508,1.004238957820833
0.9825401720050622,1.0333429247982708,1.043880477541907
0.8377271709113059,0.968607748847994,0.9900395975596373
0.6781975685859947,0.9969564530289828,1.0239515658871798
0.9214226784599692,0.8208826978236827,0.9870823898028407
1.0247933627688919,1.0450725606954683,1.0083558998373572
1.1866425972154335,0.9991474399618188,0.977399923181248
0.8372220042192048,0.9084780509680546,1.0568848701974816
0.8868270137153659,1.055043041622281,1.0925559449139786
0.7568193117791464,0.8157172767757681,0.9800962454913421
1.0398707002798326,0.8125775445030836,0.998777117664301
0.8036717450204978,1.0005723585150461,1.0001476224364918
1.2156813140060692,0.9129847346811772,1.0505934809200534
1.1696800349048981,1.034859097127298,1.031775011968952
1.0782170780294824,1.0642186247696115,0.9359202287185838
0.9261659882841082,0.891547778057543,1.0250154097572055
0.7855061833351502,0.9565489895163304,0.9886246339839057
0.9732114381949113,0.9953055973891847,0.993342866685967
0.7973557286364457,1.0152449988788441,0.99502614838458
0.7341159785725023,0.9905227270606344,1.0448986604904573
1.317809408142342,1.0803041082652092,1.0275992162704386
1.0107206746076636,1.1369758920531907,0.9494200242721716
0.9989821116002685,1.0926478588078523,1.0605419691878921
0.9639565020703434,1.053182099626996,1.054453757590447
1.167879448321014,0.9916552327966592,0.9766532288218078
1.343715551354802,0.969710401700316,1.0208098639204422
0.9575757106756325,0.9147143317503647,0.9687048858478594
0.9615272415692462,1.061487253280736,1.0233734940356847
0.8182061049579207,0.9890919714717696,0.9456479190856854
1.0197576988305412,1.0706792508117489,1.0248526576790504
1.148656385769213,0.9164712811844457,1.1490336393532896
0.8456727607358484,1.0309639812167253,1.0169420215377718
0.7097453345097544,0.910629170383807,0.9472106489806341
1.0456640418819059,0.928907120573365,0.9337448616845191
1.315033121379456,1.199888438612095,1.059629307282659
0.9383151974635746,0.8810003574475591,1.032495395265985
1.148840712562067,0.7700553098260048,1.0319010910688184
0.9440837544865581,0.9694887230507059,0.9894960903752216
0.9471426485276735,0.8991969769740669,1.047536445289632
1.311469489137206,1.112349976691719,0.9562185512197571
1.0641166742937078,0.981448159403393,0.981762135857179
0.6912659510301571,0.9802373122601241,0.9878286390201119
1.0150240196661635,0.9910241137401542,0.9987358071485142
1.0607076971963905,0.8395530910411007,0.9766416271829451
0.7790401875228921,1.1354450076801463,0.9538317352766171
1.0962364575520063,0.9849092288330794,0.9843460768931164
1.1515366841475974,1.1034049241554285,0.9952676470054066
0.9323985076498275,0.8848227092232706,1.0392841427413895
1.1980469227887602,0.9126604930608526,1.003324689503658
1.316016092152973,0.9980514993202259,0.9361908334733465
0.7435747699758587,1.0751939697969148,1.0166683567735026
1.0145832813854625,0.9707001080152379,0.9626286142388688
0.6431229710847605,0.9362964056905639,1.0413532801235224
0.9703363441978848,1.2134828344373663,1.041390479951734
1.216897278286316,0.8873991127652662,1.0390852564720463
0.9302131400549002,1.125560622891733,0.9664774388577465
1.1181105138578056,1.211949269484422,0.9348762389142041
1.1946583610728674,0.9665730180959354,0.9811393124442976
1.0697076739315805,0.946672262306177,1.0010908098675062
0.8976511267667819,1.076763502226092,0.9768650609502867
0.8829502792777235,1.0963368458963418,0.9541862718518695
0.8819337244608542,0.9443377464837293,0.9537953025729244
0.7652123699140541,0.994162375196917,0.9604868764986748
1.2840795199209039,1.010364215134837,0.9636273919119335
1.0394034619395403,1.0606619303890574,0.9567128290252235
0.9577744235113389,0.9755503103887043,1.0483181074325738
0.8433409721664273,0.9579210515706921,1.0120681107435394
0.8012205645378953,0.9448183342842276,0.988837120894131
1.0670699570170408,1.113026460799277,1.0449556323938078
0.7775913365472394,1.006434925886623,0.986979933496665
0.7804993091980473,0.8705644609281221,1.0243679274356634
0.6636991299629365,0.8854407599600167,0.9757292910606913
1.1524732950860395,1.0195069299838921,1.0193101017600077
1.0833589093042322,0.9591825669169632,1.048680070927875
1.2009390495480226,0.9416781267677072,0.9970299878356123
1.1556827787546093,0.9129030743913424,1.060447346374092
1.085180423643088,0.9583775377964686,1.0469816651360653
1.0882911020179664,0.9654082922191318,0.9737401814955362
1.1859254343489183,1.0292646156624696,1.0331501803489573
1.021459453736477,0.9783440414280733,0.9928342523705949
0.8559927440299806,0.9837057367312592,1.0082084144112162
1.274944977538681,0.9135271328472948,0.9780497966381058
0.9936559656495798,1.0859599996909084,1.0069852997440107
1.0661555084400152,1.076261262209122,0.9719399141939724
1.0750870910157218,0.8964067279592784,0.9703803121235083
0.9439215050396124,0.8992226162140174,0.9812642924138424
0.8735005596094502,1.0793597784344022,0.9984738512942378
1.1198093629856047,0.9670219425685291,1.0379352019516495
1.1275951226976089,1.0365814398313882,1.029773595009794
1.2459389473877303,0.8717658001443114,1.0123759975477844
1.1765477494268004,1.1076899628850443,0.9741400854093746
1.10667885507621,1.0310297454012403,1.0192365727573873
1.032335045961997,1.1009030676598472,1.0256227278879935
0.8091761663531036,0.8385774570877537,1.0224892670668277
1.0609046223121343,0.938812284525126,0.9896064810730044
1.0640401926563419,0.8498451850685335,1.051384559639392
0.7801780647728906,1.104406456213796,0.9974103723886764
1.125003910059021,0.9252535722099842,1.0003171615970456
1.1538717359301314,0.8281375554308634,1.0136326362269934
0.9618443802682117,0.9790863025466816,0.9790516225484437
0.7768588365750848,1.0078749848824424,0.9890476274749381
0.9998331655199986,1.0433916519123763,1.0073980393992696
0.8324460145908568,0.9542302529335078,1.0197101649105578
0.9431669845908268,1.00467358016366,1.0284357636546269
1.1956806464188374,0.9272512682329526,0.9786700421653506
1.1238953001105023,0.99354085624025,0.9972664022307068
1.2375476357804045,1.0369441145283345,0.9412113908155955
0.8407597938530336,1.1445843463194263,1.0278735493684554
1.090221495013319,0.9473625390984073,1.0314071219441285
1.2369610101014348,0.900115062775649,0.9552712214622415
0.9931535550196333,0.9581636119243988,1.0155458286721102
1.0596690099378505,1.0562708446170141,1.0461814689851403
1.408064069269415,1.199458729416342,0.9975606583672056
1.0100730153435482,0.9515669805834678,1.064428219866014
0.9907725694555751,0.9462001852380691,1.0517218617447175
0.7121065343745403,0.8193352108361682,1.0052274055346169
0.9783914845844683,1.2520993536856264,1.014703611988142
0.67404908397305,0.8426915631518346,1.0212879095218896
0.8131777319083535,0.8506672807252953,1.0154688523172253
0.8256680930975184,1.0747962115705385,1.0433798437732613
1.0412891236740458,0.906558842074022,0.9471437662846824
0.9868441554479596,1.0138719573264356,1.0472909313554406
0.8999531247539636,0.9899017225146785,0.9959480505596235
1.2298643352777097,1.0389366744240869,1.0443460224570733
1.1355191006111292,0.9977284233936113,0.9796252815096214
1.318831464833958,0.988770983645531,1.021828040146356
1.0448157744129563,0.9550997041467224,1.0124570670713893
0.7112795411611045,1.026524583693106,0.9003293454267799
1.015323170346683,0.969103521028705,0.9827661722437554
1.44454795540851,1.1885944407740026,1.0248414706671538
1.1384612248538624,1.0607632700018563,1.0039409395486116
1.0792293516547062,0.9762229530833697,1.0398624450804286
0.965045764391826,0.9653892038039301,1.0350593357270432
1.043664635390996,1.264351157452427,1.0062953881003693
1.2567580226107884,0.9128070990284662,1.001353487045548
1.1357493786437658,1.001763958446895,0.9873245985235523
1.4640569177838865,0.8786284003226998,1.0344767413696283
0.856068302781517,0.9583709984331015,1.0568741990802357
0.8729005400926362,0.9758693574872142,0.9689410976309935
1.365032865269701,0.9688464890014354,0.9968221495956392
0.959901200300973,0.9182950597346201,1.0320390282846321
1.1694443248886763,0.9801732091751011,0.9879361349820736
1.0325516543746032,0.8680423382160999,0.9821433667536327
0.9656273007156729,0.7608196969861133,1.0221492905193166
0.7490027115020579,1.0947405406369253,0.9515783723123331
1.1426319045323572,1.0539462296967552,1.0835197942099954
1.1481794468679953,1.0278512979518912,1.0049079589706567
0.8952469423445573,1.0071794067442519,1.0152718033501518
0.8148234848739655,1.0198242211179929,0.9883360055945062
0.9738198252478452,1.0322780602023722,1.0004546758939057
0.821863858583948,0.8267083875304906,0.9845614461894464
0.8709959091688617,0.9205867331451258,0.9666593262475577
0.7834846233816171,0.8512482838617647,0.9700771968928615
0.8531708037374837,0.9822268869739681,0.9462705960839098
0.8901488863789517,0.9373769964905837,0.936827925110114
1.0902742387241684,0.9653439051181398,1.0090051619831133
1.1564365731791213,0.9221461169978068,1.0484315196821854
0.90071543237857,1.0348061676661633,1.016487696466119
0.9925405570575363,1.028460143982558,0.9607768043899862
1.0914212172097577,0.8430766913927976,1.0233892714381152
1.3503595801309654,1.0355384196432056,1.0291265063423483
1.397386297334236,0.9584054483198021,1.0022461238105094
1.0254764009366164,0.9731252871850482,1.0011198838771957
0.8007959869093897,0.9524746920137206,0.9514533142261093
1.044350320099611,0.9107482938345683,0.9728191246226072
1.0736327775010859,1.1007785505680623,0.9689349706760421
0.8471721913251473,1.0523900444814915,1.0322195927188962
1.2075098782823628,1.0331169682808699,1.0299835783639437
0.9446327776851052,1.087990556814077,1.026136106877248
1.1626317704648244,0.9602315263365396,1.0272416768856865
0.7882304334742367,0.9833777116880836,1.0219822490750092
1.2563998325676802,0.9551961527110358,0.9942849631617133
0.9766700410317324,1.0253501751054017,1.0013869179550676
0.9375997411747858,0.9440776264928361,0.9462404497955393
0.7300535298796789,1.0434396218258313,1.0433406314457618
0.8045534460042709,0.8996935909733176,1.0096062811701998
1.0611410832853854,1.0536421633655544,0.9964011415167944
0.7657848782338277,0.9741513313182382,1.0159103718279365
0.9842407664005108,0.898484175612701,0.9856709227560838
0.9935719671232958,1.0105475103316408,1.037348818734732
0.813250939914087,1.0004113179556704,1.0333014094317734
0.8215871357324289,1.083980772682,1.0273988592814147
1.321156108100496,0.9323977996515891,0.9690839482500913
1.1638204004076873,1.0782271173432383,1.0302386477036203
1.1667364884889517,0.8799979007812619,1.0239100831632302
0.9124190476723729,1.0229367726709242,1.0361679073969952
1.2384072307804108,0.9197901386859153,1.0443629300999868
1.1359612761705187,1.1447384027140792,1.0333237098764052
0.9850630814742349,0.9489987065755068,1.0287217605720673
1.116525755330152,0.9097241719057689,0.9980214449432961
1.0836096767046626,1.0450482360390505,1.0354788182329273
1.1259402931026194,1.0895220899523466,1.017800549734951
1.2893063039293067,1.3156980429879521,1.0575967409555687
1.2691292162644994,0.9661810612953738,0.9076723001384535
1.043092312606772,0.8691591245289307,1.0376201406040155
1.0049830835840141,0.9379317998413597,1.0114719149460525
0.9096368437918076,0.991831482409399,0.9913481822695416
1.0570014288472063,1.0856918131515858,1.0225833622056724
0.9779584123546059,0.9878177774479802,1.024523475112782
0.8251807186922357,0.9434952342028601,1.091796757713568
1.191956518582819,1.0323907979507547,0.9565925053038593
1.293172950429133,0.9564957749922038,0.958138750773487
1.1471391042438999,1.0991911777430392,0.9964325590810886
1.073919684992981,0.9959759427971042,0.9779491996253494
1.083125600736102,1.0105964432786663,0.9855989968956135
1.3233842869549048,0.9877197279469868,1.0001864563660945
0.7772279622782077,0.9665138441174095,0.9601136298113655
1.1204736435054223,1.0798453378556325,0.9215107745529131
0.9059730708254874,0.9759298647946949,0.9712617076715766
1.1765550892658694,1.0743717340958656,0.9739357932316524
0.9194800257104306,1.057457880319618,0.9730466309767087
1.0211539963209226,1.1763385612434707,1.015930065115109
1.0125371779341479,0.8630542184696401,1.0105422617614457
1.0821328537708483,0.8482905665888308,1.0335002035414929
1.1431143425227888,0.913885848783564,0.9651433518221962
0.9256366952171415,0.9438354315219862,0.9847086634869294
1.1964147647239192,1.1061987722251319,0.9213681469716976
1.3923300685445246,0.9541311425852834,0.9907153617727804
0.8987186648666414,0.912884040732518,1.029490183117181
1.0719358386237463,0.9273764556167231,1.0469724056480725
0.8757164470824754,0.8455726971797879,0.9397443584655744
0.86034305213147,1.0225662532980793,0.9812871618831688
1.0025687319935985,1.0446281474874266,0.9981573449393094
1.2579607840615934,1.0138552482951098,0.9887649932933072
1.1054987349916336,0.8880124859324403,0.956157297600914
1.036191383568975,1.0503525552640183,1.008551462007518
0.8870793020567447,0.9589105948532548,0.963017261940819
0.7945024329624945,1.0867934684421514,0.9900734004693054
0.8878765117047134,0.8746973735494854,0.9374461727515762
0.9161001772370748,1.0088941421107713,1.0594171339083138
1.433433934796685,0.9382802774218502,1.0340363815270959
1.016153650358587,1.1084415259998566,1.0027234018451747
0.8811788859783326,0.9510312710442763,1.0451529367744719
0.8496634029248608,1.063529905635263,0.9657753087265412
0.9018484608645354,0.9582355308587843,0.9864598139962025
1.0213319146909925,0.8971752711745389,0.9838745630391856
0.7651784582917951,1.0355392237901313,0.9636041309491933
0.9100951007052229,0.9764191341590632,0.952173161331115
1.1218144861517867,0.9347676489406813,0.9805500090574215
0.7818372684482844,0.9771382291353001,1.0096908774717548
1.2708571535272704,1.0172761328988853,0.9659521965234005
1.2562333441749167,1.038955891836423,1.0139561795614342
0.7689226020790021,0.8159477720999908,1.0301217443774122
0.7938489826374738,1.1386940035576645,0.9381106062068195
0.949339406579464,1.0517979411774023,1.0053090685693349
0.9814962759377122,0.8123814099342147,0.9247570284809044
0.898435001705993,0.868809124062387,0.9415973260317161
0.9964366506665561,0.9473553527378336,1.0395755012249095
1.0279529542999122,0.8900833984464918,0.9990089161912209
1.1952044112236824,0.986458865970777,1.0329084262437753
0.9775824662691105,0.9299298883983156,0.9256398618349748
0.9881962068798521,1.1421730961377972,1.0124435204586855
1.2612607917877123,0.975423267471248,0.9932275377848466
0.8683183597753731,1.1005993809731032,1.0283860819642403
0.798852713323503,0.9563057456602968,1.0296176508268875
1.0814627036246414,0.8327408225866487,0.9744923124963633
0.8455021347652069,0.8984167779692354,1.0186895918763812
1.358056301979223,0.9681133980785105,0.9935289421367536
0.9371004889375805,0.9201129689842382,0.9654189267589314
1.2567582668099784,1.0002149456666505,1.032041128943861
1.1081767505717441,1.020338263798319,0.9789108376655995
1.2461647172966233,1.121023203096179,1.0708572388342137
0.897111204237095,0.877110721070947,1.0484231102685122
0.9879543066523248,1.0593688224893663,0.9525636068465605
1.0303504548519873,1.024617732258151,1.0929178644146047
0.9454902792960207,1.010457050618377,0.9976041921663713
0.949365729002648,0.9042390754836984,0.991887606854377
1.252534715129038,0.948954239548117,1.0154705570225548
0.6597400254568159,1.1445480762188858,0.9721475884472545
1.047695184058219,1.0059243122819403,1.003526300001674
1.0509545767688449,0.8297792555812222,1.0498810401486502
1.0879084848345344,0.8880417708882365,1.0888695516846554
0.7508222789259298,1.0169523883798743,0.9788126580766644
1.234956775078096,0.9783552982629062,1.042083796815106
1.1387865062816007,0.9680186853626256,0.916970873665397
1.0157839331834695,0.9995805856266945,0.9860899763822969
0.9281569850661493,0.9540615574428781,1.0476026603521902
1.222598102578336,0.9120286036676509,0.9870297932569102
1.0351111557721533,0.8417718522913864,1.0293560520059688
0.9923182558428641,1.040711432835337,1.0308289782225568
0.9454886653420502,1.1047691749386248,0.9733615960390933
1.1272971111511794,1.0650484976671972,0.9745432449679966
1.4356336601256259,0.9652008074181418,1.0373355546954206
0.8443931015892513,0.9909468134723483,1.00991407331525
1.1989113891472947,0.968089360653516,1.0551058632348425
0.9255175020507243,1.1328663003235446,1.0387615116331732
1.1700600227378528,0.9405223796337139,1.022636050556999
1.1503438932491388,0.9145746543569796,1.0463610069990905
1.03672724185592,0.8489768985811177,1.0120217507304754
0.9679315697197244,0.9478799821508324,1.0429738650900695
0.9209620953547979,1.1075083851948895,0.9849198793513255
1.0269411532661343,0.8885459960472144,0.9695703591251107
1.0647033064891636,1.1152169285689106,1.0079575003887393
0.8944774961964794,0.9804667670001237,0.9528932337703123
0.8930327934453947,0.8504398386918188,1.0135322842428962
0.6022438073860023,1.096001369094766,1.0344739990805467
1.239449273423676,0.9667546979506767,1.0385853349120968
0.9652245504029051,0.9856064782562033,1.0101055515244257
1.196844567359212,0.9486413282980243,1.0446338777284947
1.075194132936333,1.001590511365827,1.0680352236086232
0.7095211707745899,0.9256752163477551,0.9770175712042599
0.9522809381737904,0.8369460904424946,0.9480494727703365
1.0521609175762026,1.001551241092934,1.0615879480574721
0.7927855607354038,0.9710866793059961,1.03381775571932
1.2232677897819006,1.0289843188383778,0.9989273017129577
0.8975776762986118,1.1031747750255287,0.9695071965460693
0.8009609700881766,1.0852457343826454,0.9682426042123837
0.8131865956495905,1.0558068199126796,1.0208134453764146
0.940841063261959,0.8869203204607923,0.9476738523403322
0.8522214263067236,1.029904051165722,1.0083792329153862
1.1239207090331584,1.0541176459534696,0.9496914596413261
1.0391000279213638,1.0241503072924072,1.0068319368355279
0.9272684104846907,0.9935751051049626,1.0087438373910962
1.0041822329396943,0.9005917445434275,1.058932321880464
0.8843372750236368,0.8797649403693495,1.0149330359283717
1.2011567276749164,1.1011837477571453,1.0381991951936127
0.9654718338908559,1.0834775163528003,0.9948631288442719
1.0007254137202386,1.0167950277050641,0.9742281844621216
0.9223960031050367,0.9248640974783287,1.0526432668277785
1.2181193586407346,0.9940968888143529,1.0346046010776762
0.8367861850073679,0.9214179846605985,1.002030920299651
0.7744614523274926,0.8839748758516773,1.0131606417846801
1.1713168416140085,0.9739505358282422,1.0232834450065058
1.1535807412301837,0.9915762544960187,0.9753180046977107
0.802725606339326,0.8977818696119564,0.9639757915848294
1.0972977836155948,0.9735198556805454,0.9770072439897346
0.8186486792126657,1.021262273700951,0.9739657572283184
0.9450553482511781,1.0794189017855083,0.9817761717521664
0.7029287392221322,0.9904952547046364,0.9573311290197694
1.2201339715464488,0.9228873771122674,0.9912129827157421
1.3320263376215007,1.0043310847562283,0.980338695688733
1.0149371461966226,0.9903442688778216,0.96362365933266
0.9885573742358902,1.057629122616269,1.0293369214293364
0.8268757530997543,0.9569494662294069,1.0005652959077223
1.0134999510702971,0.9975707235035899,1.014885480605483
1.0548226851448796,1.1438492830433635,0.9449426822578747
0.9173143183708397,0.9784018662737115,1.0570246748599244
0.9251190299217789,0.9265868214854346,0.9749304843520962
0.965580529377249,0.979635515329047,0.9656252494787765
0.908382858138779,0.9177294304064709,1.0204673063849696
1.1194145295290088,0.8068475529654802,1.0010897556409246
1.0898268393114554,0.9098937824079294,1.015427147359174
1.0176264732854894,1.0896801836524777,0.9617150867267211
0.8735401115509711,1.045351300955141,0.9889370716660221
1.0107583508885307,1.039522418075144,0.980040629755194
0.9614727393099334,0.835899469119719,0.9892247926198551
1.0456051523013374,1.0078589439698729,1.0280453299640897
0.9965799701138612,1.0233652784422853,0.97386732003568
0.9542296831237165,0.9776954124729297,0.99146277806588
1.0456552245149364,1.0041062106461915,0.9738868525909691
0.7921550527209178,1.0629026271993884,1.0023840052644808
0.9096803717393536,0.9548852504279253,1.0202119839935189
0.7516354230316736,0.8849516078974962,0.9753839863014971
1.1089688563064501,1.0992388770288626,0.996342457906478
0.9509618339197682,0.9251252733313056,1.0027158364140278
0.8312485633628479,0.9886719674101055,0.955621704982012
1.421838725403813,1.1193604812553741,0.9581852011615483
0.9807703958615736,0.9053004218267896,0.9390857495466142
0.9095471127211635,0.9705862975849782,1.0195599925703378
1.1047572970636468,1.072693351822367,0.97400711038216
1.2790737632892721,0.8665155036910102,1.0172155835877053
1.02970121419773,0.8956835823512772,1.0672655253891257
0.9779606578734439,0.917438118711593,1.0059137780825769
0.9395732339137097,1.0000461456306333,0.9918586288703669
1.578527665024819,0.9544880791765679,1.0034562641598495
0.9488454009620677,1.0390244371561108,0.9620581236721324
1.2286744521530837,1.056460367624652,1.020873458474748
1.22500948371224,0.8248028036760828,1.0276934088574565
1.4376230776570018,0.9318111176727526,1.089342931201167
1.2029046737397815,1.0095503013121019,1.0394524639967346
0.7912184226164752,1.0284365655891228,1.0460117981350099
0.8979644542626115,1.1201410158501117,1.013022628970633
0.849943530891377,1.025826795185157,0.9857251640886306
0.9579357732243476,0.9211708786445754,1.0410084407054017
1.0918145240902422,1.0832408899787729,0.9865409685633009
1.0923307287953108,1.0467189606008582,0.9914508434963322
1.162368533905857,1.0161012648604113,1.0100975087931474
1.0662194558700286,0.9649299541976184,1.0499930245635705
1.0175613999012192,0.9098532431457347,0.9611351260242585
0.717628508501509,0.9555896840930774,1.0516359418780992
1.159175069638111,0.9772362843389193,1.0166250359263405
0.9232850959473802,0.9995482576647188,1.0406114843050676
0.9227876150342662,1.0311295476963678,1.0586848165840552
1.1805040598142773,1.0271703171814337,0.9742860905655503
0.8336251544322628,0.9032846746752115,1.0622607258736647
0.9044551374634132,0.9088850329370042,0.9909274323385081
1.1442857624185712,0.9426058396754231,1.0122015957196882
0.9895593991039622,1.1177245813988577,1.0074125480673608
1.2597469368484724,0.8234176810850071,0.9699872123902601
1.062911720931794,0.985395237164094,0.9989328997045613
0.8586509465806648,1.0329134651203207,1.0338725618352096
1.1017857940748832,1.056388888945336,1.0274498581212035
0.9441009176639514,0.9808848077117578,1.03776514395193
1.2804262330432246,0.9064439295276403,1.0226332433175245
1.095504553610244,0.9551539337150495,0.9495206876005607
1.1220488766001058,1.007764962381688,1.0308105858875076
1.0621793948637586,0.9655722882708442,0.9792527510426071
0.9742509710511358,1.0362065482160228,1.0486325361261921
0.8370350658696766,1.144051166870713,1.007059726139963
1.02273839883779,1.0571940218813625,0.9776972649645058
0.9148796221202685,0.9302770466159564,0.9828479168940181
0.8848660493855812,1.1508919350338709,1.0117095146768367
0.9781403498558572,0.7941114262727158,0.9300755965849118
0.6446462267174464,0.9843958668245842,0.9777207129652137
1.483690959289668,0.9555352282268823,1.0003339068205852
1.0191436554590543,0.9493920661978188,0.9402223186270849
0.9984220413325535,1.068353519557054,1.0020541386470991
1.1105810746404394,0.9521727284459036,0.9876267382896922
0.7992735680548025,1.1396226922659805,1.0322201429923938
0.8842322307074734,1.1358704536618234,0.9327128913362589
0.8558417600997434,0.9586976255622621,1.0267404560329465
1.1746372753280845,1.0212179831301191,0.9238319865046379
1.1591404219167685,1.0548331584946022,0.9248167776597681
1.128789158802078,0.8448131607372871,0.9738845875362365
0.9257133399537014,1.0183893598343492,0.9994718486363793
0.9375015491189431,0.9385109268309241,0.9704047608401396
1.0826935940665046,0.9295975948697561,0.9854021695960542
1.0758354729594495,0.8625408213462633,0.9732531550237616
1.2111025805817537,1.061723388167999,0.9573254239699668
0.8935847673762873,0.9749996645688364,1.0071622445381372
0.9906535824935474,1.010282651147998,0.9984992462226548
0.884738545162943,0.893919847214659,0.9600547030188616
1.1319123146839332,1.0192918799506696,1.0067482413900273
1.3045470955760283,0.9020486865293522,0.9693973057880747
1.1544431934769426,1.0240576093730198,0.9884864398649297
0.9464662136757235,1.0287654678899534,1.0088533806448614
1.0805963982391826,1.003918796284943,0.9811390224496561
1.140047989234468,1.2643039574260464,0.963209597964242
0.7928276995329919,1.0350552839710163,0.9875250666259984
0.9469956389221235,0.9547005653958084,0.9925104034067468
0.8511947417361474,1.0827145716296362,1.0008883066362355
0.7886868764087949,1.0057951886553265,0.9167831478796936
0.9316081308016845,1.064359006287678,1.029517637899487
0.8192231624691269,0.8879943108367971,0.9459319266598785
1.184048018142853,0.9780929825548539,0.9719910847514965
0.8150971167350967,0.9329741422374983,1.023670327531133
0.9240568352536036,1.0714816190257128,1.0316885858161604
1.0047207474917412,0.9285326192552823,1.058291738492681
0.7505699623407271,0.9335821164085292,0.9602374276973141
0.8575541138966621,1.0351824691552485,0.9605712261777687
0.8290545106676568,1.020074058729957,1.0342690186217964
1.0157184688436343,1.00482913749897,0.9590427063394887
1.0107321191761751,0.878497243084405,1.0048855311469012
1.0446982829269842,1.0400720009470517,0.9817039692731729
0.8281832412036771,0.9079045226536233,0.9943263471540987
1.047843387999146,1.0521137442898267,1.0379333874998917
0.802472675938949,1.0399984360537102,1.0389339032417026
0.972487395409575,1.0708171064690295,0.9929781674979269
1.160170745465241,0.9699683711417022,1.0181389154446767
0.8935069410109087,1.0016721459667766,0.9570741253389521
0.9262306976152564,0.9541387794314489,0.9343693496924302
1.0087787906337353,0.9790264023382431,1.040495834886946
0.7467586469466702,0.9775690474044525,0.9178501248910003
1.3078070639230948,0.8994098377479168,1.0426854991792744
0.9553779832283604,0.8857441718733408,1.0537941119141145
1.0583993071516067,1.0185387764933767,0.9631479117240719
1.085520036481375,1.061847557374913,1.0459367856776274
1.0690941044328959,0.8857928008697723,1.0488961823473637
0.9815826400336072,0.9328706971548435,0.9366952937796365
0.9785754880854147,1.058029171294516,0.9794045139820365
1.428784283904076,0.9050547519895036,1.0554918365268253
0.81119249165019,0.9467939208622055,0.9679906404152577
1.0538029907072781,1.0084250532844266,0.9765348427314106
0.9472879482074656,1.0070694363520805,0.907544879781074
0.8971014203174643,0.9565389062942851,0.9681462429231615
0.8759463549073722,0.9696942312208096,1.0038351817374964
1.0285476576636534,1.0005206518437202,1.0500608379664784
0.7627431131425872,0.8666942115347702,0.9831977864013659
0.9753709330584001,0.94084664408913,1.067226454661154
1.2118982623801329,0.8613839408499745,1.024223672526571
0.8374530371477735,0.9147144546621746,0.9682027595650089
1.0555816106897162,0.8622915553236432,0.9598243013899147
1.0065111836999627,1.1578958696309778,0.9467739423653
1.0930368296616133,1.0758545175901382,0.9902138342352272
0.8225271425102603,1.0438392157909822,1.002744684305742
0.8640817885390588,0.8320128942867322,0.9465112356568511
0.8590963593241405,0.8674434731991192,1.0408164150832915
0.6242575475314338,0.9712861539363861,0.995219505634413
0.9404686598907537,1.1528791409862402,1.0013929384473135
0.9931845459642237,0.8400763604480375,0.9967184753756623
0.9560818573146497,0.9515138654404021,1.0141935807090547
0.9368731951377467,1.008084798805827,1.0266142081502407
0.9399864301555756,1.042639961158398,1.0295507707047165
1.3241693296916177,1.0463695945188203,0.9108624077553923
0.8348920542776805,0.8844179426952993,0.9833420168828292
1.1710301853117204,1.0204240117262184,1.042592116253951
1.1134474279358777,0.940116604568791,1.0331290849113381
1.0421911048203047,1.138321088685132,0.9488699990910615
0.9614379933074069,0.9936774884798749,0.9946377561965388
0.9041190948615491,0.8528284039148797,0.9523265453217791
0.8502733555773963,1.0541311414445653,0.9994748982142633
0.7938255990795354,0.9062397656869425,1.04381669802226
1.1025827538155628,1.0426288272997564,0.9392074924491535
0.7395893057650003,0.9920717688343813,0.9861543551451998
1.0143554765714788,1.1306558593221239,1.0418541384768916
0.7537053378725754,1.080525560580794,0.9743146737112939
1.0442920167215837,0.8938318630858028,0.9565748505433257
0.7305743482649638,0.9580414699101342,0.9701484874221933
1.0119317747293186,0.9846335217133699,1.0193629830588449
1.0403525794378634,1.1354194233216084,1.0668151599173188
1.0810946047191194,0.9632004717150241,0.993592434943107
0.9511502998249686,1.0415693024888175,0.9758918645646523
1.0370996248202735,0.9720192792422244,1.0022868591585816
0.9504667267130925,0.9952238643433734,1.0033639739409
1.0106867582559538,0.9574607248804954,0.985149607382831
0.6938921689086417,0.9550086574886689,1.050426971140487
1.0981169212236277,0.9726190335438146,1.059224390692392
0.9235874245796155,0.8939589740532021,1.040711783709855
1.2824540076686648,0.9288387740266553,0.979412775346364
1.0714180596057972,0.9982455876960795,1.0211776413065976
1.0628640380019814,0.9927170724442017,0.9913101616110529
0.8683276606274366,0.8852449626474952,1.0939298195003688
1.0514650234473537,0.9142361633639219,1.060530840319951
0.7624858036184514,0.9820245854361128,0.9982941313506405
1.1353753558826538,0.8404375469473315,0.9403117177643071
1.0538964467039846,1.0118374810901616,1.0272795807933592
1.0377472624134971,0.9504518393785689,0.9388751036040691
1.2138574886830038,1.023377699615975,1.057937275937428
0.8563519144455833,1.0366202936796831,0.9572801338515718
0.8963989023742698,0.858437468386576,1.0449004832609876
0.9377202220548413,0.855466043443524,1.0294827919334255
0.9040653810178311,0.8221185789829342,0.944773865334417
0.9908116100984067,0.8744411213921449,1.0150883103130408
0.8966356359980101,1.074860077960985,1.0143398346932722
0.9643852115738685,0.9599334499856766,0.9764281996070702
1.1723439410499745,0.8925915556985166,0.9428018055219732
1.0531401885058247,0.9660357901262406,0.9525966068651265
0.9625619053079126,1.111648606790008,0.944463923278453
0.708909517944045,1.1955330045417498,0.9891081159998846
1.172940850009758,1.0052125739206077,0.9846504351977865
0.7559056342459356,1.090715053306218,0.9906639978388316
0.9930484986145485,0.9153007507297684,1.0270657440600328
0.8457308190349697,0.833678373441239,0.9975221468526247
1.6144878257775024,1.030601364300657,1.0213815239992516
1.2396135817592953,0.9236816877273897,1.0341623290930912
0.993718135064,0.9371459912359148,0.9604419457728145
1.095531958848757,0.9554153284780862,1.002141534777054
0.9446197802125882,0.9409305768781175,1.0347261011283584
0.8844080845284953,0.8091453583604471,0.9804550459116376
0.9032026436229137,1.011124322223688,1.0036174946245664
1.0370244676679352,0.9683132893672826,1.0284413157882357
0.8532744584240366,1.0061207017005733,0.9713956398959533
1.1054624694451918,1.187248776803125,1.057613222380659
1.060709193918691,0.9361358271932316,1.0096719681038342
0.8377069755660531,0.8763287421377552,1.007596779322143
1.0484007665596815,1.0020114557058668,0.9969282084081024
1.1242835788329377,1.039227104766621,1.0366082716719072
0.9449082078659263,1.017605843804911,1.0174870903697606
0.9592546661949015,1.067895490586587,0.9445213750576361
0.6048945614264206,0.9418334488175439,1.0443565213268222
0.9823105356956998,1.0518145514510173,0.9908521843297592
1.1264734930537132,1.0594309451039805,0.9711921253861151
0.8129318490590718,1.0094271033169666,0.9822289185545031
1.051546951742243,1.0041230338431775,1.0145891117088512
1.1847775641018905,1.035739505413861,1.0447002319826082
0.7147280056507996,1.0796617515846547,1.0336723897163524
1.1637392464798186,0.95649963280186,1.0182261818847227
1.1324796770260646,1.1419564697489322,0.9674098680936121
0.926265432978183,1.085428003983075,1.0246490019114394
0.9541972059819916,0.9681268443431682,1.0337166492776289
1.1781765395124406,0.9186261299003593,0.9217517135343085
1.2134181099020145,1.0589163944304034,0.9933745710693055
1.1685036953744554,1.0352569218245176,0.991662068039063
0.8125374373379016,0.9782097266927088,0.9929966082164087
0.9957102128832105,1.2756059642963513,1.0563000801744253
0.9423482112671967,0.8519473846119221,1.0422414769497692
1.0353311089255726,0.9809370132911002,1.0218784017526168
0.9446264366580598,0.9521411102359861,0.9975579957328516
0.9759699587538078,1.0204288655317963,1.0248674727981457
0.8695613080877693,1.0802335815886603,0.9795564325268442
0.9204008982356279,1.0890613634678683,0.9776053692088148
0.8923324001916109,0.9934309949271111,0.9469233423959481
0.9442272279121529,1.0306567694565045,1.0220137808518752
1.173212244277656,1.0747645639487184,0.9897343577968911
1.1773908696514248,0.9221939654812834,1.0052179513296042
0.745110386092428,0.9324144723433954,0.9694098661319531
0.9368819073283472,0.9534898451284344,0.9601108942433805
1.2061708966905338,0.7346517818399069,0.9821488309302224
1.282133818707384,0.8950174894621136,0.9736651956829162
1.027021628976358,1.007231360242922,1.0274332860660726
1.83910769304275,0.9252389955321175,0.9629405837338793
1.2475000985841334,0.9853041698577054,0.961733630402958
0.9229045612582726,1.1065177285616923,1.0379852752264016
0.9998215581178844,1.0046601929545893,0.9345694259183532
1.170673339141588,1.0717277192510206,1.0146459823680989
0.8483482151397278,1.0742676104450726,0.9972388103682833
0.799212059602586,1.0489545111774912,1.0550595105265916
0.9943746689347759,0.9952302254711214,0.9389188816227764
0.947818065233081,1.0108069394285502,1.0394595171259582
0.8443512645729008,0.9395556785124742,1.0181247018782644
0.9302262840189971,0.9356887828686105,0.959859415931123
1.1585744321409774,1.2176239946596255,0.9676653848456341
1.1403126548047657,0.9365472617507987,1.0141337282585896
1.0589636710380836,1.062688062598503,1.0263479907263156
0.7284312768704323,1.0605705601488387,1.0294470927162502
0.9310282134817931,1.014835889129863,0.9748055303946522
0.9595426357818578,1.056524366287119,1.0189821377858128
0.6664371071340585,1.0890922319118497,0.9706495226011945
0.9457920899283172,0.9981431778648091,0.9705136036602408
1.2204022650471635,1.1749831826211903,0.993784394552223
1.1145963938160346,0.9333407608256288,1.000338401047732
1.0093294824472638,0.9741057585281339,1.0088376141918458
0.7104653386822786,1.1055413825987985,0.941571928672023
1.0238910346074461,0.9455851803993887,0.9629535433921764
0.9473389531204264,1.1319091069295406,1.0131416908099284
1.0090490838917596,0.9113541127468814,0.9333554237272731
1.1442204652915375,1.0352093132974762,1.011391059904926
1.4563809973986788,1.0452813299676555,0.9957499286919326
0.9676849117648503,1.0430005265635658,1.0150729626232462
0.9594254655369361,0.9714380481409356,0.9594066430608188
1.1100325667840447,0.9331224912719216,0.9645737793478396
0.9025028208425219,0.9643706447884398,1.017606869359972
1.0755498096820435,1.0426009130546094,0.9935031855109692
0.8091666544149869,0.9459113526366889,1.001510187371846
0.8010806066192886,1.234464770199025,1.0926071869124163
0.9829785448104729,1.0838234301086427,0.945289541231022
0.8883130717273174,1.1008838423189662,1.0373520088357446
0.631938281990082,1.1419520082672163,0.9494804880229605
0.9226261836863036,1.008236691326925,0.9689837598844316
0.8365027044270245,0.9225833136819513,1.000270083653772
0.9319402863593138,0.9135904964811492,0.9768754292143108
0.9174560273789727,1.0194044398652804,0.9255900545578837
0.9574986481171235,0.9980247559736005,0.9658016772157935
1.0277310023241242,0.9793182163633375,1.0129522457672813
0.9623616766171261,1.0264899861336434,0.9820510654120235
0.96848767522608,1.013898042407107,0.9817160341517308
1.264029586455628,0.9934444042678763,1.0580459563128324
1.0604221967814367,1.1151153015328337,1.0155566733322978
0.9789433396720942,0.9808042541095496,1.0238434831289351
1.0261338707251555,0.9023853717288628,1.053823817848668
0.9256131440388135,0.919633245396742,1.0419268971912885
0.927622344779861,1.0421406038313958,1.0181400313829974
0.7265491931307269,0.9350293237255427,0.997044367222894
0.9948443568586154,0.9750207230104881,0.9745328369036991
1.0613740095753466,0.9952210703399439,0.9914857615263752
1.3140314421412949,0.9721917483490281,1.006246979006647
0.856319680175084,0.9243880846465369,1.05434111081051
0.8504886333075286,0.9324389664678672,1.0453844930548755
0.9158863356836177,0.874054241474148,1.0332220160049272
1.0905464579522253,1.0443342656410417,1.000679822433807
1.1845027183705954,0.965246213815538,1.0038349135358853
1.0685131949524345,1.0775461273418847,1.0209294194622076
0.7921858198510041,1.0699170705473904,1.0124862709264202
0.8986379363963487,0.9839929924047874,1.012214001807995
0.9683544159970014,0.9568054991470023,0.9601091722088474
1.1351009759001673,1.0582069885220138,0.9856899695584113
1.29335790970294,1.0648193383328564,1.021250916210077
0.8446304358326986,1.1118471992262797,1.0235350143892494
0.7689036915158087,0.9379664582385858,0.9643258887172595
1.0566714420114283,0.9202852606547569,1.014516250082237
0.9481533336679095,1.0636241213377888,1.0471819298314269
1.2097209925093693,0.9046116305327306,0.9970563356758797
0.9888882212005393,1.060925254222504,0.9948046307889339
1.2442329164821126,0.9540451574699156,0.9846667554600348
0.9205077592949344,1.0428100810890715,0.9817118306145044
1.2324098966086665,0.9544680895540167,0.9397297092429207
0.7765017559751122,0.8694864725551428,0.9888734132498737
1.401961873098005,1.0473442527257286,1.006292800269345
1.0802019990431466,1.015404713889207,0.9108775908243011
0.9909879195947633,1.005104458503315,1.0486997048153714
1.324286077234297,1.0649791567019218,1.0539680083194576
0.8343057895941427,0.9184828960527909,1.0209243309292069
0.9594086234141923,0.9604867452458234,1.0177258427008484
0.8566625150217455,1.0256273768078876,1.020960122499676
1.1741941430416005,1.0956052440475101,0.9963230101664408
1.0089324446333223,0.9567645818137562,1.0245106538480948
1.0180389782546444,1.111276419363053,1.0158493450805774
1.0062937919842045,0.965175826187483,1.0183988066455871
1.1042672485017917,0.9256190904507031,1.0035966698086252
1.111346138380979,0.9501252933555085,1.0170085231890444
0.9859234746381029,1.1417770478148705,0.9798621282833272
1.001361985897924,1.067593302144275,0.9988547121882899
0.8903840709691422,0.9731200047499209,1.0001479337699228
0.9420018957956352,1.209787496062963,0.9703205031009131
0.9715631858217904,1.0561339247026984,0.993359094096706
0.9093853576167898,0.9103303607584459,0.9575251504585371
1.2941231038995775,0.9482755745587231,1.0193895188864335
0.9585180596154179,1.0034218415146223,0.9704513200517636
1.2015398612124022,1.0410014059051202,0.9724892397383035
1.0290958386279134,0.9643099249003539,1.000573126865555
1.1438330211285286,0.9809297071789551,1.0258951892632364
0.7397662574738362,1.0744991458897188,1.0203252374481233
1.044163034592734,0.8895888858618378,1.0102554316947436
0.8505725625671352,0.9681669204479608,1.0032804992418034
0.8646709326816129,0.9636709997547308,1.0149098102995175
0.9972864787417948,0.9617816988228289,1.0616294314688417
0.8553464559119777,0.9958432143523662,0.967522181487511
1.1420428457476046,0.9539655596148698,0.9710826019981713
1.1367498089949382,0.8895834585443885,1.0128973134771762
0.9873783263726756,1.1291025671408694,0.9796219450242493
0.9166255038001951,0.9240751714384454,0.9619501793486815
0.9176679140762847,1.0246006439245348,1.0585802332531538
0.9899654357180945,0.9998070740348736,0.9906529076660616
1.3358016225639928,0.9269652279601294,1.0584453002656644
0.9868702054393472,1.050207933255035,0.9909329209687684
1.345485120895348,1.066495283764403,0.9868922118629327
1.0502159670930729,1.005026120765104,1.003209098803462
1.1217216294496872,1.0684128477035109,1.0411414834834456
1.026454182786776,1.0291801897268995,1.0347894814789746
1.186302981773579,0.9649631817738309,0.9800604338752583
1.09488479220028,0.9420076904896063,0.9881060266884725
1.14291040261617,0.8862440828747904,1.0112670206554084
0.7715008002803873,1.1044747025614639,0.9670482676613971
1.0740464247021575,1.0652933434151586,0.9848236749075102
0.9549736430994725,0.9731860666828329,0.9926274088915702
0.7757416540640931,1.0397173603886842,0.9836309751513125
0.8849221168812222,1.040193441146391,1.0745959758105865
1.3166757433631078,1.1183202028358226,1.0243115572118155
1.1494240580088744,1.0738095426594003,1.0558296019545128
1.064876937606034,0.9573766188362961,0.9315361915317389
1.1824947534520307,0.992040787767678,1.023180779615899
1.1253278850493884,1.071412059259052,1.0170823573251495
1.0393421511664398,1.0432257884204177,1.0168721362109343
0.9053924312364388,0.8672259165584704,0.9397888573347135
0.9578957151935998,1.1572977332609384,1.02088638793681
1.0292509730735542,0.8801720657083537,1.0014324785390532
1.0682475043239854,1.0249232877588155,0.9848342688136086
0.9246685419437194,1.013201562332513,0.9779626365380595
0.916927121009855,1.0116217789364932,1.0145499286446495
1.1686893322317973,1.198959646646483,0.9779545293072557
1.3316387481970462,1.0615768426319354,0.9747563163495583
0.6659186439391698,0.9372379547495602,0.9982559768506629
0.9682924688213375,1.147137789046758,0.9824464367361352
1.010081213535327,0.9673563754845098,0.9962915443066601
1.0466433619371784,0.9776566883791781,0.9839451863150047
1.1259915009875248,0.98444324896154,1.0454142320706727
1.0079165196128355,0.9091796183941255,1.0273305325446984
0.9258653062324319,1.2525687743063179,1.00878723590579
0.9427843010261014,0.8495584430013592,0.9170598550904029
0.8446284686699324,1.1026408226793536,0.9837888073868548
1.091996081987936,1.1628335371980012,1.04126218461295
0.7373638913526698,1.0194386031050573,1.0455930121508392
0.7011855446035159,1.0225929964093399,0.9892831809063661
0.7648104096923054,0.9146989269576209,0.9133065206944034
0.7531525816201281,1.0763158435954407,0.9669735267727688
0.9536535186655506,1.1353206188952236,0.9647309398413991
0.9770980125167309,0.7940122531674682,1.009917596437649
0.9729951916163468,0.9570360634658356,0.9699754488064913
0.9241194006968689,1.2317230669489674,0.9844404287591105
0.8491260853168259,0.995933486812218,0.975524504626022
1.304167093104674,0.9656843019417083,1.0525429026906694
1.1662304021658743,1.1150972839790572,1.0175395141635413
0.7877454035461131,1.0604413443424447,0.9960995631154614
0.6096904391321766,0.9151084651066452,0.9814087062753724
1.0198120233507488,0.8412590419530422,0.9937463670728217
1.229022411716325,0.9859425364773426,0.9681269984926922
1.1083935142522974,0.9860297780393387,0.9771438389127513
0.6941103779748612,1.038570289696819,1.0216304521335215
0.7536582726481686,1.0163497143017763,0.981439207183383
0.8523524807476335,1.0028260777157252,0.9877269467588405
1.1622079214735213,0.9101999567425794,1.0447651230922215
1.1316647286166277,0.9713058276950475,0.9806672726623994
0.8250583095569299,0.9232117016873809,1.0265247854850474
1.3117051481540116,0.9418580706808803,0.9718849620125559
0.8877422907020536,1.0339016123008946,1.0086258288721826
1.0947367620761987,0.9031689916550767,0.9886586845977471
1.1567804206925107,0.9467435056357422,1.0364875180693844
1.2073876465062947,0.9979071717021786,0.9679424882867803
0.606416433485778,0.9449201463975896,1.0291864100616201
0.8751721993872249,1.1230238933675734,0.9441328465253084
1.1028961674052122,1.127001436952897,0.9890459165471731
0.7998825139781429,0.9188777185632628,0.9435896429476894
0.8912931604386132,0.9880633322781642,1.0681286517156325
0.9756643089464961,1.1112020426573743,0.9913702734076092
0.9872650717713342,0.9928955757942665,1.0175276182311583
0.7436589756806815,0.9020195880542723,0.9729667360054884
0.6524366327750718,1.0752236946808733,1.006190760681347
1.0149290127796773,1.0475357941387178,0.9440497161350253
0.9297526838264595,1.092239488184448,0.9983901688374696
0.9272227292445118,1.067508319108431,0.9672387826059291
1.525949747887315,1.0444707998686213,1.0442360755961686
1.282418860376756,0.7237025812238439,1.0041028854772835
1.015496739629865,1.1376864324451192,1.0239152495726664
0.6601191739991217,0.9995822828564813,0.954042723723077
0.9837349171184036,0.9601606668699764,1.047477390296416
1.3991627566348475,0.9504597067512826,1.0393442329963787
0.9983654725266541,1.325326494253623,0.9841269224665781
1.2012355347603016,1.1515164009088834,0.9349122818055711
1.242973439596863,1.0935706610220284,1.00523161632274
0.9309810422636167,0.6791666287663156,1.0099854545902671
1.3239524677690229,0.9959871411431834,1.0084736984746583
1.1227594978842612,1.125426036459073,0.9700199676046773
0.984936747873279,0.909185557309666,1.0384408897111796
1.1679308941371347,0.9559573482296547,0.9622512847886552
0.8142202459046458,1.0693518113257534,1.0155569517553813
0.9583698782310812,0.7955571919359512,1.0116645602388692
1.3769948594320005,0.9398014193630542,0.9747822299451555
0.787189363619049,1.016601693335236,0.9594239844968785
0.9240395434596005,1.0997566081071515,0.9919601075199033
0.9475562055880312,1.0230541093105958,0.9403777813206338
1.1844572204301795,0.8576176822088166,0.9580630617497276
0.7972454452358974,0.8943146267834065,0.9797115907700986
1.2639212794750767,0.8295221086886526,1.008400970009703
1.0427537698846452,0.9774139774588468,0.9964322467053579
0.706864895483946,1.1495653678346003,0.9836298379684972
0.7999707856462399,1.2295469002063015,1.0267877175777544
1.2955530755939881,1.0380821938797224,0.9928395849801127
1.0906899536128472,1.0333866526015685,0.9874164852209623
1.5044692823222847,1.0832311387302993,0.9619508741116946
0.8978968290151399,1.0487269274266255,1.0195625955040792
1.0538354999946198,0.8320904809095223,1.0059565714591798
0.9287065108231608,0.975429137326188,0.9925199947261586
1.180584046202955,1.1308286734313673,1.0183758529198648
1.0563813353367126,1.050028518253591,0.9682392204083851
0.8153945233453004,0.8599347655330928,1.0364696557560957
1.1312765684065107,1.0637216773269138,1.0255598994527546
1.069408920027021,1.058574046755875,1.0094415260946399
0.7432391041529227,1.0560839784552984,0.9955951532495156
1.0102477542243118,1.1120467211294056,0.9502734947581027
0.8939247933610666,0.8337249765925424,1.060162249363116
1.1568191986289518,0.9706434864986812,0.9745219430973364
1.256017506091799,0.8597934509543389,0.9861606150289847
0.7642474229285634,0.8701524511964797,1.1075604362090212
1.3540041552497417,0.9885305542006957,1.0156381825010807
1.289406417507839,1.0682670573512498,1.0025620822766987
0.7391813912033685,1.0574715120431333,1.0140723557254823
0.7964454134426524,1.0066163297149262,1.0346975101484108
0.9947573760806034,0.8110066383083784,0.97116408474698
0.9197913821567187,1.062028205485959,0.9701970080975412
0.6187443844898779,0.9582228333680339,1.0381854115522664
1.020278439317707,1.0870442159410567,1.0083119452426021
0.8540759305672183,0.9502240862269877,1.0266421137094242
0.8867923343091011,0.9480471743058487,0.9241124923340669
0.9664434656875732,0.9657736965509609,0.9607688835272806
1.1201834152618306,0.9575301932595179,1.0275644682836071
0.916208823353521,0.9008821921739065,0.9907759096952825
1.115682608266394,0.909910615808519,0.9667346804872073
0.9511059550233848,0.9640368156966561,1.0412150326120926
0.9216821302212906,0.937409194621158,0.9619349395978404
0.8071705276633222,1.0076215045751595,1.0264686578457691
1.013244388042608,0.8488436816820719,1.0318134849531868
0.8536303876167678,1.0960416403383684,0.9987468237842064
1.3376571099891583,0.9476432273440839,0.963870793742239
1.0276453217254569,1.153386056235843,0.9813816565560699
0.6679329918321335,1.0262631797139972,0.9838213328939899
0.9948689344071466,1.0742930273481728,0.9746451704046802
1.0310942938647136,1.085471380484143,0.9597034153733897
1.5447194146117733,0.9090303495628922,1.0229912829362107
0.9020979327902815,0.9700514962930745,0.9696142488707937
0.9820438522702084,0.9419074463397701,1.0372036554199555
0.9308122210179788,1.0061231063067861,0.9526654377094959
0.8795323986972722,1.0461112728454454,1.0308766858675524
0.7336140457944167,1.0505675989697267,1.0477715739970896
0.8559364986693968,1.0182434561946723,0.9583029549615096
0.9729652662770244,1.1666607340563688,0.974087981847771
1.0197751607796157,1.0367629674414545,0.9766794458380191
1.1757889910782506,1.1692803087417512,0.9846228443610047
0.858758208916636,0.9184126933400767,1.0212635147358295
1.0021963789567723,0.9167057154386673,1.008049876828136
0.7051595503238518,0.9875136247276333,1.0234523699299716
0.8810323967862244,1.0278430089338522,1.0316164458051942
0.8966700766300225,0.8972948819526824,1.052462128090327
1.0899390153373412,0.9653152410791512,0.9873926030441375
1.1837183683760044,1.1497121319184531,0.9849041606075767
1.104266821255907,1.1456047775689786,0.9958085643731881
1.3018925615696433,0.9564602967082322,0.9680646884520049
0.7139502745888153,1.0677835185078601,1.056095684319336
1.0499669694865599,0.8852000874375707,1.027716529334072
1.0294009442646082,1.0233182402465129,1.017993918391973
0.9599874539725988,0.9398831397332217,1.027561405720366
1.2242300294372956,0.945548151223732,1.0521718520452639
1.323315179984785,0.9353247716702358,0.9817474502147571
0.7410941408721274,0.9434988155196968,0.9180731917743938
1.2825910244963175,1.063732305883089,0.9708179913891072
1.142665558927562,1.011083610397551,1.0315033286422597
0.8603524130573174,0.9200235872111994,0.9605249059614991
1.166419958470537,0.9502202270639645,1.0135236477823384
1.2378819334428108,0.9753312067103275,0.9566384274373144
1.2349448365064601,1.2155581416664223,1.0084480695599727
1.0827588268761712,1.3356759445363202,1.0221010709258445
1.1629968845426442,0.9705850016683273,0.970878470995653
1.0653867744867371,0.9061366580222792,1.0459940631948632
0.9814942708762213,1.1721262475786394,1.0615136961181817
0.7747397366974239,0.9204704241147666,1.0199445810557628
0.805377220385286,0.952628306820754,0.9485214965099539
0.9303460044351668,1.0417312669217145,1.0470198929537227
0.9271704558748952,0.9020854753750813,0.955312255219047
1.0082092236793487,1.0299525578684112,1.0134908855682763
0.9121357210440628,0.8835071548586468,0.990427677641646
0.8499928587422858,0.9268087320162559,1.014558470567198
1.1092214258233584,1.1110441987361759,0.988474503981506
1.0536330629420563,0.9749129783631593,1.0355543004071044
1.2143978125588393,1.0298350767347124,1.025074248622057
1.004360778134831,0.902867294747348,1.0123236656246852
0.9885417290604436,0.9448147787756528,1.0080039959069798
0.9098431535744572,1.001470785171913,0.9930257482444209
0.7479986551739285,1.1605992860507617,1.0468221969031617
0.877149756940287,1.070307733756002,1.0178385689138056
1.1044780575142306,1.0075444466181631,0.9884877650648413
1.0521892793388923,1.0221584761527782,0.9880121287018486
0.9347769027030689,1.0330018903212563,0.9959118794049387
1.0017293802640674,0.9048100188014807,1.045704484510279
0.8992732645995389,1.0431467536696257,0.9514570083606753
0.8185911746417762,0.9146391281695945,1.0282105537817905
1.2850840490531836,1.0615234911980478,1.0207911966744094
1.0606845213557103,1.0147129555175014,1.0111410198632684
1.0985671553209764,0.9242479077354185,0.9765278972131514
1.1406007509254739,0.9664686222205239,1.0206774454296201
1.4267379831574467,0.9793771032301788,1.0169785573020933
1.0863173052254234,0.9424606232873474,1.070505559389164
1.0444425972288147,0.9982954849950115,0.9352413163532609
0.8724898485428239,1.0577862642489024,0.9933122853109074
1.038963947371165,1.0164209095481898,0.9625716244794784
0.804548058443987,0.9322579081392246,0.9239824193561116
0.8536113669836468,1.1201243923086786,0.973375664279311
1.1259048870401802,0.9770356744785814,0.9718516102037387
0.634659929357989,1.0680954892340302,1.0291347044668002
1.1400343094238465,0.8896129698009883,1.0133161533607646
0.9086729616624339,1.0122715432166927,0.9857626209392558
0.8334185814807958,1.1243510936250196,0.9460229543656156
1.1623400754000532,0.9622579984169046,0.930194197774119
1.0149710754933192,0.8199078859226003,1.009129515815154
0.9684255772965299,0.9998789923684124,1.00283777161791
1.1923711638922083,1.0769150983004772,0.9776069507225124
1.3158760418727076,1.0976969838831088,0.9708265476711982
0.8026581160608677,1.0265917269871245,1.0284733724797863
1.095602870779221,0.9366220839543791,0.9528075623059024
1.0880159644832967,1.0209628399910353,1.037724955081581
1.1113648838798273,0.8616085505167633,1.033555104093138
1.0465339272236256,1.0978518814479024,1.0237211350643802
0.8321224293452576,0.8891703784411394,1.0232280262687417
0.9575168314545706,1.0935667068482033,0.9906048707515952
0.8543657480173644,0.9892836636287804,1.0758671166527232
1.0368662050631432,0.9308939191987288,1.0079769681448645
1.1478788754606104,0.983567633545058,1.0209998981806607
0.844638879814445,0.8104166374397662,0.9940813781816057
0.9069380404674876,1.071347886644719,1.0590022508666845
1.080934202257795,1.121958950161391,1.0383447169842748
1.13370681881369,0.9912728782467526,0.9729333139870683
1.0538007054331007,1.1680498095404233,1.0005487508420046
1.2673912103533127,1.1127762419399068,1.063611386820644
0.958350958173483,0.9991383129372227,0.9642109376111149
0.8587405207141112,1.0642236519431076,1.0120508728374302
0.8322796764163305,1.0254052022094036,1.0409021865030168
0.8039287837558515,0.9976841493736461,0.9668057045292172
0.4862578750441584,1.0673616485373936,0.9818762298495719
1.0176418816760346,0.996341508698104,0.9352144750132471
0.931493054317269,0.8872406801226674,0.9949874340253441
1.316587153040077,1.078214372389469,1.006081501065556
1.035591017925928,1.0195990551629692,1.04907258745163
0.9456479109070033,1.2341059250795303,0.9579589131013959
1.0686258082491369,0.8946626530003994,1.0114426055277874
1.0458930483676392,1.107750363624647,1.007879814902559
0.8566223588136124,1.0999106556593323,1.0491410925929072
1.1812715977865935,0.9274560417362061,1.0440097884957982
0.9748888673438492,1.20187831565744,1.0441701853614425
0.9304869195939506,1.0780195111092503,1.0276813456650822
0.9793701066370241,1.0063852458045628,0.9754523474835831
1.1320620821352336,0.8779972362265804,1.0221202588481353
1.2134646502469109,0.9102659533025642,0.9958941694003215
1.061929423523296,0.9186372770095804,0.9439117578438871
0.9977994150927944,1.0788913074841677,1.0098838571171138
0.9185894822948691,1.1171929771364153,0.9589751421647569
0.979238213299314,0.8391588932828311,1.0205941868951773
0.8908340726291912,1.1132168358208896,1.0316970694733278
1.1420010145393953,1.0499850450062571,0.9992865696620342
0.8170874157776208,0.9432566328667678,1.0209484883886253
1.0554545703555793,0.986447175917448,0.990937511522295
1.3421340187491224,1.0211781097542811,0.9932092530803933
0.8800402421408903,0.9618132851332917,0.9808101284834893
1.0126385490620804,1.0001463338043814,0.9947003972466172
0.8534622094198441,1.0128898716594072,0.9899251300709335
1.2121476169721075,1.0302573793431924,0.935174517920851
0.7835414794927973,1.0928994288264855,1.0184435362212219
1.2330382786515721,0.9938689885252799,0.9510539338506896
1.1537366701348462,1.0085013168878039,1.0129965890761292
1.2368206327321902,0.9572888274031089,1.0323698015866885
1.2131215972043372,1.0373453035210891,0.9988234755450298
1.0137610246481987,1.0145631987332444,1.0232306878126884
1.0134516206443032,1.0388595000664016,0.9749578689981185
0.9829600192051963,0.8921373829099926,1.0391957921377006
0.988276452474066,1.1282386400500013,0.9827256415539459
0.8326591156363574,0.8207851732304763,1.01472606686962
1.333811100544577,0.9522711473810104,1.0346533398397515
0.7192482346585563,1.1605209254924205,1.0157874661496369
1.0931060324663198,1.0197118351971546,1.0539968739274903
1.2308824338802484,1.0730821263937,0.9994102738976579
1.2404988276259745,0.9155134691333928,0.9916951014249261
1.0678438710304807,1.0672384440665237,1.0078061779697007
0.896167883682019,0.9767846330023682,0.9559067469645335
1.1518589424808119,1.0185359721199312,0.9578717129099218
1.2097798087352334,0.9383115995495008,1.010988065664951
0.8990966490785478,0.8227120356894135,0.9993978977711602
0.7719197840129589,1.0951232211875768,0.9887405686579243
1.3619954676656942,0.9961879643690343,0.9997566626164199
0.9580816771900718,1.0526653389252516,1.0146581791979727
0.8373171614476425,1.056270949498958,1.011121837357792
0.9301058300026426,1.01696346332402,0.967201955282726
0.8318344693533279,0.9996145234294072,0.8941241685718163
1.258540208310034,1.1491731838534684,0.9960219798609291
0.925296225541737,1.0633235646191859,0.9787892615495778
0.958467033980497,1.157940627985905,1.070478320386486
0.7815636583176314,1.0643309320826808,1.0458775764057375
0.8727596808049309,0.9208270974575845,1.0222786001875777
0.9606413783665506,0.8960217968490223,1.003911726461823
1.094781757025108,1.0698930243913314,1.0009182310573248
0.7881446668237205,1.0213514853645207,0.9795698666182712
0.8170978761065666,0.9662669963366706,1.0417506234479663
1.1623851262545957,0.9262394372189695,1.003468680656263
1.3244165573546938,0.8067436879798392,0.9743284453168014
0.9731392081531913,0.9714082473727139,1.0155984337546007
1.0320988922409104,0.9687639796676116,1.0187062185945421
1.1853407350756453,0.8670515074013676,1.0173595395509611
1.1859319879684842,1.022782151686949,1.0053964756608746
1.5923677572812662,0.8670370662728963,0.9959571431239778
0.5924222497925333,1.0936140309314848,1.0508409811961592
0.7463993269273876,0.9686578739064828,1.0034416861165876
1.2085915864379002,1.1053451675298906,1.0625499072183924
1.293520691908912,0.9032684479978045,0.9789766347500568
1.1204033711086394,1.0561848627811672,1.0176079261568634
1.6565978180793082,0.9664737181980375,0.9573943562804064
0.8991907115731217,0.9759157594045709,0.9976202266817472
1.231740835356414,0.9259093736865942,0.95880853163005
0.9987104017020474,0.8533008572464269,0.9339761432330178
1.1870382450190082,1.059139966245134,0.8982092924875967
0.9733963888972526,1.0179882384370893,1.0216097687020318
0.8535180946331817,1.0429347911395297,1.009232826801074
1.232451615404797,1.0768438229118453,1.0379635681625028
1.3921748271062293,0.9292394049423497,0.9833951558511013
0.7974038681282799,1.044050386245676,1.0442149440266861
1.1575920916973996,0.9788368351132077,1.0306240378453762
1.0115288135281768,0.9515732200223155,0.9787262238351538
0.9445469086433493,1.0088322815638302,0.8988422002443129
1.143205641983287,1.0241826354411945,1.032029897723514
0.911954363304604,0.9579229209704492,1.035825181012915
1.1098472665315533,0.9916656870552252,0.9973241612883214
0.8321182211608593,1.0169499123025119,1.004249320640439
1.0253146901362058,0.9354626936379805,1.0389506823930816
0.665951295017203,1.0155355724323414,1.0517325789442884
0.9203412830166242,1.0824553921678208,0.9714028037311504
0.7458785290602749,0.9380499413665992,0.9706857968959564
0.9007405516911731,1.1371550767489425,0.9952890162782282
1.1746214023541475,1.1822988999933226,1.0189110771340228
0.976173377972162,0.9975649609110819,1.004303296555569
1.243782048124477,0.8708585928353207,1.0595389745371735
1.2237756175490138,0.9915048143204733,1.0043333989263166
1.4166206145096045,0.9869583614095322,1.0228882994564674
1.3598893347430767,0.8361135341866137,1.0361700610044553
0.8227931649869735,1.0535309693610095,0.9551661683654507
1.2599626797065202,1.139693479404933,0.9354885607014801
0.8351619499042685,1.0052890357541007,1.0086341485713366
1.0696858132987375,0.9740377109637348,0.995681714987194
0.779290998759551,1.0907040514374087,0.9468946382086401
1.0225394264214684,1.0187675639903773,0.9919852641992284
0.9485648228193366,0.9546439057780702,1.0140067580126841
0.7138120586953689,1.0251290974060683,0.9559732684378441
0.9998547896215407,1.0032742215377854,0.9952723907581751
0.8629420855744261,1.0758887375275217,1.0063993270495006
0.8985462904514467,0.9691651020748854,1.0800780236961247
0.7635260306414893,1.079292640268366,1.0416221184561094
0.9122915238576752,0.9805841599105907,0.983732736541913
0.7931476903515354,1.0371549618019482,0.9816464916341235
0.6662036388216916,1.0309289618109947,0.9294066166072397
1.0679853863866742,1.061008822443982,0.967059853919153
1.33622855101052,1.049215415640678,0.9857622896138597
0.8555349944178825,0.9238174916300101,1.051498504311825
0.9339283698856425,0.9759416182743543,0.9536599304222605
0.7023474378938448,1.1224306774651032,0.9959465570613392
1.0260098653704381,0.864409037754134,1.0217286966945751
1.3952066217755357,1.0110685393481358,1.0229334152567766
0.8443888944810587,1.0954395783069888,1.0526171604067738
0.7878969772819837,0.9787432916809221,1.0272549439836791
1.0370713667299225,1.020706176006926,0.9986315729359241
1.0231651168621512,1.0133388560978451,1.0877216534122844
1.1044823554676004,1.0975173837949237,0.9990010468851525
1.1899750886081835,1.002798923247748,1.073755421485783
1.0585668972230384,1.031060932550246,0.9020014266377935
1.0572339340845263,0.9866198243106511,0.976930848958876
0.7659799662019682,1.1337659666247903,0.9664553313347097
0.9430276449759306,1.0490748676010966,0.9859446303595957
1.0578692922139785,0.8491156854618853,1.0124536612861565
0.8308517138086124,1.0269671313493103,0.996289000987724
1.1987412221264817,1.0068608213653452,0.9715176718966876
0.9512637715149875,1.0246365436351752,1.050393823646118
0.8913346740802331,1.05535488774237,1.020396206540856
1.2816739826463603,1.0627342408847482,1.0545083440012257
1.0493820859435918,1.1186121567481473,0.9910683807475512
0.823141170837778,0.7615460064675227,1.0172691127272018
