Population_N,Log10_N,Trial_ID,Final_Magnetization
10.0,1,1,-0.4
10.0,1,2,0.2
10.0,1,3,0.2
10.0,1,4,0.0
10.0,1,5,0.6
10.0,1,6,-0.2
10.0,1,7,0.8
10.0,1,8,0.0
10.0,1,9,-0.4
10.0,1,10,-0.2
10.0,1,11,-0.2
10.0,1,12,-0.6
10.0,1,13,0.2
10.0,1,14,-0.8
10.0,1,15,0.2
10.0,1,16,-0.2
10.0,1,17,0.4
10.0,1,18,0.4
10.0,1,19,0.0
10.0,1,20,0.8
10.0,1,21,0.4
10.0,1,22,0.4
10.0,1,23,0.2
10.0,1,24,0.2
10.0,1,25,0.2
10.0,1,26,-0.2
10.0,1,27,0.6
10.0,1,28,-0.2
10.0,1,29,-0.2
10.0,1,30,0.2
10.0,1,31,1.0
10.0,1,32,-0.8
10.0,1,33,-0.6
10.0,1,34,-0.2
10.0,1,35,-0.4
10.0,1,36,0.4
10.0,1,37,0.4
10.0,1,38,0.6
10.0,1,39,-0.4
10.0,1,40,-0.6
10.0,1,41,0.6
10.0,1,42,-0.8
10.0,1,43,-0.2
10.0,1,44,0.0
10.0,1,45,0.4
10.0,1,46,0.6
10.0,1,47,-1.0
10.0,1,48,-0.4
10.0,1,49,0.0
10.0,1,50,0.8
10.0,1,51,-0.4
10.0,1,52,0.4
10.0,1,53,0.4
10.0,1,54,0.6
10.0,1,55,0.2
10.0,1,56,0.0
10.0,1,57,0.2
10.0,1,58,0.6
10.0,1,59,-0.8
10.0,1,60,0.6
10.0,1,61,0.6
10.0,1,62,-0.8
10.0,1,63,0.2
10.0,1,64,0.0
10.0,1,65,-0.4
10.0,1,66,-0.8
10.0,1,67,0.6
10.0,1,68,0.2
10.0,1,69,0.0
10.0,1,70,-0.6
10.0,1,71,1.0
10.0,1,72,0.6
10.0,1,73,0.2
10.0,1,74,-0.4
10.0,1,75,-0.6
10.0,1,76,0.0
10.0,1,77,0.6
10.0,1,78,-0.8
10.0,1,79,0.0
10.0,1,80,-0.2
10.0,1,81,-0.2
10.0,1,82,0.8
10.0,1,83,0.2
10.0,1,84,0.6
10.0,1,85,0.4
10.0,1,86,0.4
10.0,1,87,0.0
10.0,1,88,0.2
10.0,1,89,-0.2
10.0,1,90,0.0
10.0,1,91,0.6
10.0,1,92,-0.4
10.0,1,93,1.0
10.0,1,94,0.4
10.0,1,95,-0.8
10.0,1,96,0.2
10.0,1,97,0.0
10.0,1,98,0.0
10.0,1,99,0.0
10.0,1,100,-0.2
10.0,1,101,0.4
10.0,1,102,0.0
10.0,1,103,0.0
10.0,1,104,-0.4
10.0,1,105,0.4
10.0,1,106,0.0
10.0,1,107,0.4
10.0,1,108,-1.0
10.0,1,109,0.2
10.0,1,110,0.2
10.0,1,111,0.4
10.0,1,112,0.2
10.0,1,113,0.6
10.0,1,114,-0.6
10.0,1,115,0.2
10.0,1,116,-0.2
10.0,1,117,0.6
10.0,1,118,0.4
10.0,1,119,0.4
10.0,1,120,0.4
10.0,1,121,0.4
10.0,1,122,-0.2
10.0,1,123,-0.8
10.0,1,124,0.8
10.0,1,125,-0.8
10.0,1,126,0.0
10.0,1,127,-0.6
10.0,1,128,-0.2
10.0,1,129,-0.4
10.0,1,130,0.0
10.0,1,131,0.0
10.0,1,132,-0.4
10.0,1,133,0.6
10.0,1,134,0.2
10.0,1,135,0.4
10.0,1,136,0.4
10.0,1,137,0.6
10.0,1,138,0.4
10.0,1,139,0.2
10.0,1,140,-1.0
10.0,1,141,-0.6
10.0,1,142,-0.2
10.0,1,143,-0.6
10.0,1,144,-0.2
10.0,1,145,-0.8
10.0,1,146,0.6
10.0,1,147,0.2
10.0,1,148,0.0
10.0,1,149,-0.4
10.0,1,150,-0.8
10.0,1,151,0.4
10.0,1,152,0.0
10.0,1,153,0.0
10.0,1,154,-0.8
10.0,1,155,-0.4
10.0,1,156,-0.4
10.0,1,157,0.4
10.0,1,158,0.2
10.0,1,159,0.0
10.0,1,160,0.4
10.0,1,161,0.2
10.0,1,162,-0.2
10.0,1,163,0.2
10.0,1,164,0.2
10.0,1,165,-1.0
10.0,1,166,-0.8
10.0,1,167,0.6
10.0,1,168,-0.2
10.0,1,169,0.0
10.0,1,170,0.2
10.0,1,171,0.8
10.0,1,172,-0.6
10.0,1,173,0.6
10.0,1,174,-0.6
10.0,1,175,0.0
10.0,1,176,0.4
10.0,1,177,-0.2
10.0,1,178,0.2
10.0,1,179,0.6
10.0,1,180,0.6
10.0,1,181,0.6
10.0,1,182,-0.2
10.0,1,183,-0.2
10.0,1,184,-0.4
10.0,1,185,0.2
10.0,1,186,-0.2
10.0,1,187,0.6
10.0,1,188,0.2
10.0,1,189,0.4
10.0,1,190,0.0
10.0,1,191,0.0
10.0,1,192,0.0
10.0,1,193,0.0
10.0,1,194,0.2
10.0,1,195,0.6
10.0,1,196,-0.4
10.0,1,197,0.2
10.0,1,198,-0.4
10.0,1,199,-0.2
10.0,1,200,0.6
10.0,1,201,0.4
10.0,1,202,0.6
10.0,1,203,0.4
10.0,1,204,-0.4
10.0,1,205,0.2
10.0,1,206,-0.2
10.0,1,207,0.4
10.0,1,208,0.2
10.0,1,209,0.2
10.0,1,210,0.6
10.0,1,211,-0.6
10.0,1,212,-0.2
10.0,1,213,-0.2
10.0,1,214,0.2
10.0,1,215,0.2
10.0,1,216,0.2
10.0,1,217,-0.4
10.0,1,218,0.6
10.0,1,219,0.0
10.0,1,220,0.2
10.0,1,221,0.2
10.0,1,222,0.4
10.0,1,223,0.6
10.0,1,224,0.8
10.0,1,225,-0.4
10.0,1,226,-0.8
10.0,1,227,0.4
10.0,1,228,0.6
10.0,1,229,0.4
10.0,1,230,0.0
10.0,1,231,0.6
10.0,1,232,0.6
10.0,1,233,-0.6
10.0,1,234,0.0
10.0,1,235,-0.2
10.0,1,236,-0.4
10.0,1,237,0.8
10.0,1,238,0.0
10.0,1,239,0.6
10.0,1,240,-0.6
10.0,1,241,-0.8
10.0,1,242,-0.4
10.0,1,243,-0.4
10.0,1,244,-0.8
10.0,1,245,0.4
10.0,1,246,0.4
10.0,1,247,0.6
10.0,1,248,0.2
10.0,1,249,0.2
10.0,1,250,0.2
10.0,1,251,-0.2
10.0,1,252,-0.6
10.0,1,253,-0.2
10.0,1,254,-0.4
10.0,1,255,0.2
10.0,1,256,0.4
10.0,1,257,-1.0
10.0,1,258,-0.8
10.0,1,259,0.6
10.0,1,260,-0.6
10.0,1,261,0.4
10.0,1,262,-0.4
10.0,1,263,0.6
10.0,1,264,0.2
10.0,1,265,0.0
10.0,1,266,-0.4
10.0,1,267,-0.4
10.0,1,268,0.0
10.0,1,269,0.6
10.0,1,270,0.2
10.0,1,271,0.6
10.0,1,272,0.0
10.0,1,273,0.4
10.0,1,274,0.4
10.0,1,275,0.6
10.0,1,276,0.4
10.0,1,277,1.0
10.0,1,278,-0.6
10.0,1,279,0.2
10.0,1,280,0.6
10.0,1,281,-0.4
10.0,1,282,-0.6
10.0,1,283,-0.8
10.0,1,284,-0.6
10.0,1,285,-0.6
10.0,1,286,0.2
10.0,1,287,0.4
10.0,1,288,0.6
10.0,1,289,-0.6
10.0,1,290,0.2
10.0,1,291,0.2
10.0,1,292,0.0
10.0,1,293,0.2
10.0,1,294,0.0
10.0,1,295,1.0
10.0,1,296,0.0
10.0,1,297,-0.4
10.0,1,298,-0.2
10.0,1,299,0.6
10.0,1,300,-0.6
10.0,1,301,-0.6
10.0,1,302,-0.2
10.0,1,303,0.2
10.0,1,304,0.2
10.0,1,305,0.4
10.0,1,306,-0.6
10.0,1,307,0.6
10.0,1,308,0.2
10.0,1,309,-0.6
10.0,1,310,0.8
10.0,1,311,0.6
10.0,1,312,0.2
10.0,1,313,0.4
10.0,1,314,0.4
10.0,1,315,0.2
10.0,1,316,0.4
10.0,1,317,0.6
10.0,1,318,0.4
10.0,1,319,0.8
10.0,1,320,0.0
10.0,1,321,0.2
10.0,1,322,0.0
10.0,1,323,0.4
10.0,1,324,-0.2
10.0,1,325,0.2
10.0,1,326,0.8
10.0,1,327,0.8
10.0,1,328,-0.4
10.0,1,329,0.8
10.0,1,330,-0.4
10.0,1,331,-0.4
10.0,1,332,-0.6
10.0,1,333,0.6
10.0,1,334,-0.4
10.0,1,335,-1.0
10.0,1,336,0.4
10.0,1,337,0.6
10.0,1,338,-0.2
10.0,1,339,0.6
10.0,1,340,-0.4
10.0,1,341,0.2
10.0,1,342,0.2
10.0,1,343,0.2
10.0,1,344,0.2
10.0,1,345,0.6
10.0,1,346,-0.6
10.0,1,347,-0.2
10.0,1,348,0.8
10.0,1,349,-0.6
10.0,1,350,0.6
10.0,1,351,0.8
10.0,1,352,0.2
10.0,1,353,-0.4
10.0,1,354,-0.6
10.0,1,355,0.4
10.0,1,356,0.4
10.0,1,357,0.2
10.0,1,358,0.2
10.0,1,359,0.6
10.0,1,360,0.0
10.0,1,361,0.0
10.0,1,362,0.6
10.0,1,363,0.0
10.0,1,364,0.4
10.0,1,365,0.6
10.0,1,366,-0.6
10.0,1,367,0.2
10.0,1,368,0.0
10.0,1,369,0.4
10.0,1,370,0.0
10.0,1,371,0.8
10.0,1,372,-0.4
10.0,1,373,-0.6
10.0,1,374,-0.4
10.0,1,375,-0.4
10.0,1,376,0.4
10.0,1,377,0.4
10.0,1,378,0.4
10.0,1,379,0.6
10.0,1,380,0.2
10.0,1,381,0.4
10.0,1,382,-0.6
10.0,1,383,-0.6
10.0,1,384,0.4
10.0,1,385,-0.8
10.0,1,386,-0.2
10.0,1,387,0.8
10.0,1,388,0.4
10.0,1,389,-0.2
10.0,1,390,-0.2
10.0,1,391,0.2
10.0,1,392,-0.4
10.0,1,393,1.0
10.0,1,394,-0.2
10.0,1,395,-0.4
10.0,1,396,-0.6
10.0,1,397,0.8
10.0,1,398,0.2
10.0,1,399,0.0
10.0,1,400,0.2
10.0,1,401,-0.4
10.0,1,402,0.4
10.0,1,403,-0.4
10.0,1,404,0.6
10.0,1,405,-0.2
10.0,1,406,0.6
10.0,1,407,0.6
10.0,1,408,0.6
10.0,1,409,-0.2
10.0,1,410,0.2
10.0,1,411,0.0
10.0,1,412,0.4
10.0,1,413,-0.2
10.0,1,414,-0.4
10.0,1,415,0.8
10.0,1,416,-0.2
10.0,1,417,0.2
10.0,1,418,-0.4
10.0,1,419,0.2
10.0,1,420,0.2
10.0,1,421,-0.8
10.0,1,422,0.8
10.0,1,423,0.2
10.0,1,424,0.2
10.0,1,425,-0.2
10.0,1,426,0.2
10.0,1,427,-0.2
10.0,1,428,0.0
10.0,1,429,0.4
10.0,1,430,-0.8
10.0,1,431,0.4
10.0,1,432,0.6
10.0,1,433,0.6
10.0,1,434,-0.2
10.0,1,435,0.4
10.0,1,436,0.0
10.0,1,437,1.0
10.0,1,438,0.6
10.0,1,439,0.0
10.0,1,440,0.6
10.0,1,441,-0.2
10.0,1,442,-0.4
10.0,1,443,0.8
10.0,1,444,0.2
10.0,1,445,-0.4
10.0,1,446,0.6
10.0,1,447,0.6
10.0,1,448,0.2
10.0,1,449,0.6
10.0,1,450,1.0
10.0,1,451,0.4
10.0,1,452,0.0
10.0,1,453,0.0
10.0,1,454,0.0
10.0,1,455,0.4
10.0,1,456,0.4
10.0,1,457,-0.6
10.0,1,458,-0.6
10.0,1,459,-0.4
10.0,1,460,0.4
10.0,1,461,0.4
10.0,1,462,0.4
10.0,1,463,-0.2
10.0,1,464,0.0
10.0,1,465,0.6
10.0,1,466,-0.2
10.0,1,467,0.2
10.0,1,468,-0.6
10.0,1,469,0.0
10.0,1,470,0.4
10.0,1,471,0.6
10.0,1,472,-0.4
10.0,1,473,1.0
10.0,1,474,0.2
10.0,1,475,0.8
10.0,1,476,-0.8
10.0,1,477,-0.6
10.0,1,478,0.6
10.0,1,479,-0.2
10.0,1,480,0.0
10.0,1,481,-0.8
10.0,1,482,-0.4
10.0,1,483,0.2
10.0,1,484,-0.2
10.0,1,485,-0.4
10.0,1,486,0.8
10.0,1,487,-0.4
10.0,1,488,0.2
10.0,1,489,0.0
10.0,1,490,0.2
10.0,1,491,0.8
10.0,1,492,0.8
10.0,1,493,0.6
10.0,1,494,0.8
10.0,1,495,0.8
10.0,1,496,0.6
10.0,1,497,0.4
10.0,1,498,0.2
10.0,1,499,-1.0
10.0,1,500,0.6
100.0,2,1,0.16
100.0,2,2,0.3
100.0,2,3,0.0
100.0,2,4,0.0
100.0,2,5,0.0
100.0,2,6,0.2
100.0,2,7,0.5
100.0,2,8,0.12
100.0,2,9,0.02
100.0,2,10,-0.02
100.0,2,11,0.42
100.0,2,12,0.04
100.0,2,13,0.0
100.0,2,14,0.16
100.0,2,15,0.04
100.0,2,16,0.12
100.0,2,17,0.32
100.0,2,18,0.16
100.0,2,19,0.1
100.0,2,20,-0.1
100.0,2,21,0.3
100.0,2,22,0.22
100.0,2,23,0.1
100.0,2,24,0.26
100.0,2,25,-0.04
100.0,2,26,0.0
100.0,2,27,0.22
100.0,2,28,0.08
100.0,2,29,0.16
100.0,2,30,0.18
100.0,2,31,0.12
100.0,2,32,-0.18
100.0,2,33,0.02
100.0,2,34,-0.02
100.0,2,35,-0.16
100.0,2,36,0.06
100.0,2,37,-0.22
100.0,2,38,0.14
100.0,2,39,0.08
100.0,2,40,0.04
100.0,2,41,-0.2
100.0,2,42,-0.06
100.0,2,43,0.06
100.0,2,44,-0.02
100.0,2,45,-0.14
100.0,2,46,0.42
100.0,2,47,0.24
100.0,2,48,0.32
100.0,2,49,-0.06
100.0,2,50,-0.12
100.0,2,51,0.38
100.0,2,52,0.02
100.0,2,53,0.34
100.0,2,54,-0.08
100.0,2,55,0.16
100.0,2,56,0.08
100.0,2,57,0.02
100.0,2,58,0.0
100.0,2,59,0.1
100.0,2,60,0.12
100.0,2,61,0.18
100.0,2,62,0.46
100.0,2,63,0.12
100.0,2,64,-0.06
100.0,2,65,0.24
100.0,2,66,-0.12
100.0,2,67,-0.08
100.0,2,68,-0.04
100.0,2,69,-0.1
100.0,2,70,-0.08
100.0,2,71,-0.04
100.0,2,72,0.32
100.0,2,73,-0.02
100.0,2,74,0.14
100.0,2,75,0.28
100.0,2,76,-0.08
100.0,2,77,0.14
100.0,2,78,0.16
100.0,2,79,0.32
100.0,2,80,0.16
100.0,2,81,0.3
100.0,2,82,-0.02
100.0,2,83,-0.04
100.0,2,84,-0.04
100.0,2,85,0.24
100.0,2,86,0.18
100.0,2,87,0.1
100.0,2,88,0.2
100.0,2,89,0.2
100.0,2,90,0.24
100.0,2,91,0.36
100.0,2,92,0.04
100.0,2,93,-0.06
100.0,2,94,0.22
100.0,2,95,0.46
100.0,2,96,-0.06
100.0,2,97,0.1
100.0,2,98,0.38
100.0,2,99,0.04
100.0,2,100,0.2
100.0,2,101,0.02
100.0,2,102,0.46
100.0,2,103,0.02
100.0,2,104,0.36
100.0,2,105,-0.08
100.0,2,106,-0.04
100.0,2,107,0.0
100.0,2,108,0.34
100.0,2,109,0.04
100.0,2,110,-0.2
100.0,2,111,0.06
100.0,2,112,0.2
100.0,2,113,0.04
100.0,2,114,0.04
100.0,2,115,0.06
100.0,2,116,0.04
100.0,2,117,-0.04
100.0,2,118,-0.06
100.0,2,119,0.08
100.0,2,120,-0.08
100.0,2,121,0.12
100.0,2,122,0.02
100.0,2,123,0.2
100.0,2,124,0.08
100.0,2,125,0.22
100.0,2,126,0.18
100.0,2,127,0.12
100.0,2,128,0.06
100.0,2,129,-0.08
100.0,2,130,0.36
100.0,2,131,0.22
100.0,2,132,0.24
100.0,2,133,0.02
100.0,2,134,0.32
100.0,2,135,0.14
100.0,2,136,0.14
100.0,2,137,0.04
100.0,2,138,0.26
100.0,2,139,0.28
100.0,2,140,0.14
100.0,2,141,0.02
100.0,2,142,0.08
100.0,2,143,0.16
100.0,2,144,0.08
100.0,2,145,0.02
100.0,2,146,0.16
100.0,2,147,0.4
100.0,2,148,-0.16
100.0,2,149,-0.22
100.0,2,150,0.24
100.0,2,151,-0.14
100.0,2,152,-0.12
100.0,2,153,-0.04
100.0,2,154,0.2
100.0,2,155,0.14
100.0,2,156,0.14
100.0,2,157,-0.02
100.0,2,158,-0.12
100.0,2,159,-0.02
100.0,2,160,0.06
100.0,2,161,0.5
100.0,2,162,0.06
100.0,2,163,-0.1
100.0,2,164,0.06
100.0,2,165,-0.06
100.0,2,166,0.1
100.0,2,167,-0.02
100.0,2,168,0.18
100.0,2,169,-0.1
100.0,2,170,-0.26
100.0,2,171,-0.04
100.0,2,172,0.08
100.0,2,173,-0.14
100.0,2,174,-0.02
100.0,2,175,0.16
100.0,2,176,-0.06
100.0,2,177,-0.08
100.0,2,178,-0.06
100.0,2,179,0.16
100.0,2,180,0.08
100.0,2,181,0.06
100.0,2,182,0.14
100.0,2,183,0.12
100.0,2,184,0.2
100.0,2,185,0.2
100.0,2,186,0.14
100.0,2,187,0.04
100.0,2,188,0.2
100.0,2,189,0.06
100.0,2,190,0.04
100.0,2,191,0.22
100.0,2,192,-0.04
100.0,2,193,0.0
100.0,2,194,0.26
100.0,2,195,0.08
100.0,2,196,-0.06
100.0,2,197,0.12
100.0,2,198,0.08
100.0,2,199,0.22
100.0,2,200,0.08
100.0,2,201,0.38
100.0,2,202,0.4
100.0,2,203,-0.02
100.0,2,204,0.12
100.0,2,205,0.18
100.0,2,206,0.26
100.0,2,207,-0.06
100.0,2,208,0.26
100.0,2,209,0.04
100.0,2,210,0.24
100.0,2,211,0.14
100.0,2,212,0.26
100.0,2,213,0.18
100.0,2,214,-0.02
100.0,2,215,-0.24
100.0,2,216,-0.16
100.0,2,217,-0.12
100.0,2,218,0.12
100.0,2,219,-0.08
100.0,2,220,0.14
100.0,2,221,-0.12
100.0,2,222,0.08
100.0,2,223,0.18
100.0,2,224,0.24
100.0,2,225,-0.32
100.0,2,226,0.1
100.0,2,227,0.2
100.0,2,228,-0.08
100.0,2,229,0.18
100.0,2,230,0.22
100.0,2,231,-0.12
100.0,2,232,-0.18
100.0,2,233,0.3
100.0,2,234,0.2
100.0,2,235,0.08
100.0,2,236,-0.1
100.0,2,237,0.0
100.0,2,238,-0.06
100.0,2,239,-0.14
100.0,2,240,-0.16
100.0,2,241,-0.02
100.0,2,242,-0.02
100.0,2,243,-0.08
100.0,2,244,-0.16
100.0,2,245,0.1
100.0,2,246,0.26
100.0,2,247,0.28
100.0,2,248,-0.1
100.0,2,249,-0.16
100.0,2,250,0.18
100.0,2,251,0.2
100.0,2,252,-0.16
100.0,2,253,0.48
100.0,2,254,0.14
100.0,2,255,-0.02
100.0,2,256,0.14
100.0,2,257,-0.08
100.0,2,258,0.14
100.0,2,259,0.2
100.0,2,260,0.5
100.0,2,261,0.04
100.0,2,262,0.0
100.0,2,263,0.14
100.0,2,264,-0.1
100.0,2,265,0.36
100.0,2,266,0.0
100.0,2,267,0.1
100.0,2,268,0.28
100.0,2,269,0.0
100.0,2,270,0.24
100.0,2,271,0.28
100.0,2,272,0.12
100.0,2,273,0.06
100.0,2,274,-0.06
100.0,2,275,0.16
100.0,2,276,0.14
100.0,2,277,0.0
100.0,2,278,0.1
100.0,2,279,0.22
100.0,2,280,0.04
100.0,2,281,0.04
100.0,2,282,0.26
100.0,2,283,0.22
100.0,2,284,0.18
100.0,2,285,0.3
100.0,2,286,0.28
100.0,2,287,0.24
100.0,2,288,0.0
100.0,2,289,0.06
100.0,2,290,0.18
100.0,2,291,0.08
100.0,2,292,0.08
100.0,2,293,0.46
100.0,2,294,0.06
100.0,2,295,0.14
100.0,2,296,-0.24
100.0,2,297,0.12
100.0,2,298,0.18
100.0,2,299,0.1
100.0,2,300,0.12
100.0,2,301,-0.32
100.0,2,302,0.04
100.0,2,303,-0.04
100.0,2,304,-0.2
100.0,2,305,0.02
100.0,2,306,0.16
100.0,2,307,-0.12
100.0,2,308,0.08
100.0,2,309,0.02
100.0,2,310,-0.24
100.0,2,311,0.06
100.0,2,312,0.24
100.0,2,313,0.36
100.0,2,314,0.12
100.0,2,315,0.02
100.0,2,316,0.22
100.0,2,317,0.18
100.0,2,318,0.42
100.0,2,319,-0.08
100.0,2,320,0.32
100.0,2,321,0.26
100.0,2,322,0.16
100.0,2,323,0.08
100.0,2,324,-0.04
100.0,2,325,0.24
100.0,2,326,0.02
100.0,2,327,0.18
100.0,2,328,0.06
100.0,2,329,-0.48
100.0,2,330,0.04
100.0,2,331,0.4
100.0,2,332,0.08
100.0,2,333,0.26
100.0,2,334,0.32
100.0,2,335,-0.1
100.0,2,336,-0.14
100.0,2,337,0.16
100.0,2,338,0.28
100.0,2,339,-0.06
100.0,2,340,-0.04
100.0,2,341,0.18
100.0,2,342,0.22
100.0,2,343,0.18
100.0,2,344,-0.04
100.0,2,345,0.06
100.0,2,346,-0.04
100.0,2,347,0.28
100.0,2,348,0.28
100.0,2,349,0.14
100.0,2,350,0.24
100.0,2,351,0.2
100.0,2,352,0.1
100.0,2,353,-0.22
100.0,2,354,-0.26
100.0,2,355,-0.18
100.0,2,356,0.16
100.0,2,357,0.26
100.0,2,358,0.12
100.0,2,359,-0.16
100.0,2,360,0.1
100.0,2,361,0.1
100.0,2,362,-0.06
100.0,2,363,0.18
100.0,2,364,-0.16
100.0,2,365,0.04
100.0,2,366,-0.14
100.0,2,367,-0.06
100.0,2,368,0.04
100.0,2,369,0.34
100.0,2,370,0.04
100.0,2,371,-0.08
100.0,2,372,0.4
100.0,2,373,-0.16
100.0,2,374,0.24
100.0,2,375,0.06
100.0,2,376,0.14
100.0,2,377,0.08
100.0,2,378,0.28
100.0,2,379,0.1
100.0,2,380,0.12
100.0,2,381,-0.18
100.0,2,382,-0.04
100.0,2,383,0.12
100.0,2,384,-0.24
100.0,2,385,0.16
100.0,2,386,0.32
100.0,2,387,0.22
100.0,2,388,-0.28
100.0,2,389,-0.14
100.0,2,390,0.34
100.0,2,391,0.04
100.0,2,392,-0.08
100.0,2,393,0.2
100.0,2,394,-0.32
100.0,2,395,-0.04
100.0,2,396,0.02
100.0,2,397,0.1
100.0,2,398,0.3
100.0,2,399,0.2
100.0,2,400,-0.22
100.0,2,401,0.38
100.0,2,402,0.0
100.0,2,403,-0.04
100.0,2,404,0.14
100.0,2,405,0.06
100.0,2,406,0.22
100.0,2,407,-0.16
100.0,2,408,-0.08
100.0,2,409,0.16
100.0,2,410,-0.08
100.0,2,411,-0.14
100.0,2,412,0.02
100.0,2,413,-0.04
100.0,2,414,-0.02
100.0,2,415,0.08
100.0,2,416,0.22
100.0,2,417,-0.06
100.0,2,418,0.3
100.0,2,419,0.16
100.0,2,420,0.1
100.0,2,421,0.14
100.0,2,422,0.26
100.0,2,423,-0.06
100.0,2,424,-0.1
100.0,2,425,0.02
100.0,2,426,0.26
100.0,2,427,0.18
100.0,2,428,0.48
100.0,2,429,0.0
100.0,2,430,0.32
100.0,2,431,0.38
100.0,2,432,0.24
100.0,2,433,0.1
100.0,2,434,0.16
100.0,2,435,0.54
100.0,2,436,0.28
100.0,2,437,0.12
100.0,2,438,0.3
100.0,2,439,0.02
100.0,2,440,0.3
100.0,2,441,-0.16
100.0,2,442,-0.16
100.0,2,443,-0.08
100.0,2,444,0.24
100.0,2,445,-0.16
100.0,2,446,0.1
100.0,2,447,-0.1
100.0,2,448,0.18
100.0,2,449,0.18
100.0,2,450,0.22
100.0,2,451,0.22
100.0,2,452,0.14
100.0,2,453,0.04
100.0,2,454,0.14
100.0,2,455,0.2
100.0,2,456,0.16
100.0,2,457,-0.1
100.0,2,458,0.36
100.0,2,459,0.44
100.0,2,460,0.2
100.0,2,461,0.1
100.0,2,462,0.24
100.0,2,463,0.2
100.0,2,464,0.04
100.0,2,465,0.52
100.0,2,466,0.12
100.0,2,467,0.04
100.0,2,468,-0.18
100.0,2,469,0.26
100.0,2,470,0.2
100.0,2,471,0.34
100.0,2,472,0.02
100.0,2,473,0.08
100.0,2,474,0.16
100.0,2,475,0.16
100.0,2,476,0.1
100.0,2,477,0.16
100.0,2,478,-0.2
100.0,2,479,0.12
100.0,2,480,0.18
100.0,2,481,-0.24
100.0,2,482,0.26
100.0,2,483,0.08
100.0,2,484,-0.02
100.0,2,485,0.26
100.0,2,486,0.18
100.0,2,487,0.02
100.0,2,488,0.34
100.0,2,489,-0.04
100.0,2,490,0.14
100.0,2,491,-0.18
100.0,2,492,-0.18
100.0,2,493,0.06
100.0,2,494,0.28
100.0,2,495,0.34
100.0,2,496,0.02
100.0,2,497,-0.08
100.0,2,498,0.1
100.0,2,499,0.12
100.0,2,500,0.08
1000.0,3,1,0.074
1000.0,3,2,-0.058
1000.0,3,3,0.084
1000.0,3,4,0.12
1000.0,3,5,0.074
1000.0,3,6,0.03
1000.0,3,7,-0.006
1000.0,3,8,0.142
1000.0,3,9,0.078
1000.0,3,10,0.14
1000.0,3,11,0.068
1000.0,3,12,0.12
1000.0,3,13,0.144
1000.0,3,14,0.166
1000.0,3,15,0.08
1000.0,3,16,-0.006
1000.0,3,17,0.068
1000.0,3,18,0.126
1000.0,3,19,0.11
1000.0,3,20,0.136
1000.0,3,21,0.066
1000.0,3,22,0.082
1000.0,3,23,0.102
1000.0,3,24,0.094
1000.0,3,25,0.094
1000.0,3,26,0.028
1000.0,3,27,0.116
1000.0,3,28,0.1
1000.0,3,29,-0.004
1000.0,3,30,0.204
1000.0,3,31,0.188
1000.0,3,32,0.1
1000.0,3,33,0.184
1000.0,3,34,0.092
1000.0,3,35,0.086
1000.0,3,36,0.014
1000.0,3,37,0.104
1000.0,3,38,0.096
1000.0,3,39,0.04
1000.0,3,40,0.132
1000.0,3,41,0.034
1000.0,3,42,0.18
1000.0,3,43,0.146
1000.0,3,44,0.032
1000.0,3,45,0.152
1000.0,3,46,0.054
1000.0,3,47,0.072
1000.0,3,48,0.092
1000.0,3,49,0.042
1000.0,3,50,0.048
1000.0,3,51,0.116
1000.0,3,52,0.148
1000.0,3,53,0.152
1000.0,3,54,0.098
1000.0,3,55,0.056
1000.0,3,56,0.044
1000.0,3,57,0.156
1000.0,3,58,0.164
1000.0,3,59,0.104
1000.0,3,60,0.062
1000.0,3,61,0.112
1000.0,3,62,0.17
1000.0,3,63,0.18
1000.0,3,64,0.106
1000.0,3,65,0.078
1000.0,3,66,0.206
1000.0,3,67,0.06
1000.0,3,68,0.086
1000.0,3,69,0.16
1000.0,3,70,0.02
1000.0,3,71,0.09
1000.0,3,72,0.034
1000.0,3,73,-0.042
1000.0,3,74,0.134
1000.0,3,75,0.198
1000.0,3,76,0.094
1000.0,3,77,0.082
1000.0,3,78,0.09
1000.0,3,79,0.068
1000.0,3,80,0.158
1000.0,3,81,0.182
1000.0,3,82,0.076
1000.0,3,83,0.086
1000.0,3,84,0.116
1000.0,3,85,0.044
1000.0,3,86,0.202
1000.0,3,87,0.092
1000.0,3,88,0.052
1000.0,3,89,0.126
1000.0,3,90,0.168
1000.0,3,91,0.108
1000.0,3,92,0.15
1000.0,3,93,-0.064
1000.0,3,94,0.132
1000.0,3,95,-0.002
1000.0,3,96,0.146
1000.0,3,97,0.096
1000.0,3,98,0.068
1000.0,3,99,0.184
1000.0,3,100,0.184
1000.0,3,101,0.082
1000.0,3,102,0.136
1000.0,3,103,0.136
1000.0,3,104,0.258
1000.0,3,105,0.2
1000.0,3,106,0.056
1000.0,3,107,0.108
1000.0,3,108,0.17
1000.0,3,109,0.054
1000.0,3,110,0.108
1000.0,3,111,0.082
1000.0,3,112,0.094
1000.0,3,113,0.028
1000.0,3,114,0.14
1000.0,3,115,0.078
1000.0,3,116,0.098
1000.0,3,117,0.08
1000.0,3,118,0.154
1000.0,3,119,0.138
1000.0,3,120,0.194
1000.0,3,121,0.11
1000.0,3,122,0.112
1000.0,3,123,0.096
1000.0,3,124,0.226
1000.0,3,125,0.086
1000.0,3,126,0.08
1000.0,3,127,0.148
1000.0,3,128,0.11
1000.0,3,129,0.158
1000.0,3,130,0.074
1000.0,3,131,0.08
1000.0,3,132,0.058
1000.0,3,133,0.096
1000.0,3,134,0.234
1000.0,3,135,0.162
1000.0,3,136,0.056
1000.0,3,137,0.058
1000.0,3,138,0.086
1000.0,3,139,-0.044
1000.0,3,140,0.112
1000.0,3,141,0.102
1000.0,3,142,0.1
1000.0,3,143,0.064
1000.0,3,144,0.066
1000.0,3,145,0.15
1000.0,3,146,0.102
1000.0,3,147,0.094
1000.0,3,148,0.048
1000.0,3,149,0.062
1000.0,3,150,0.022
1000.0,3,151,0.186
1000.0,3,152,0.094
1000.0,3,153,0.13
1000.0,3,154,0.048
1000.0,3,155,0.082
1000.0,3,156,0.2
1000.0,3,157,0.22
1000.0,3,158,0.11
1000.0,3,159,0.126
1000.0,3,160,-0.006
1000.0,3,161,0.052
1000.0,3,162,0.128
1000.0,3,163,0.092
1000.0,3,164,0.15
1000.0,3,165,0.098
1000.0,3,166,0.118
1000.0,3,167,0.11
1000.0,3,168,0.052
1000.0,3,169,0.016
1000.0,3,170,0.1
1000.0,3,171,0.114
1000.0,3,172,0.014
1000.0,3,173,0.062
1000.0,3,174,0.122
1000.0,3,175,0.018
1000.0,3,176,0.058
1000.0,3,177,0.098
1000.0,3,178,0.02
1000.0,3,179,0.07
1000.0,3,180,-0.028
1000.0,3,181,0.108
1000.0,3,182,0.104
1000.0,3,183,0.092
1000.0,3,184,0.024
1000.0,3,185,0.016
1000.0,3,186,0.082
1000.0,3,187,0.068
1000.0,3,188,0.056
1000.0,3,189,0.076
1000.0,3,190,0.082
1000.0,3,191,0.134
1000.0,3,192,0.102
1000.0,3,193,0.054
1000.0,3,194,0.132
1000.0,3,195,0.052
1000.0,3,196,0.142
1000.0,3,197,0.07
1000.0,3,198,0.216
1000.0,3,199,0.018
1000.0,3,200,0.188
1000.0,3,201,0.084
1000.0,3,202,0.102
1000.0,3,203,0.052
1000.0,3,204,0.174
1000.0,3,205,0.076
1000.0,3,206,0.098
1000.0,3,207,0.072
1000.0,3,208,0.018
1000.0,3,209,0.196
1000.0,3,210,0.0
1000.0,3,211,0.148
1000.0,3,212,0.104
1000.0,3,213,0.144
1000.0,3,214,0.162
1000.0,3,215,0.088
1000.0,3,216,0.054
1000.0,3,217,0.154
1000.0,3,218,0.094
1000.0,3,219,0.05
1000.0,3,220,0.064
1000.0,3,221,0.03
1000.0,3,222,0.106
1000.0,3,223,0.046
1000.0,3,224,0.084
1000.0,3,225,0.116
1000.0,3,226,0.204
1000.0,3,227,0.074
1000.0,3,228,0.08
1000.0,3,229,0.196
1000.0,3,230,0.056
1000.0,3,231,0.208
1000.0,3,232,0.038
1000.0,3,233,0.156
1000.0,3,234,0.178
1000.0,3,235,0.088
1000.0,3,236,0.146
1000.0,3,237,0.116
1000.0,3,238,0.1
1000.0,3,239,0.096
1000.0,3,240,-0.014
1000.0,3,241,0.0
1000.0,3,242,0.158
1000.0,3,243,0.016
1000.0,3,244,0.078
1000.0,3,245,0.098
1000.0,3,246,0.14
1000.0,3,247,0.044
1000.0,3,248,0.148
1000.0,3,249,0.138
1000.0,3,250,0.008
1000.0,3,251,0.078
1000.0,3,252,0.076
1000.0,3,253,0.05
1000.0,3,254,0.13
1000.0,3,255,0.158
1000.0,3,256,0.156
1000.0,3,257,0.096
1000.0,3,258,0.202
1000.0,3,259,0.152
1000.0,3,260,0.062
1000.0,3,261,0.114
1000.0,3,262,0.09
1000.0,3,263,0.16
1000.0,3,264,0.08
1000.0,3,265,0.15
1000.0,3,266,0.02
1000.0,3,267,0.072
1000.0,3,268,0.068
1000.0,3,269,0.112
1000.0,3,270,0.112
1000.0,3,271,0.062
1000.0,3,272,0.09
1000.0,3,273,0.054
1000.0,3,274,0.004
1000.0,3,275,0.136
1000.0,3,276,0.042
1000.0,3,277,0.036
1000.0,3,278,0.124
1000.0,3,279,0.116
1000.0,3,280,0.138
1000.0,3,281,0.104
1000.0,3,282,-0.024
1000.0,3,283,0.038
1000.0,3,284,0.026
1000.0,3,285,0.02
1000.0,3,286,0.068
1000.0,3,287,0.146
1000.0,3,288,0.026
1000.0,3,289,0.152
1000.0,3,290,0.132
1000.0,3,291,0.074
1000.0,3,292,0.084
1000.0,3,293,0.024
1000.0,3,294,0.14
1000.0,3,295,0.016
1000.0,3,296,0.1
1000.0,3,297,0.132
1000.0,3,298,0.146
1000.0,3,299,0.124
1000.0,3,300,0.168
1000.0,3,301,0.022
1000.0,3,302,0.192
1000.0,3,303,0.06
1000.0,3,304,0.152
1000.0,3,305,0.126
1000.0,3,306,0.164
1000.0,3,307,0.068
1000.0,3,308,0.056
1000.0,3,309,0.07
1000.0,3,310,0.126
1000.0,3,311,0.054
1000.0,3,312,0.146
1000.0,3,313,0.05
1000.0,3,314,0.048
1000.0,3,315,0.12
1000.0,3,316,0.178
1000.0,3,317,0.168
1000.0,3,318,0.108
1000.0,3,319,-0.02
1000.0,3,320,0.07
1000.0,3,321,0.03
1000.0,3,322,0.038
1000.0,3,323,0.072
1000.0,3,324,0.172
1000.0,3,325,0.112
1000.0,3,326,0.106
1000.0,3,327,0.108
1000.0,3,328,0.024
1000.0,3,329,0.146
1000.0,3,330,0.024
1000.0,3,331,0.038
1000.0,3,332,0.066
1000.0,3,333,0.134
1000.0,3,334,0.102
1000.0,3,335,0.042
1000.0,3,336,0.068
1000.0,3,337,0.054
1000.0,3,338,0.11
1000.0,3,339,0.092
1000.0,3,340,0.156
1000.0,3,341,0.086
1000.0,3,342,0.06
1000.0,3,343,0.004
1000.0,3,344,0.062
1000.0,3,345,0.106
1000.0,3,346,0.04
1000.0,3,347,0.074
1000.0,3,348,0.03
1000.0,3,349,0.122
1000.0,3,350,0.076
1000.0,3,351,0.12
1000.0,3,352,0.15
1000.0,3,353,0.068
1000.0,3,354,0.032
1000.0,3,355,0.084
1000.0,3,356,0.158
1000.0,3,357,0.112
1000.0,3,358,0.082
1000.0,3,359,0.084
1000.0,3,360,0.086
1000.0,3,361,0.236
1000.0,3,362,0.04
1000.0,3,363,0.156
1000.0,3,364,0.028
1000.0,3,365,0.0
1000.0,3,366,0.028
1000.0,3,367,0.134
1000.0,3,368,0.054
1000.0,3,369,0.062
1000.0,3,370,0.12
1000.0,3,371,0.072
1000.0,3,372,0.082
1000.0,3,373,-0.006
1000.0,3,374,0.054
1000.0,3,375,0.096
1000.0,3,376,0.092
1000.0,3,377,0.122
1000.0,3,378,-0.03
1000.0,3,379,0.088
1000.0,3,380,0.058
1000.0,3,381,0.152
1000.0,3,382,0.228
1000.0,3,383,0.22
1000.0,3,384,0.106
1000.0,3,385,0.114
1000.0,3,386,0.142
1000.0,3,387,0.062
1000.0,3,388,0.128
1000.0,3,389,0.168
1000.0,3,390,0.152
1000.0,3,391,0.07
1000.0,3,392,0.038
1000.0,3,393,0.05
1000.0,3,394,0.058
1000.0,3,395,0.034
1000.0,3,396,0.052
1000.0,3,397,0.042
1000.0,3,398,0.102
1000.0,3,399,0.1
1000.0,3,400,0.196
1000.0,3,401,0.072
1000.0,3,402,0.126
1000.0,3,403,0.212
1000.0,3,404,0.028
1000.0,3,405,0.078
1000.0,3,406,0.16
1000.0,3,407,0.184
1000.0,3,408,0.078
1000.0,3,409,0.056
1000.0,3,410,0.188
1000.0,3,411,0.148
1000.0,3,412,0.156
1000.0,3,413,0.148
1000.0,3,414,0.164
1000.0,3,415,0.216
1000.0,3,416,0.136
1000.0,3,417,0.168
1000.0,3,418,0.072
1000.0,3,419,0.156
1000.0,3,420,0.162
1000.0,3,421,0.152
1000.0,3,422,0.068
1000.0,3,423,0.012
1000.0,3,424,0.08
1000.0,3,425,-0.004
1000.0,3,426,0.136
1000.0,3,427,0.176
1000.0,3,428,-0.026
1000.0,3,429,0.072
1000.0,3,430,0.144
1000.0,3,431,0.1
1000.0,3,432,0.06
1000.0,3,433,0.1
1000.0,3,434,0.048
1000.0,3,435,0.19
1000.0,3,436,0.068
1000.0,3,437,0.092
1000.0,3,438,0.066
1000.0,3,439,0.158
1000.0,3,440,0.144
1000.0,3,441,0.128
1000.0,3,442,0.07
1000.0,3,443,0.072
1000.0,3,444,0.078
1000.0,3,445,0.128
1000.0,3,446,0.094
1000.0,3,447,0.144
1000.0,3,448,0.112
1000.0,3,449,0.09
1000.0,3,450,0.154
1000.0,3,451,0.124
1000.0,3,452,0.082
1000.0,3,453,0.116
1000.0,3,454,0.104
1000.0,3,455,0.034
1000.0,3,456,0.13
1000.0,3,457,0.14
1000.0,3,458,0.058
1000.0,3,459,0.096
1000.0,3,460,0.174
1000.0,3,461,0.118
1000.0,3,462,0.092
1000.0,3,463,0.06
1000.0,3,464,0.058
1000.0,3,465,0.07
1000.0,3,466,0.084
1000.0,3,467,0.108
1000.0,3,468,0.108
1000.0,3,469,0.076
1000.0,3,470,0.044
1000.0,3,471,0.054
1000.0,3,472,0.086
1000.0,3,473,0.162
1000.0,3,474,0.094
1000.0,3,475,0.12
1000.0,3,476,0.13
1000.0,3,477,0.186
1000.0,3,478,0.108
1000.0,3,479,0.058
1000.0,3,480,0.144
1000.0,3,481,0.134
1000.0,3,482,0.126
1000.0,3,483,0.134
1000.0,3,484,0.028
1000.0,3,485,0.034
1000.0,3,486,0.042
1000.0,3,487,0.102
1000.0,3,488,0.062
1000.0,3,489,0.142
1000.0,3,490,0.12
1000.0,3,491,0.16
1000.0,3,492,0.206
1000.0,3,493,0.17
1000.0,3,494,0.16
1000.0,3,495,0.18
1000.0,3,496,0.142
1000.0,3,497,0.166
1000.0,3,498,0.104
1000.0,3,499,0.142
1000.0,3,500,0.118
10000.0,4,1,0.1102
10000.0,4,2,0.0972
10000.0,4,3,0.1156
10000.0,4,4,0.1032
10000.0,4,5,0.1086
10000.0,4,6,0.1206
10000.0,4,7,0.0908
10000.0,4,8,0.085
10000.0,4,9,0.072
10000.0,4,10,0.0724
10000.0,4,11,0.0812
10000.0,4,12,0.0992
10000.0,4,13,0.098
10000.0,4,14,0.0552
10000.0,4,15,0.1296
10000.0,4,16,0.1234
10000.0,4,17,0.093
10000.0,4,18,0.0698
10000.0,4,19,0.119
10000.0,4,20,0.0746
10000.0,4,21,0.0878
10000.0,4,22,0.0838
10000.0,4,23,0.118
10000.0,4,24,0.0812
10000.0,4,25,0.0644
10000.0,4,26,0.1202
10000.0,4,27,0.0694
10000.0,4,28,0.1276
10000.0,4,29,0.1052
10000.0,4,30,0.1132
10000.0,4,31,0.0914
10000.0,4,32,0.1114
10000.0,4,33,0.077
10000.0,4,34,0.0918
10000.0,4,35,0.0822
10000.0,4,36,0.0748
10000.0,4,37,0.1016
10000.0,4,38,0.0646
10000.0,4,39,0.0858
10000.0,4,40,0.0916
10000.0,4,41,0.1078
10000.0,4,42,0.08
10000.0,4,43,0.0946
10000.0,4,44,0.1322
10000.0,4,45,0.1104
10000.0,4,46,0.1218
10000.0,4,47,0.0646
10000.0,4,48,0.0956
10000.0,4,49,0.084
10000.0,4,50,0.1136
10000.0,4,51,0.0974
10000.0,4,52,0.0874
10000.0,4,53,0.1276
10000.0,4,54,0.128
10000.0,4,55,0.1036
10000.0,4,56,0.0866
10000.0,4,57,0.1108
10000.0,4,58,0.1028
10000.0,4,59,0.1008
10000.0,4,60,0.1016
10000.0,4,61,0.0808
10000.0,4,62,0.1108
10000.0,4,63,0.088
10000.0,4,64,0.1172
10000.0,4,65,0.0944
10000.0,4,66,0.078
10000.0,4,67,0.0838
10000.0,4,68,0.0806
10000.0,4,69,0.0944
10000.0,4,70,0.1296
10000.0,4,71,0.0454
10000.0,4,72,0.1094
10000.0,4,73,0.1048
10000.0,4,74,0.0758
10000.0,4,75,0.119
10000.0,4,76,0.1024
10000.0,4,77,0.0958
10000.0,4,78,0.0986
10000.0,4,79,0.0934
10000.0,4,80,0.1008
10000.0,4,81,0.1098
10000.0,4,82,0.0942
10000.0,4,83,0.0762
10000.0,4,84,0.104
10000.0,4,85,0.0678
10000.0,4,86,0.1004
10000.0,4,87,0.1248
10000.0,4,88,0.083
10000.0,4,89,0.0728
10000.0,4,90,0.1294
10000.0,4,91,0.1096
10000.0,4,92,0.103
10000.0,4,93,0.1016
10000.0,4,94,0.1134
10000.0,4,95,0.1028
10000.0,4,96,0.0756
10000.0,4,97,0.0874
10000.0,4,98,0.096
10000.0,4,99,0.068
10000.0,4,100,0.0776
10000.0,4,101,0.0908
10000.0,4,102,0.1054
10000.0,4,103,0.1022
10000.0,4,104,0.0566
10000.0,4,105,0.0834
10000.0,4,106,0.1208
10000.0,4,107,0.1032
10000.0,4,108,0.096
10000.0,4,109,0.098
10000.0,4,110,0.1006
10000.0,4,111,0.1378
10000.0,4,112,0.0608
10000.0,4,113,0.0678
10000.0,4,114,0.086
10000.0,4,115,0.1086
10000.0,4,116,0.1042
10000.0,4,117,0.1194
10000.0,4,118,0.103
10000.0,4,119,0.078
10000.0,4,120,0.089
10000.0,4,121,0.0734
10000.0,4,122,0.0968
10000.0,4,123,0.0844
10000.0,4,124,0.113
10000.0,4,125,0.1076
10000.0,4,126,0.1048
10000.0,4,127,0.0974
10000.0,4,128,0.1114
10000.0,4,129,0.1292
10000.0,4,130,0.0836
10000.0,4,131,0.0852
10000.0,4,132,0.1042
10000.0,4,133,0.1012
10000.0,4,134,0.088
10000.0,4,135,0.083
10000.0,4,136,0.0754
10000.0,4,137,0.0976
10000.0,4,138,0.1026
10000.0,4,139,0.079
10000.0,4,140,0.081
10000.0,4,141,0.0758
10000.0,4,142,0.1328
10000.0,4,143,0.1022
10000.0,4,144,0.1078
10000.0,4,145,0.0848
10000.0,4,146,0.0702
10000.0,4,147,0.1018
10000.0,4,148,0.1116
10000.0,4,149,0.0968
10000.0,4,150,0.1038
10000.0,4,151,0.1154
10000.0,4,152,0.0874
10000.0,4,153,0.103
10000.0,4,154,0.1214
10000.0,4,155,0.0678
10000.0,4,156,0.0888
10000.0,4,157,0.1376
10000.0,4,158,0.097
10000.0,4,159,0.1166
10000.0,4,160,0.0966
10000.0,4,161,0.1176
10000.0,4,162,0.1168
10000.0,4,163,0.077
10000.0,4,164,0.1146
10000.0,4,165,0.1006
10000.0,4,166,0.1374
10000.0,4,167,0.1092
10000.0,4,168,0.0736
10000.0,4,169,0.1272
10000.0,4,170,0.1042
10000.0,4,171,0.1066
10000.0,4,172,0.0658
10000.0,4,173,0.0904
10000.0,4,174,0.1068
10000.0,4,175,0.1018
10000.0,4,176,0.0838
10000.0,4,177,0.094
10000.0,4,178,0.107
10000.0,4,179,0.1032
10000.0,4,180,0.1084
10000.0,4,181,0.0962
10000.0,4,182,0.0894
10000.0,4,183,0.093
10000.0,4,184,0.1026
10000.0,4,185,0.1086
10000.0,4,186,0.1288
10000.0,4,187,0.1074
10000.0,4,188,0.0842
10000.0,4,189,0.1086
10000.0,4,190,0.1334
10000.0,4,191,0.0964
10000.0,4,192,0.0932
10000.0,4,193,0.0952
10000.0,4,194,0.0742
10000.0,4,195,0.1166
10000.0,4,196,0.1012
10000.0,4,197,0.0634
10000.0,4,198,0.0968
10000.0,4,199,0.0898
10000.0,4,200,0.0694
10000.0,4,201,0.1196
10000.0,4,202,0.0978
10000.0,4,203,0.101
10000.0,4,204,0.098
10000.0,4,205,0.0788
10000.0,4,206,0.0812
10000.0,4,207,0.084
10000.0,4,208,0.1186
10000.0,4,209,0.0784
10000.0,4,210,0.1168
10000.0,4,211,0.0982
10000.0,4,212,0.0834
10000.0,4,213,0.0566
10000.0,4,214,0.1134
10000.0,4,215,0.1222
10000.0,4,216,0.0936
10000.0,4,217,0.1028
10000.0,4,218,0.096
10000.0,4,219,0.1256
10000.0,4,220,0.1164
10000.0,4,221,0.0974
10000.0,4,222,0.0982
10000.0,4,223,0.0892
10000.0,4,224,0.0878
10000.0,4,225,0.0714
10000.0,4,226,0.1034
10000.0,4,227,0.129
10000.0,4,228,0.0954
10000.0,4,229,0.106
10000.0,4,230,0.1074
10000.0,4,231,0.0928
10000.0,4,232,0.1104
10000.0,4,233,0.063
10000.0,4,234,0.0874
10000.0,4,235,0.1136
10000.0,4,236,0.1034
10000.0,4,237,0.079
10000.0,4,238,0.0736
10000.0,4,239,0.0986
10000.0,4,240,0.126
10000.0,4,241,0.101
10000.0,4,242,0.0828
10000.0,4,243,0.1098
10000.0,4,244,0.0744
10000.0,4,245,0.109
10000.0,4,246,0.1118
10000.0,4,247,0.1308
10000.0,4,248,0.0646
10000.0,4,249,0.0932
10000.0,4,250,0.1046
10000.0,4,251,0.0924
10000.0,4,252,0.1
10000.0,4,253,0.081
10000.0,4,254,0.0532
10000.0,4,255,0.1252
10000.0,4,256,0.0718
10000.0,4,257,0.091
10000.0,4,258,0.0828
10000.0,4,259,0.099
10000.0,4,260,0.067
10000.0,4,261,0.0866
10000.0,4,262,0.1312
10000.0,4,263,0.109
10000.0,4,264,0.113
10000.0,4,265,0.1084
10000.0,4,266,0.0764
10000.0,4,267,0.1166
10000.0,4,268,0.1248
10000.0,4,269,0.086
10000.0,4,270,0.0728
10000.0,4,271,0.0698
10000.0,4,272,0.1368
10000.0,4,273,0.1228
10000.0,4,274,0.0884
10000.0,4,275,0.0694
10000.0,4,276,0.115
10000.0,4,277,0.0808
10000.0,4,278,0.0986
10000.0,4,279,0.1162
10000.0,4,280,0.0758
10000.0,4,281,0.0904
10000.0,4,282,0.084
10000.0,4,283,0.1306
10000.0,4,284,0.119
10000.0,4,285,0.112
10000.0,4,286,0.1026
10000.0,4,287,0.0968
10000.0,4,288,0.1076
10000.0,4,289,0.1156
10000.0,4,290,0.1046
10000.0,4,291,0.0974
10000.0,4,292,0.1088
10000.0,4,293,0.0636
10000.0,4,294,0.0912
10000.0,4,295,0.1106
10000.0,4,296,0.0992
10000.0,4,297,0.0962
10000.0,4,298,0.0896
10000.0,4,299,0.0898
10000.0,4,300,0.0812
10000.0,4,301,0.0948
10000.0,4,302,0.0842
10000.0,4,303,0.086
10000.0,4,304,0.0816
10000.0,4,305,0.08
10000.0,4,306,0.104
10000.0,4,307,0.0962
10000.0,4,308,0.0984
10000.0,4,309,0.087
10000.0,4,310,0.051
10000.0,4,311,0.0684
10000.0,4,312,0.0942
10000.0,4,313,0.099
10000.0,4,314,0.1032
10000.0,4,315,0.103
10000.0,4,316,0.1098
10000.0,4,317,0.1066
10000.0,4,318,0.1026
10000.0,4,319,0.0892
10000.0,4,320,0.0906
10000.0,4,321,0.083
10000.0,4,322,0.1072
10000.0,4,323,0.1332
10000.0,4,324,0.0994
10000.0,4,325,0.0972
10000.0,4,326,0.0964
10000.0,4,327,0.0862
10000.0,4,328,0.1054
10000.0,4,329,0.094
10000.0,4,330,0.0648
10000.0,4,331,0.1234
10000.0,4,332,0.0924
10000.0,4,333,0.1108
10000.0,4,334,0.1026
10000.0,4,335,0.0972
10000.0,4,336,0.0872
10000.0,4,337,0.0902
10000.0,4,338,0.1016
10000.0,4,339,0.15
10000.0,4,340,0.0776
10000.0,4,341,0.0922
10000.0,4,342,0.0824
10000.0,4,343,0.1094
10000.0,4,344,0.135
10000.0,4,345,0.1072
10000.0,4,346,0.0998
10000.0,4,347,0.0656
10000.0,4,348,0.1166
10000.0,4,349,0.0908
10000.0,4,350,0.092
10000.0,4,351,0.0886
10000.0,4,352,0.1184
10000.0,4,353,0.0844
10000.0,4,354,0.0744
10000.0,4,355,0.1042
10000.0,4,356,0.1236
10000.0,4,357,0.089
10000.0,4,358,0.0636
10000.0,4,359,0.0866
10000.0,4,360,0.1018
10000.0,4,361,0.0658
10000.0,4,362,0.1082
10000.0,4,363,0.095
10000.0,4,364,0.069
10000.0,4,365,0.0812
10000.0,4,366,0.089
10000.0,4,367,0.1192
10000.0,4,368,0.128
10000.0,4,369,0.0994
10000.0,4,370,0.087
10000.0,4,371,0.1156
10000.0,4,372,0.1166
10000.0,4,373,0.1076
10000.0,4,374,0.1118
10000.0,4,375,0.0834
10000.0,4,376,0.097
10000.0,4,377,0.1088
10000.0,4,378,0.0712
10000.0,4,379,0.0688
10000.0,4,380,0.1142
10000.0,4,381,0.1026
10000.0,4,382,0.1122
10000.0,4,383,0.0896
10000.0,4,384,0.0986
10000.0,4,385,0.1326
10000.0,4,386,0.0938
10000.0,4,387,0.0914
10000.0,4,388,0.0848
10000.0,4,389,0.1128
10000.0,4,390,0.1088
10000.0,4,391,0.1016
10000.0,4,392,0.1296
10000.0,4,393,0.091
10000.0,4,394,0.074
10000.0,4,395,0.1308
10000.0,4,396,0.09
10000.0,4,397,0.091
10000.0,4,398,0.0892
10000.0,4,399,0.1106
10000.0,4,400,0.1014
10000.0,4,401,0.1122
10000.0,4,402,0.0958
10000.0,4,403,0.1012
10000.0,4,404,0.0994
10000.0,4,405,0.1002
10000.0,4,406,0.0886
10000.0,4,407,0.0834
10000.0,4,408,0.083
10000.0,4,409,0.105
10000.0,4,410,0.0702
10000.0,4,411,0.0714
10000.0,4,412,0.1008
10000.0,4,413,0.0732
10000.0,4,414,0.1062
10000.0,4,415,0.1282
10000.0,4,416,0.1128
10000.0,4,417,0.1066
10000.0,4,418,0.1116
10000.0,4,419,0.1114
10000.0,4,420,0.1006
10000.0,4,421,0.1048
10000.0,4,422,0.1068
10000.0,4,423,0.0846
10000.0,4,424,0.1212
10000.0,4,425,0.0978
10000.0,4,426,0.091
10000.0,4,427,0.0826
10000.0,4,428,0.108
10000.0,4,429,0.0778
10000.0,4,430,0.0804
10000.0,4,431,0.0868
10000.0,4,432,0.0792
10000.0,4,433,0.0972
10000.0,4,434,0.0812
10000.0,4,435,0.0956
10000.0,4,436,0.0816
10000.0,4,437,0.098
10000.0,4,438,0.1042
10000.0,4,439,0.104
10000.0,4,440,0.1208
10000.0,4,441,0.066
10000.0,4,442,0.0688
10000.0,4,443,0.1046
10000.0,4,444,0.1134
10000.0,4,445,0.1008
10000.0,4,446,0.131
10000.0,4,447,0.1238
10000.0,4,448,0.0878
10000.0,4,449,0.0696
10000.0,4,450,0.0974
10000.0,4,451,0.1092
10000.0,4,452,0.0856
10000.0,4,453,0.085
10000.0,4,454,0.0896
10000.0,4,455,0.092
10000.0,4,456,0.0806
10000.0,4,457,0.1096
10000.0,4,458,0.1072
10000.0,4,459,0.1238
10000.0,4,460,0.119
10000.0,4,461,0.1142
10000.0,4,462,0.1058
10000.0,4,463,0.131
10000.0,4,464,0.0844
10000.0,4,465,0.1074
10000.0,4,466,0.0872
10000.0,4,467,0.094
10000.0,4,468,0.1152
10000.0,4,469,0.0888
10000.0,4,470,0.0868
10000.0,4,471,0.1128
10000.0,4,472,0.0968
10000.0,4,473,0.0982
10000.0,4,474,0.0868
10000.0,4,475,0.0864
10000.0,4,476,0.0828
10000.0,4,477,0.0854
10000.0,4,478,0.1218
10000.0,4,479,0.0958
10000.0,4,480,0.0848
10000.0,4,481,0.0996
10000.0,4,482,0.0834
10000.0,4,483,0.086
10000.0,4,484,0.0868
10000.0,4,485,0.093
10000.0,4,486,0.0894
10000.0,4,487,0.105
10000.0,4,488,0.095
10000.0,4,489,0.1112
10000.0,4,490,0.126
10000.0,4,491,0.0904
10000.0,4,492,0.1108
10000.0,4,493,0.1004
10000.0,4,494,0.1062
10000.0,4,495,0.0866
10000.0,4,496,0.0726
10000.0,4,497,0.1188
10000.0,4,498,0.1264
10000.0,4,499,0.0782
10000.0,4,500,0.091
100000.0,5,1,0.0929
100000.0,5,2,0.09952
100000.0,5,3,0.08874
100000.0,5,4,0.0992
100000.0,5,5,0.09714
100000.0,5,6,0.08774
100000.0,5,7,0.09494
100000.0,5,8,0.08504
100000.0,5,9,0.0968
100000.0,5,10,0.0984
100000.0,5,11,0.1077
100000.0,5,12,0.09844
100000.0,5,13,0.10332
100000.0,5,14,0.10428
100000.0,5,15,0.10206
100000.0,5,16,0.10166
100000.0,5,17,0.10664
100000.0,5,18,0.09568
100000.0,5,19,0.0989
100000.0,5,20,0.10322
100000.0,5,21,0.09906
100000.0,5,22,0.09582
100000.0,5,23,0.09984
100000.0,5,24,0.09472
100000.0,5,25,0.10764
100000.0,5,26,0.0931
100000.0,5,27,0.10182
100000.0,5,28,0.10296
100000.0,5,29,0.08794
100000.0,5,30,0.09346
100000.0,5,31,0.09818
100000.0,5,32,0.0856
100000.0,5,33,0.08902
100000.0,5,34,0.10192
100000.0,5,35,0.09472
100000.0,5,36,0.09814
100000.0,5,37,0.09344
100000.0,5,38,0.0906
100000.0,5,39,0.10014
100000.0,5,40,0.0923
100000.0,5,41,0.10986
100000.0,5,42,0.09026
100000.0,5,43,0.08868
100000.0,5,44,0.0922
100000.0,5,45,0.09446
100000.0,5,46,0.09718
100000.0,5,47,0.10106
100000.0,5,48,0.09716
100000.0,5,49,0.09556
100000.0,5,50,0.10322
100000.0,5,51,0.09638
100000.0,5,52,0.10762
100000.0,5,53,0.10894
100000.0,5,54,0.08956
100000.0,5,55,0.108
100000.0,5,56,0.09748
100000.0,5,57,0.09628
100000.0,5,58,0.0983
100000.0,5,59,0.08858
100000.0,5,60,0.10382
100000.0,5,61,0.09324
100000.0,5,62,0.10308
100000.0,5,63,0.08822
100000.0,5,64,0.0967
100000.0,5,65,0.09692
100000.0,5,66,0.08594
100000.0,5,67,0.09936
100000.0,5,68,0.0918
100000.0,5,69,0.10334
100000.0,5,70,0.09828
100000.0,5,71,0.09692
100000.0,5,72,0.10162
100000.0,5,73,0.1075
100000.0,5,74,0.09884
100000.0,5,75,0.09444
100000.0,5,76,0.09452
100000.0,5,77,0.0959
100000.0,5,78,0.09254
100000.0,5,79,0.09542
100000.0,5,80,0.10314
100000.0,5,81,0.10334
100000.0,5,82,0.09534
100000.0,5,83,0.10522
100000.0,5,84,0.10164
100000.0,5,85,0.09522
100000.0,5,86,0.1035
100000.0,5,87,0.08826
100000.0,5,88,0.08548
100000.0,5,89,0.10754
100000.0,5,90,0.096
100000.0,5,91,0.09058
100000.0,5,92,0.09398
100000.0,5,93,0.09536
100000.0,5,94,0.09578
100000.0,5,95,0.09508
100000.0,5,96,0.0984
100000.0,5,97,0.10504
100000.0,5,98,0.09834
100000.0,5,99,0.1024
100000.0,5,100,0.10094
100000.0,5,101,0.09742
100000.0,5,102,0.09712
100000.0,5,103,0.09224
100000.0,5,104,0.0969
100000.0,5,105,0.09824
100000.0,5,106,0.09358
100000.0,5,107,0.09688
100000.0,5,108,0.10504
100000.0,5,109,0.09064
100000.0,5,110,0.08462
100000.0,5,111,0.10618
100000.0,5,112,0.095
100000.0,5,113,0.09878
100000.0,5,114,0.09366
100000.0,5,115,0.08974
100000.0,5,116,0.09744
100000.0,5,117,0.10152
100000.0,5,118,0.09844
100000.0,5,119,0.09848
100000.0,5,120,0.10486
100000.0,5,121,0.10738
100000.0,5,122,0.10636
100000.0,5,123,0.09892
100000.0,5,124,0.09198
100000.0,5,125,0.10398
100000.0,5,126,0.0901
100000.0,5,127,0.09608
100000.0,5,128,0.09724
100000.0,5,129,0.0977
100000.0,5,130,0.1015
100000.0,5,131,0.0944
100000.0,5,132,0.09766
100000.0,5,133,0.10092
100000.0,5,134,0.08898
100000.0,5,135,0.09948
100000.0,5,136,0.09534
100000.0,5,137,0.09604
100000.0,5,138,0.09568
100000.0,5,139,0.1006
100000.0,5,140,0.099
100000.0,5,141,0.10016
100000.0,5,142,0.10032
100000.0,5,143,0.08514
100000.0,5,144,0.08512
100000.0,5,145,0.09782
100000.0,5,146,0.09792
100000.0,5,147,0.09396
100000.0,5,148,0.09062
100000.0,5,149,0.10472
100000.0,5,150,0.10244
100000.0,5,151,0.103
100000.0,5,152,0.09614
100000.0,5,153,0.09712
100000.0,5,154,0.09206
100000.0,5,155,0.10068
100000.0,5,156,0.09244
100000.0,5,157,0.10706
100000.0,5,158,0.10452
100000.0,5,159,0.10062
100000.0,5,160,0.08974
100000.0,5,161,0.1027
100000.0,5,162,0.10774
100000.0,5,163,0.09902
100000.0,5,164,0.1078
100000.0,5,165,0.09916
100000.0,5,166,0.0932
100000.0,5,167,0.10174
100000.0,5,168,0.0982
100000.0,5,169,0.10206
100000.0,5,170,0.10114
100000.0,5,171,0.1012
100000.0,5,172,0.09638
100000.0,5,173,0.10192
100000.0,5,174,0.08342
100000.0,5,175,0.09374
100000.0,5,176,0.09752
100000.0,5,177,0.09138
100000.0,5,178,0.09982
100000.0,5,179,0.11168
100000.0,5,180,0.10416
100000.0,5,181,0.09378
100000.0,5,182,0.09966
100000.0,5,183,0.09162
100000.0,5,184,0.09806
100000.0,5,185,0.09672
100000.0,5,186,0.10392
100000.0,5,187,0.10146
100000.0,5,188,0.0932
100000.0,5,189,0.08752
100000.0,5,190,0.10664
100000.0,5,191,0.09658
100000.0,5,192,0.10236
100000.0,5,193,0.10112
100000.0,5,194,0.10106
100000.0,5,195,0.0975
100000.0,5,196,0.1022
100000.0,5,197,0.09672
100000.0,5,198,0.11494
100000.0,5,199,0.10008
100000.0,5,200,0.09456
100000.0,5,201,0.101
100000.0,5,202,0.09322
100000.0,5,203,0.0963
100000.0,5,204,0.09868
100000.0,5,205,0.09892
100000.0,5,206,0.10456
100000.0,5,207,0.10028
100000.0,5,208,0.09344
100000.0,5,209,0.10234
100000.0,5,210,0.10454
100000.0,5,211,0.10792
100000.0,5,212,0.1003
100000.0,5,213,0.0968
100000.0,5,214,0.0944
100000.0,5,215,0.0966
100000.0,5,216,0.09948
100000.0,5,217,0.0986
100000.0,5,218,0.0889
100000.0,5,219,0.0917
100000.0,5,220,0.0958
100000.0,5,221,0.09156
100000.0,5,222,0.09924
100000.0,5,223,0.0975
100000.0,5,224,0.1037
100000.0,5,225,0.10292
100000.0,5,226,0.09376
100000.0,5,227,0.09236
100000.0,5,228,0.09098
100000.0,5,229,0.1
100000.0,5,230,0.09942
100000.0,5,231,0.09302
100000.0,5,232,0.08892
100000.0,5,233,0.09902
100000.0,5,234,0.09434
100000.0,5,235,0.1005
100000.0,5,236,0.09072
100000.0,5,237,0.09518
100000.0,5,238,0.10516
100000.0,5,239,0.10178
100000.0,5,240,0.10188
100000.0,5,241,0.09376
100000.0,5,242,0.09868
100000.0,5,243,0.09752
100000.0,5,244,0.10144
100000.0,5,245,0.09644
100000.0,5,246,0.0962
100000.0,5,247,0.10126
100000.0,5,248,0.10424
100000.0,5,249,0.0936
100000.0,5,250,0.09288
100000.0,5,251,0.1045
100000.0,5,252,0.0952
100000.0,5,253,0.09772
100000.0,5,254,0.0993
100000.0,5,255,0.10454
100000.0,5,256,0.09376
100000.0,5,257,0.09984
100000.0,5,258,0.09758
100000.0,5,259,0.0902
100000.0,5,260,0.09288
100000.0,5,261,0.09402
100000.0,5,262,0.0981
100000.0,5,263,0.0951
100000.0,5,264,0.09338
100000.0,5,265,0.09238
100000.0,5,266,0.09988
100000.0,5,267,0.10872
100000.0,5,268,0.09726
100000.0,5,269,0.08912
100000.0,5,270,0.09588
100000.0,5,271,0.09032
100000.0,5,272,0.10076
100000.0,5,273,0.09626
100000.0,5,274,0.09758
100000.0,5,275,0.1038
100000.0,5,276,0.1
100000.0,5,277,0.0922
100000.0,5,278,0.1026
100000.0,5,279,0.0969
100000.0,5,280,0.10124
100000.0,5,281,0.1078
100000.0,5,282,0.10108
100000.0,5,283,0.10724
100000.0,5,284,0.08886
100000.0,5,285,0.09796
100000.0,5,286,0.08786
100000.0,5,287,0.10016
100000.0,5,288,0.09112
100000.0,5,289,0.09642
100000.0,5,290,0.0931
100000.0,5,291,0.09592
100000.0,5,292,0.10494
100000.0,5,293,0.10004
100000.0,5,294,0.0935
100000.0,5,295,0.0993
100000.0,5,296,0.10182
100000.0,5,297,0.10414
100000.0,5,298,0.10446
100000.0,5,299,0.1009
100000.0,5,300,0.0995
100000.0,5,301,0.1033
100000.0,5,302,0.09916
100000.0,5,303,0.09766
100000.0,5,304,0.09542
100000.0,5,305,0.09642
100000.0,5,306,0.1037
100000.0,5,307,0.10004
100000.0,5,308,0.0966
100000.0,5,309,0.09508
100000.0,5,310,0.08828
100000.0,5,311,0.08978
100000.0,5,312,0.0983
100000.0,5,313,0.11388
100000.0,5,314,0.09152
100000.0,5,315,0.08768
100000.0,5,316,0.10228
100000.0,5,317,0.09678
100000.0,5,318,0.09186
100000.0,5,319,0.10328
100000.0,5,320,0.09418
100000.0,5,321,0.10296
100000.0,5,322,0.09902
100000.0,5,323,0.09884
100000.0,5,324,0.09364
100000.0,5,325,0.1055
100000.0,5,326,0.1
100000.0,5,327,0.10304
100000.0,5,328,0.1065
100000.0,5,329,0.09244
100000.0,5,330,0.09066
100000.0,5,331,0.09854
100000.0,5,332,0.09914
100000.0,5,333,0.09798
100000.0,5,334,0.10056
100000.0,5,335,0.09446
100000.0,5,336,0.09596
100000.0,5,337,0.09362
100000.0,5,338,0.10286
100000.0,5,339,0.09866
100000.0,5,340,0.09408
100000.0,5,341,0.0973
100000.0,5,342,0.09034
100000.0,5,343,0.09272
100000.0,5,344,0.10558
100000.0,5,345,0.09946
100000.0,5,346,0.09772
100000.0,5,347,0.11032
100000.0,5,348,0.09564
100000.0,5,349,0.09612
100000.0,5,350,0.10788
100000.0,5,351,0.10162
100000.0,5,352,0.09178
100000.0,5,353,0.09172
100000.0,5,354,0.10358
100000.0,5,355,0.0859
100000.0,5,356,0.09686
100000.0,5,357,0.09454
100000.0,5,358,0.09558
100000.0,5,359,0.09918
100000.0,5,360,0.09592
100000.0,5,361,0.09168
100000.0,5,362,0.09332
100000.0,5,363,0.09936
100000.0,5,364,0.1012
100000.0,5,365,0.09784
100000.0,5,366,0.0998
100000.0,5,367,0.0989
100000.0,5,368,0.10726
100000.0,5,369,0.09496
100000.0,5,370,0.10454
100000.0,5,371,0.10006
100000.0,5,372,0.0917
100000.0,5,373,0.10632
100000.0,5,374,0.0958
100000.0,5,375,0.10214
100000.0,5,376,0.10998
100000.0,5,377,0.0993
100000.0,5,378,0.09452
100000.0,5,379,0.09656
100000.0,5,380,0.09148
100000.0,5,381,0.10204
100000.0,5,382,0.08496
100000.0,5,383,0.10114
100000.0,5,384,0.0998
100000.0,5,385,0.09992
100000.0,5,386,0.09694
100000.0,5,387,0.10074
100000.0,5,388,0.09282
100000.0,5,389,0.0976
100000.0,5,390,0.09714
100000.0,5,391,0.1063
100000.0,5,392,0.10342
100000.0,5,393,0.10368
100000.0,5,394,0.10654
100000.0,5,395,0.09328
100000.0,5,396,0.10192
100000.0,5,397,0.0907
100000.0,5,398,0.10046
100000.0,5,399,0.10994
100000.0,5,400,0.08718
100000.0,5,401,0.10296
100000.0,5,402,0.11038
100000.0,5,403,0.08456
100000.0,5,404,0.09476
100000.0,5,405,0.09764
100000.0,5,406,0.09734
100000.0,5,407,0.0947
100000.0,5,408,0.08992
100000.0,5,409,0.10072
100000.0,5,410,0.09798
100000.0,5,411,0.09776
100000.0,5,412,0.09264
100000.0,5,413,0.09996
100000.0,5,414,0.09552
100000.0,5,415,0.09904
100000.0,5,416,0.09682
100000.0,5,417,0.09508
100000.0,5,418,0.09456
100000.0,5,419,0.09764
100000.0,5,420,0.09086
100000.0,5,421,0.0961
100000.0,5,422,0.10024
100000.0,5,423,0.09356
100000.0,5,424,0.09202
100000.0,5,425,0.10436
100000.0,5,426,0.09788
100000.0,5,427,0.08914
100000.0,5,428,0.09906
100000.0,5,429,0.09628
100000.0,5,430,0.09816
100000.0,5,431,0.09976
100000.0,5,432,0.09674
100000.0,5,433,0.0923
100000.0,5,434,0.09772
100000.0,5,435,0.09812
100000.0,5,436,0.1001
100000.0,5,437,0.1032
100000.0,5,438,0.09788
100000.0,5,439,0.10482
100000.0,5,440,0.11102
100000.0,5,441,0.0909
100000.0,5,442,0.09708
100000.0,5,443,0.10082
100000.0,5,444,0.10278
100000.0,5,445,0.09968
100000.0,5,446,0.09966
100000.0,5,447,0.09814
100000.0,5,448,0.09822
100000.0,5,449,0.09426
100000.0,5,450,0.09968
100000.0,5,451,0.10506
100000.0,5,452,0.10182
100000.0,5,453,0.09742
100000.0,5,454,0.09036
100000.0,5,455,0.08404
100000.0,5,456,0.10172
100000.0,5,457,0.10522
100000.0,5,458,0.10206
100000.0,5,459,0.0962
100000.0,5,460,0.10776
100000.0,5,461,0.09448
100000.0,5,462,0.089
100000.0,5,463,0.09568
100000.0,5,464,0.10198
100000.0,5,465,0.09648
100000.0,5,466,0.10494
100000.0,5,467,0.0994
100000.0,5,468,0.10124
100000.0,5,469,0.09768
100000.0,5,470,0.0943
100000.0,5,471,0.08584
100000.0,5,472,0.0923
100000.0,5,473,0.1075
100000.0,5,474,0.10316
100000.0,5,475,0.0904
100000.0,5,476,0.0923
100000.0,5,477,0.09486
100000.0,5,478,0.09016
100000.0,5,479,0.0978
100000.0,5,480,0.10192
100000.0,5,481,0.09552
100000.0,5,482,0.09178
100000.0,5,483,0.08918
100000.0,5,484,0.09336
100000.0,5,485,0.0926
100000.0,5,486,0.09988
100000.0,5,487,0.10538
100000.0,5,488,0.0996
100000.0,5,489,0.10168
100000.0,5,490,0.08692
100000.0,5,491,0.09324
100000.0,5,492,0.10382
100000.0,5,493,0.0981
100000.0,5,494,0.10616
100000.0,5,495,0.1088
100000.0,5,496,0.0981
100000.0,5,497,0.1041
100000.0,5,498,0.09
100000.0,5,499,0.10346
100000.0,5,500,0.0952
1000000.0,6,1,0.09780413511577551
1000000.0,6,2,0.09995918329088949
1000000.0,6,3,0.09982996235047001
1000000.0,6,4,0.0972930617596507
1000000.0,6,5,0.09723221073724284
1000000.0,6,6,0.0990809156757961
1000000.0,6,7,0.09926881826357171
1000000.0,6,8,0.10066725730204838
1000000.0,6,9,0.09751107418796537
1000000.0,6,10,0.09836004994281056
1000000.0,6,11,0.09514243581054127
1000000.0,6,12,0.09821436647759914
1000000.0,6,13,0.09834050823504221
1000000.0,6,14,0.09894001287644426
1000000.0,6,15,0.094993081072398
1000000.0,6,16,0.09806977912476962
1000000.0,6,17,0.09940255295731035
1000000.0,6,18,0.09675594761848007
1000000.0,6,19,0.0988090177996175
1000000.0,6,20,0.09765451922738529
1000000.0,6,21,0.10149146234255564
1000000.0,6,22,0.09631789131624043
1000000.0,6,23,0.09866611443960341
1000000.0,6,24,0.09863252140056249
1000000.0,6,25,0.0980506979659656
1000000.0,6,26,0.0965333512240639
1000000.0,6,27,0.09955216772908158
1000000.0,6,28,0.0975968271161851
1000000.0,6,29,0.09553537782588974
1000000.0,6,30,0.09459320759110083
1000000.0,6,31,0.09687675188346113
1000000.0,6,32,0.09863301967954426
1000000.0,6,33,0.0981082834521283
1000000.0,6,34,0.09721973343160283
1000000.0,6,35,0.09812192884161836
1000000.0,6,36,0.09813750358208688
1000000.0,6,37,0.09687691046080668
1000000.0,6,38,0.10234383600857481
1000000.0,6,39,0.10003501482617552
1000000.0,6,40,0.0967740120890406
1000000.0,6,41,0.09998769000467285
1000000.0,6,42,0.09945453771151672
1000000.0,6,43,0.09757476831971737
1000000.0,6,44,0.09661936649094335
1000000.0,6,45,0.09923958037783695
1000000.0,6,46,0.09945652833404042
1000000.0,6,47,0.09857546908727917
1000000.0,6,48,0.09711034945532633
1000000.0,6,49,0.09585904052735539
1000000.0,6,50,0.09904591949130502
1000000.0,6,51,0.09614642456202697
1000000.0,6,52,0.09612309789757034
1000000.0,6,53,0.0963779754845712
1000000.0,6,54,0.09751010100610229
1000000.0,6,55,0.0990223223195898
1000000.0,6,56,0.09802523523267662
1000000.0,6,57,0.095563626032423
1000000.0,6,58,0.09885330601349915
1000000.0,6,59,0.09860803388382192
1000000.0,6,60,0.09939990723127685
1000000.0,6,61,0.09636848482454428
1000000.0,6,62,0.09584323835446314
1000000.0,6,63,0.10056320473465952
1000000.0,6,64,0.09875931310792546
1000000.0,6,65,0.09906939315579343
1000000.0,6,66,0.09832929882150422
1000000.0,6,67,0.09872566211686166
1000000.0,6,68,0.10006743609795882
1000000.0,6,69,0.09524154517254653
1000000.0,6,70,0.09965677721055691
1000000.0,6,71,0.09946759720147098
1000000.0,6,72,0.09787940384593023
1000000.0,6,73,0.09590199410832603
1000000.0,6,74,0.10050335812864522
1000000.0,6,75,0.0979054277861591
1000000.0,6,76,0.09699930933396309
1000000.0,6,77,0.09901132134677702
1000000.0,6,78,0.09990545608391217
1000000.0,6,79,0.10002488317376236
1000000.0,6,80,0.09966607400533115
1000000.0,6,81,0.09888346221519867
1000000.0,6,82,0.0956968869389242
1000000.0,6,83,0.09552570748335681
1000000.0,6,84,0.0990488317819431
1000000.0,6,85,0.09901204368870961
1000000.0,6,86,0.09746774392276467
1000000.0,6,87,0.09782096548022585
1000000.0,6,88,0.09929034505602065
1000000.0,6,89,0.09947402890325943
1000000.0,6,90,0.09766915230530268
1000000.0,6,91,0.09835807803322491
1000000.0,6,92,0.10012933392482344
1000000.0,6,93,0.09858558892816491
1000000.0,6,94,0.09750548936803825
1000000.0,6,95,0.09705821883591777
1000000.0,6,96,0.09873795341469953
1000000.0,6,97,0.09895982458822057
1000000.0,6,98,0.10044242400940298
1000000.0,6,99,0.09813694869479583
1000000.0,6,100,0.09718844391726726
1000000.0,6,101,0.10048740648028884
1000000.0,6,102,0.09390965791911865
1000000.0,6,103,0.09608827971163787
1000000.0,6,104,0.09866857114236127
1000000.0,6,105,0.09752044047423336
1000000.0,6,106,0.09958927352618425
1000000.0,6,107,0.09492467695425544
1000000.0,6,108,0.09901306302669877
1000000.0,6,109,0.0967390593586478
1000000.0,6,110,0.09625584492071299
1000000.0,6,111,0.09833290548607311
1000000.0,6,112,0.09929878103064303
1000000.0,6,113,0.10020841827252833
1000000.0,6,114,0.09907486638387712
1000000.0,6,115,0.09598299442625302
1000000.0,6,116,0.10154664333190745
1000000.0,6,117,0.1011719825054349
1000000.0,6,118,0.10016618076771008
1000000.0,6,119,0.09967346704960568
1000000.0,6,120,0.09935785758500662
1000000.0,6,121,0.1013617857373436
1000000.0,6,122,0.09602039480708587
1000000.0,6,123,0.0952335761777712
1000000.0,6,124,0.09693694016283191
1000000.0,6,125,0.09869017757263664
1000000.0,6,126,0.09468313280028244
1000000.0,6,127,0.09975457214395377
1000000.0,6,128,0.10040926984038902
1000000.0,6,129,0.10067881166275706
1000000.0,6,130,0.09723891950967
1000000.0,6,131,0.1004144807513291
1000000.0,6,132,0.09887654225923005
1000000.0,6,133,0.09758303265344538
1000000.0,6,134,0.09964702352064661
1000000.0,6,135,0.09663795881323796
1000000.0,6,136,0.09479548800799158
1000000.0,6,137,0.09270399589469842
1000000.0,6,138,0.09658455501852393
1000000.0,6,139,0.09828335767058563
1000000.0,6,140,0.10109316058355174
1000000.0,6,141,0.09765123267545364
1000000.0,6,142,0.09777738801145577
1000000.0,6,143,0.09730518338383198
1000000.0,6,144,0.09760611329033458
1000000.0,6,145,0.09588966675277985
1000000.0,6,146,0.09847773873674265
1000000.0,6,147,0.09899908702284167
1000000.0,6,148,0.09944772583255475
1000000.0,6,149,0.09717683754235669
1000000.0,6,150,0.0963864374332591
1000000.0,6,151,0.09627820088470168
1000000.0,6,152,0.09537257807524292
1000000.0,6,153,0.09875187479331368
1000000.0,6,154,0.09605376071563526
1000000.0,6,155,0.09980531187074003
1000000.0,6,156,0.09839924331469764
1000000.0,6,157,0.09442242436408788
1000000.0,6,158,0.09725232838019636
1000000.0,6,159,0.1013619454983261
1000000.0,6,160,0.09600921132455324
1000000.0,6,161,0.09815132153178985
1000000.0,6,162,0.09604762631366331
1000000.0,6,163,0.09972407724272506
1000000.0,6,164,0.09849020981109538
1000000.0,6,165,0.0992085273423104
1000000.0,6,166,0.09765374505349132
1000000.0,6,167,0.09982058304117992
1000000.0,6,168,0.10047476382739283
1000000.0,6,169,0.09702510302050552
1000000.0,6,170,0.09904427331850957
1000000.0,6,171,0.09747227705696877
1000000.0,6,172,0.09742163513347436
1000000.0,6,173,0.09950399839987256
1000000.0,6,174,0.09879264748528296
1000000.0,6,175,0.09749407311136718
1000000.0,6,176,0.10029061712198961
1000000.0,6,177,0.09594673946738429
1000000.0,6,178,0.09473148305286141
1000000.0,6,179,0.09657188637031638
1000000.0,6,180,0.09862350997172832
1000000.0,6,181,0.09714314763269039
1000000.0,6,182,0.09647741277296096
1000000.0,6,183,0.09715353489962872
1000000.0,6,184,0.09784716503147176
1000000.0,6,185,0.09853502826819452
1000000.0,6,186,0.09803050286687887
1000000.0,6,187,0.09757693455463438
1000000.0,6,188,0.09685658282324415
1000000.0,6,189,0.09932848931174307
1000000.0,6,190,0.09527950233425503
1000000.0,6,191,0.09986548762778169
1000000.0,6,192,0.10102862701053777
1000000.0,6,193,0.09704431331158127
1000000.0,6,194,0.09809175087879621
1000000.0,6,195,0.09854749047329743
1000000.0,6,196,0.0991895420391427
1000000.0,6,197,0.0972108226137734
1000000.0,6,198,0.09724532228035666
1000000.0,6,199,0.09668957896785321
1000000.0,6,200,0.09945909338075994
1000000.0,6,201,0.095229135072537
1000000.0,6,202,0.09736418412959855
1000000.0,6,203,0.09980652237943886
1000000.0,6,204,0.09747776782621746
1000000.0,6,205,0.09721673963490594
1000000.0,6,206,0.09690579859833
1000000.0,6,207,0.0987564580962956
1000000.0,6,208,0.09666398406131937
1000000.0,6,209,0.09909683761375142
1000000.0,6,210,0.09739370059167245
1000000.0,6,211,0.09853296521685366
1000000.0,6,212,0.10130763831814309
1000000.0,6,213,0.10104482458723196
1000000.0,6,214,0.09848684733461006
1000000.0,6,215,0.09942259904091409
1000000.0,6,216,0.09722474421218084
1000000.0,6,217,0.10132073234496126
1000000.0,6,218,0.09730932993362867
1000000.0,6,219,0.09827995623891964
1000000.0,6,220,0.09488353179500485
1000000.0,6,221,0.0949240367438749
1000000.0,6,222,0.09764106770063984
1000000.0,6,223,0.09484208020677534
1000000.0,6,224,0.0964522141820835
1000000.0,6,225,0.0988467113261444
1000000.0,6,226,0.09738066868973873
1000000.0,6,227,0.09504065410889523
1000000.0,6,228,0.09850321359867928
1000000.0,6,229,0.09586285339578567
1000000.0,6,230,0.10120888163651433
1000000.0,6,231,0.0964884495237684
1000000.0,6,232,0.09866372816830361
1000000.0,6,233,0.09765998781780456
1000000.0,6,234,0.09669707840025658
1000000.0,6,235,0.09752940480933757
1000000.0,6,236,0.10089872821333981
1000000.0,6,237,0.09859287063314835
1000000.0,6,238,0.09577564026152016
1000000.0,6,239,0.10069052314203744
1000000.0,6,240,0.09853370250183088
1000000.0,6,241,0.09799466527721426
1000000.0,6,242,0.10053674937858549
1000000.0,6,243,0.09844894063892495
1000000.0,6,244,0.09981655932533601
1000000.0,6,245,0.09804194872806152
1000000.0,6,246,0.09630516517477786
1000000.0,6,247,0.0997283286047643
1000000.0,6,248,0.0978192099965904
1000000.0,6,249,0.09819206940049399
1000000.0,6,250,0.09859464798326045
1000000.0,6,251,0.0971869287999377
1000000.0,6,252,0.10043370897064312
1000000.0,6,253,0.09968987853754614
1000000.0,6,254,0.09498967849371373
1000000.0,6,255,0.09685924397315573
1000000.0,6,256,0.09700744052526099
1000000.0,6,257,0.09840237373254006
1000000.0,6,258,0.09972508424472343
1000000.0,6,259,0.09860730738315196
1000000.0,6,260,0.09833036482349737
1000000.0,6,261,0.09701262871926115
1000000.0,6,262,0.09578034985614173
1000000.0,6,263,0.09771676045906032
1000000.0,6,264,0.0974449015956209
1000000.0,6,265,0.09948912864154391
1000000.0,6,266,0.09651362981419474
1000000.0,6,267,0.09907274647177779
1000000.0,6,268,0.0972349533385511
1000000.0,6,269,0.09899621822864375
1000000.0,6,270,0.0996613269287718
1000000.0,6,271,0.1006565744534554
1000000.0,6,272,0.09789265271471558
1000000.0,6,273,0.09831693593132612
1000000.0,6,274,0.09953726017651125
1000000.0,6,275,0.09494519325329154
1000000.0,6,276,0.09657363481948199
1000000.0,6,277,0.1004893541817565
1000000.0,6,278,0.09709457961275544
1000000.0,6,279,0.09858366478106077
1000000.0,6,280,0.09808722932894831
1000000.0,6,281,0.09802167948501302
1000000.0,6,282,0.10009580452616257
1000000.0,6,283,0.09793793616832863
1000000.0,6,284,0.0993176848179088
1000000.0,6,285,0.09885741858212022
1000000.0,6,286,0.10307018574374542
1000000.0,6,287,0.09861414181766776
1000000.0,6,288,0.09736739040908869
1000000.0,6,289,0.09912961166964378
1000000.0,6,290,0.10040794916465785
1000000.0,6,291,0.09909111223412538
1000000.0,6,292,0.09658130099049583
1000000.0,6,293,0.09884366533772228
1000000.0,6,294,0.10004745624609128
1000000.0,6,295,0.09709185198943317
1000000.0,6,296,0.09878947959915897
1000000.0,6,297,0.09799388014132412
1000000.0,6,298,0.09692043383032573
1000000.0,6,299,0.097140030838751
1000000.0,6,300,0.09830844532403372
1000000.0,6,301,0.09793396894171927
1000000.0,6,302,0.09641860350801679
1000000.0,6,303,0.09486502472045669
1000000.0,6,304,0.1004981354190933
1000000.0,6,305,0.09541480247071875
1000000.0,6,306,0.09717699090742599
1000000.0,6,307,0.09776421294681471
1000000.0,6,308,0.09856956475514406
1000000.0,6,309,0.09836027417844977
1000000.0,6,310,0.0989106102339006
1000000.0,6,311,0.09668126580334221
1000000.0,6,312,0.09755405638796347
1000000.0,6,313,0.10035818324349843
1000000.0,6,314,0.10019014743697224
1000000.0,6,315,0.09856142219872074
1000000.0,6,316,0.09743351145912055
1000000.0,6,317,0.0981720606447712
1000000.0,6,318,0.09894716668919404
1000000.0,6,319,0.09983861373790423
1000000.0,6,320,0.09699379808063945
1000000.0,6,321,0.0978540741319682
1000000.0,6,322,0.09989532757575438
1000000.0,6,323,0.09857025073555997
1000000.0,6,324,0.09922280485479813
1000000.0,6,325,0.09683875136065064
1000000.0,6,326,0.09865334175105417
1000000.0,6,327,0.09707230467507802
1000000.0,6,328,0.0976703869833611
1000000.0,6,329,0.09795467017344432
1000000.0,6,330,0.09891287479561428
1000000.0,6,331,0.09645128660574136
1000000.0,6,332,0.09900886255540396
1000000.0,6,333,0.09772185839023977
1000000.0,6,334,0.10111395573507087
1000000.0,6,335,0.09840500515238965
1000000.0,6,336,0.09679681700771325
1000000.0,6,337,0.09799581772969616
1000000.0,6,338,0.09818144382380392
1000000.0,6,339,0.09728705258046509
1000000.0,6,340,0.09979773937610467
1000000.0,6,341,0.0988011946567269
1000000.0,6,342,0.09924499398747295
1000000.0,6,343,0.09797017356488272
1000000.0,6,344,0.09549012361493521
1000000.0,6,345,0.09952623814926925
1000000.0,6,346,0.0961475261716037
1000000.0,6,347,0.09696464970719139
1000000.0,6,348,0.09759533874535398
1000000.0,6,349,0.09805510808421881
1000000.0,6,350,0.09835499088292289
1000000.0,6,351,0.09771161179171549
1000000.0,6,352,0.09798486628290685
1000000.0,6,353,0.09638333747841185
1000000.0,6,354,0.09978936498137912
1000000.0,6,355,0.09898013802727079
1000000.0,6,356,0.09563113463688898
1000000.0,6,357,0.09556438861756841
1000000.0,6,358,0.09930570851275301
1000000.0,6,359,0.09713073084476544
1000000.0,6,360,0.0987641872632734
1000000.0,6,361,0.09863708534739353
1000000.0,6,362,0.09857836038477882
1000000.0,6,363,0.09941097097509355
1000000.0,6,364,0.09678304578078352
1000000.0,6,365,0.09884836807363177
1000000.0,6,366,0.10041840392562351
1000000.0,6,367,0.10051282870948501
1000000.0,6,368,0.09686893552429532
1000000.0,6,369,0.09738510125235701
1000000.0,6,370,0.09787391135641653
1000000.0,6,371,0.09710836316479836
1000000.0,6,372,0.09872362456760882
1000000.0,6,373,0.09808104247044912
1000000.0,6,374,0.09453272824889328
1000000.0,6,375,0.10029191608607513
1000000.0,6,376,0.09810366187747009
1000000.0,6,377,0.09791408775797138
1000000.0,6,378,0.09833042131403275
1000000.0,6,379,0.09918295017628488
1000000.0,6,380,0.09926619966892222
1000000.0,6,381,0.09861024366969429
1000000.0,6,382,0.09720255570317758
1000000.0,6,383,0.09973589468734642
1000000.0,6,384,0.09713219875223911
1000000.0,6,385,0.09657277476479509
1000000.0,6,386,0.09654589488764037
1000000.0,6,387,0.09538101065370604
1000000.0,6,388,0.0997302661472836
1000000.0,6,389,0.10015030614471691
1000000.0,6,390,0.09769526838614047
1000000.0,6,391,0.09972909697638056
1000000.0,6,392,0.09905755987865292
1000000.0,6,393,0.10017273182486812
1000000.0,6,394,0.1005593838698871
1000000.0,6,395,0.09653759299736772
1000000.0,6,396,0.09894767036577547
1000000.0,6,397,0.09486766619347874
1000000.0,6,398,0.0985476764905944
1000000.0,6,399,0.09794539142736211
1000000.0,6,400,0.09830812755386602
1000000.0,6,401,0.09675350856246008
1000000.0,6,402,0.09703361686655204
1000000.0,6,403,0.1012585616319091
1000000.0,6,404,0.09484215893170912
1000000.0,6,405,0.09769154311368941
1000000.0,6,406,0.09584668116637227
1000000.0,6,407,0.09895548794014053
1000000.0,6,408,0.09290834182570526
1000000.0,6,409,0.09573472253600042
1000000.0,6,410,0.09902590887173149
1000000.0,6,411,0.09802332609778619
1000000.0,6,412,0.10058661256462988
1000000.0,6,413,0.0971105739886351
1000000.0,6,414,0.10057673873442714
1000000.0,6,415,0.09413777988776309
1000000.0,6,416,0.09951303251372534
1000000.0,6,417,0.10045621313729557
1000000.0,6,418,0.09971548783081165
1000000.0,6,419,0.09589292788153747
1000000.0,6,420,0.09890010828715447
1000000.0,6,421,0.09414813629736099
1000000.0,6,422,0.09719319456038275
1000000.0,6,423,0.09811989653486014
1000000.0,6,424,0.09728990399190783
1000000.0,6,425,0.09836880166741879
1000000.0,6,426,0.09824491639651638
1000000.0,6,427,0.09780043467243411
1000000.0,6,428,0.09372443414792837
1000000.0,6,429,0.0978488287303804
1000000.0,6,430,0.09870296197685972
1000000.0,6,431,0.09548017411611555
1000000.0,6,432,0.10027463915151498
1000000.0,6,433,0.09823536089574592
1000000.0,6,434,0.09935452634463203
1000000.0,6,435,0.09839836668821052
1000000.0,6,436,0.09689090298171016
1000000.0,6,437,0.09714278241324657
1000000.0,6,438,0.09912066567202774
1000000.0,6,439,0.10111624500838132
1000000.0,6,440,0.09604407327418868
1000000.0,6,441,0.09658010260330839
1000000.0,6,442,0.09824212346603604
1000000.0,6,443,0.10105876945639308
1000000.0,6,444,0.09597074306856539
1000000.0,6,445,0.09654250718619116
1000000.0,6,446,0.0991025544847846
1000000.0,6,447,0.09894162500011595
1000000.0,6,448,0.09865329095420242
1000000.0,6,449,0.1006805805665336
1000000.0,6,450,0.0988398227686286
1000000.0,6,451,0.09785206668427097
1000000.0,6,452,0.0986904207322544
1000000.0,6,453,0.09812172108802712
1000000.0,6,454,0.09885898212055397
1000000.0,6,455,0.0968068010683069
1000000.0,6,456,0.09869954078085208
1000000.0,6,457,0.09956339935176238
1000000.0,6,458,0.09887238003396964
1000000.0,6,459,0.09757867615309125
1000000.0,6,460,0.10064079011444398
1000000.0,6,461,0.09526573113279138
1000000.0,6,462,0.09749499992200941
1000000.0,6,463,0.0999359392300644
1000000.0,6,464,0.09983247370622238
1000000.0,6,465,0.09780485203448404
1000000.0,6,466,0.0970164553202577
1000000.0,6,467,0.09528794612090849
1000000.0,6,468,0.09792821043818886
1000000.0,6,469,0.09653522746783821
1000000.0,6,470,0.10060338142351061
1000000.0,6,471,0.09786903939026105
1000000.0,6,472,0.10117672516741463
1000000.0,6,473,0.09770703852228914
1000000.0,6,474,0.09605140946538956
1000000.0,6,475,0.09907503910185234
1000000.0,6,476,0.09736888268772187
1000000.0,6,477,0.09871504897691868
1000000.0,6,478,0.09747266219019378
1000000.0,6,479,0.09819557093445515
1000000.0,6,480,0.09763629264435382
1000000.0,6,481,0.09796601178359286
1000000.0,6,482,0.09780438698020438
1000000.0,6,483,0.09793789889330742
1000000.0,6,484,0.09469642507789121
1000000.0,6,485,0.09702889148190408
1000000.0,6,486,0.0987041251490016
1000000.0,6,487,0.09879333172921789
1000000.0,6,488,0.0990393675290884
1000000.0,6,489,0.0951806505791489
1000000.0,6,490,0.09778843512985343
1000000.0,6,491,0.10183637832113565
1000000.0,6,492,0.0985381728158195
1000000.0,6,493,0.09715497530972632
1000000.0,6,494,0.0963563627396638
1000000.0,6,495,0.09778778112633527
1000000.0,6,496,0.0944669114475157
1000000.0,6,497,0.09679270615211152
1000000.0,6,498,0.09777632589777396
1000000.0,6,499,0.09809887645081128
1000000.0,6,500,0.1014969573974507
10000000.0,7,1,0.09751287504744698
10000000.0,7,2,0.09838511537715812
10000000.0,7,3,0.09835366266281753
10000000.0,7,4,0.09803101791236922
10000000.0,7,5,0.0975643484428838
10000000.0,7,6,0.09827166225083098
10000000.0,7,7,0.09708111086555496
10000000.0,7,8,0.09787199814536758
10000000.0,7,9,0.0974081053494092
10000000.0,7,10,0.09828490194902774
10000000.0,7,11,0.09824369846095443
10000000.0,7,12,0.09750819594250601
10000000.0,7,13,0.09768398146482055
10000000.0,7,14,0.0976973163378669
10000000.0,7,15,0.09725533421395961
10000000.0,7,16,0.09811905029365998
10000000.0,7,17,0.09876857651227657
10000000.0,7,18,0.09851701241001394
10000000.0,7,19,0.0983896545506416
10000000.0,7,20,0.09761634990572352
10000000.0,7,21,0.09763006273827608
10000000.0,7,22,0.09837097413300668
10000000.0,7,23,0.09849654738484565
10000000.0,7,24,0.09838675308712125
10000000.0,7,25,0.09935065106135457
10000000.0,7,26,0.09804751012474913
10000000.0,7,27,0.09626418794219922
10000000.0,7,28,0.09846370698461458
10000000.0,7,29,0.0981859063466465
10000000.0,7,30,0.09875452729195468
10000000.0,7,31,0.09821176072220113
10000000.0,7,32,0.0979864978838183
10000000.0,7,33,0.09822203465381339
10000000.0,7,34,0.09821876107558962
10000000.0,7,35,0.09868658280528878
10000000.0,7,36,0.0979114919709973
10000000.0,7,37,0.0984213212281771
10000000.0,7,38,0.09872647358014808
10000000.0,7,39,0.0986182083607657
10000000.0,7,40,0.09744864721707795
10000000.0,7,41,0.0980615906436991
10000000.0,7,42,0.09813351749959756
10000000.0,7,43,0.09834634348659069
10000000.0,7,44,0.09821612235213537
10000000.0,7,45,0.09763980626159627
10000000.0,7,46,0.09802088105645776
10000000.0,7,47,0.09751182579998467
10000000.0,7,48,0.09873482711850423
10000000.0,7,49,0.09841837713177279
10000000.0,7,50,0.099226276158401
10000000.0,7,51,0.09725343430110403
10000000.0,7,52,0.09850610546647534
10000000.0,7,53,0.09818034598554652
10000000.0,7,54,0.09756259752562157
10000000.0,7,55,0.09746003988191672
10000000.0,7,56,0.09865571436158474
10000000.0,7,57,0.0983327589423107
10000000.0,7,58,0.09695964139319155
10000000.0,7,59,0.09811217019296307
10000000.0,7,60,0.09837047395303845
10000000.0,7,61,0.09900305282154344
10000000.0,7,62,0.09771568108913563
10000000.0,7,63,0.09942856180866882
10000000.0,7,64,0.09842105001849383
10000000.0,7,65,0.09839736719157212
10000000.0,7,66,0.0980612159806341
10000000.0,7,67,0.09809165264529493
10000000.0,7,68,0.09850785208287649
10000000.0,7,69,0.09849268614145405
10000000.0,7,70,0.09860350251744408
10000000.0,7,71,0.0980541034146091
10000000.0,7,72,0.09924452393924445
10000000.0,7,73,0.09722732060697452
10000000.0,7,74,0.09833469625056572
10000000.0,7,75,0.0972585631578425
10000000.0,7,76,0.09890379357086122
10000000.0,7,77,0.09740333623533343
10000000.0,7,78,0.09794793458104953
10000000.0,7,79,0.0977671581528617
10000000.0,7,80,0.09833293641825318
10000000.0,7,81,0.09873111716041881
10000000.0,7,82,0.09813338686462007
10000000.0,7,83,0.09838877672701106
10000000.0,7,84,0.09837953831836377
10000000.0,7,85,0.098678137754401
10000000.0,7,86,0.09899752868077587
10000000.0,7,87,0.09816961727141738
10000000.0,7,88,0.09874348645697255
10000000.0,7,89,0.09879535137001984
10000000.0,7,90,0.09947794929859527
10000000.0,7,91,0.09887105128867925
10000000.0,7,92,0.09815162878947799
10000000.0,7,93,0.0974866233680766
10000000.0,7,94,0.0982760380398607
10000000.0,7,95,0.09764505658225753
10000000.0,7,96,0.09846203309416808
10000000.0,7,97,0.098548846591397
10000000.0,7,98,0.09926485657308977
10000000.0,7,99,0.09792428527160492
10000000.0,7,100,0.09791013604592085
10000000.0,7,101,0.0979896111156309
10000000.0,7,102,0.09792790235494003
10000000.0,7,103,0.09743758915216252
10000000.0,7,104,0.09862729155961797
10000000.0,7,105,0.09854680852654484
10000000.0,7,106,0.09731560142194814
10000000.0,7,107,0.09850498698900416
10000000.0,7,108,0.0980610292694794
10000000.0,7,109,0.09798741225177887
10000000.0,7,110,0.09781088822252731
10000000.0,7,111,0.0977794879908232
10000000.0,7,112,0.09779955233697854
10000000.0,7,113,0.09775763543176949
10000000.0,7,114,0.09745146009360925
10000000.0,7,115,0.09870603584622256
10000000.0,7,116,0.0986159214761475
10000000.0,7,117,0.09818684598885123
10000000.0,7,118,0.09790549174448773
10000000.0,7,119,0.09803718288141061
10000000.0,7,120,0.09779649822845124
10000000.0,7,121,0.09798353181678188
10000000.0,7,122,0.09749517690293472
10000000.0,7,123,0.09862603735982552
10000000.0,7,124,0.09798658306547925
10000000.0,7,125,0.0973446106793834
10000000.0,7,126,0.09861559503957759
10000000.0,7,127,0.09716316974936481
10000000.0,7,128,0.09829263158244118
10000000.0,7,129,0.09839395828691087
10000000.0,7,130,0.09903584286502898
10000000.0,7,131,0.09734513115586675
10000000.0,7,132,0.09805014945120737
10000000.0,7,133,0.09845180575851817
10000000.0,7,134,0.09803486943988222
10000000.0,7,135,0.09943474262182228
10000000.0,7,136,0.09760829716564398
10000000.0,7,137,0.0981398296276072
10000000.0,7,138,0.09805337619857807
10000000.0,7,139,0.09771945191666391
10000000.0,7,140,0.09786338279790767
10000000.0,7,141,0.09785629910421595
10000000.0,7,142,0.09815558280845657
10000000.0,7,143,0.0971355799224645
10000000.0,7,144,0.09802208764244691
10000000.0,7,145,0.09879227340027913
10000000.0,7,146,0.09780104533857592
10000000.0,7,147,0.09762470289297309
10000000.0,7,148,0.09802360545185507
10000000.0,7,149,0.09745147732853406
10000000.0,7,150,0.09754126386738643
10000000.0,7,151,0.0983498878028052
10000000.0,7,152,0.09782744329381157
10000000.0,7,153,0.09768582835929394
10000000.0,7,154,0.09801182170572877
10000000.0,7,155,0.09789049917563107
10000000.0,7,156,0.09771569732934125
10000000.0,7,157,0.09770321130137835
10000000.0,7,158,0.09819775719049871
10000000.0,7,159,0.09872796642300505
10000000.0,7,160,0.0978446033809267
10000000.0,7,161,0.09734381670293957
10000000.0,7,162,0.09930144694716148
10000000.0,7,163,0.098169232283869
10000000.0,7,164,0.09830750850374308
10000000.0,7,165,0.09715911356711089
10000000.0,7,166,0.09691246324523352
10000000.0,7,167,0.09800094923832212
10000000.0,7,168,0.09783339117465727
10000000.0,7,169,0.09855331423922889
10000000.0,7,170,0.09789381948012374
10000000.0,7,171,0.09732299535562731
10000000.0,7,172,0.09733305191095322
10000000.0,7,173,0.09795169528072904
10000000.0,7,174,0.09787896485444289
10000000.0,7,175,0.09843928885967546
10000000.0,7,176,0.09950235719861276
10000000.0,7,177,0.0984372823558053
10000000.0,7,178,0.09821261319917794
10000000.0,7,179,0.099703558961571
10000000.0,7,180,0.09776995464486815
10000000.0,7,181,0.0980884698209934
10000000.0,7,182,0.09760839065258764
10000000.0,7,183,0.09828928954385445
10000000.0,7,184,0.09750402694110498
10000000.0,7,185,0.09794995553936735
10000000.0,7,186,0.09786770983055178
10000000.0,7,187,0.09812699237678256
10000000.0,7,188,0.09678686936166994
10000000.0,7,189,0.09875662411382999
10000000.0,7,190,0.09811466756026521
10000000.0,7,191,0.09781577840861548
10000000.0,7,192,0.09799681020274405
10000000.0,7,193,0.0978949654008722
10000000.0,7,194,0.0967694355137866
10000000.0,7,195,0.098284003257774
10000000.0,7,196,0.09884297726363465
10000000.0,7,197,0.09866092269876078
10000000.0,7,198,0.0979142444592215
10000000.0,7,199,0.09845069085500743
10000000.0,7,200,0.09798752775282953
10000000.0,7,201,0.09786367884964552
10000000.0,7,202,0.09782024054177049
10000000.0,7,203,0.09753679986920376
10000000.0,7,204,0.09766654220212176
10000000.0,7,205,0.09795099716941547
10000000.0,7,206,0.09822358685078342
10000000.0,7,207,0.09948600981155131
10000000.0,7,208,0.09794074914894998
10000000.0,7,209,0.09693794160603303
10000000.0,7,210,0.09773361861343309
10000000.0,7,211,0.09789005195921902
10000000.0,7,212,0.09873826358272936
10000000.0,7,213,0.09778265395615436
10000000.0,7,214,0.09846728946670555
10000000.0,7,215,0.09715465923369397
10000000.0,7,216,0.09842557685594726
10000000.0,7,217,0.09826316705901157
10000000.0,7,218,0.09921693738875352
10000000.0,7,219,0.09784702546437234
10000000.0,7,220,0.09815277741745171
10000000.0,7,221,0.09747182840101774
10000000.0,7,222,0.09787341596252248
10000000.0,7,223,0.09850362328958773
10000000.0,7,224,0.09806237071422022
10000000.0,7,225,0.09858119062984269
10000000.0,7,226,0.09768073617543784
10000000.0,7,227,0.09863794816363361
10000000.0,7,228,0.09827238433273788
10000000.0,7,229,0.09742299280043412
10000000.0,7,230,0.09909717719167005
10000000.0,7,231,0.09828164389039669
10000000.0,7,232,0.09802543233154491
10000000.0,7,233,0.09836775572765935
10000000.0,7,234,0.09782825500525012
10000000.0,7,235,0.09770707938821092
10000000.0,7,236,0.09733416259356924
10000000.0,7,237,0.09844906994491442
10000000.0,7,238,0.09808802661799211
10000000.0,7,239,0.0980282985661203
10000000.0,7,240,0.09893590114616677
10000000.0,7,241,0.09911923802996687
10000000.0,7,242,0.09820520533561651
10000000.0,7,243,0.09760685053400714
10000000.0,7,244,0.09794637908732351
10000000.0,7,245,0.09747613715219572
10000000.0,7,246,0.09842248591169156
10000000.0,7,247,0.09873629745747167
10000000.0,7,248,0.09687547224069164
10000000.0,7,249,0.09795853075850196
10000000.0,7,250,0.09705063447917923
10000000.0,7,251,0.09732255947065875
10000000.0,7,252,0.09847850198449064
10000000.0,7,253,0.09780306597544178
10000000.0,7,254,0.09825092699636631
10000000.0,7,255,0.09779609658989236
10000000.0,7,256,0.09810755428843293
10000000.0,7,257,0.0987319610494908
10000000.0,7,258,0.09846423129389975
10000000.0,7,259,0.09748054931873548
10000000.0,7,260,0.09915532832710351
10000000.0,7,261,0.09862799696591291
10000000.0,7,262,0.09785338920454588
10000000.0,7,263,0.09877582600746136
10000000.0,7,264,0.09787887639971952
10000000.0,7,265,0.09802467830104362
10000000.0,7,266,0.09827388840887677
10000000.0,7,267,0.09844026099324152
10000000.0,7,268,0.09845849098010082
10000000.0,7,269,0.0973663407016553
10000000.0,7,270,0.09916787193681206
10000000.0,7,271,0.09851776431557517
10000000.0,7,272,0.09808012885119394
10000000.0,7,273,0.09897624414121732
10000000.0,7,274,0.09740839115332812
10000000.0,7,275,0.09656808661820963
10000000.0,7,276,0.09756325976821036
10000000.0,7,277,0.09858011382865012
10000000.0,7,278,0.09832751987033393
10000000.0,7,279,0.09842860426824857
10000000.0,7,280,0.09778493371043057
10000000.0,7,281,0.09780806455310416
10000000.0,7,282,0.09768193485944196
10000000.0,7,283,0.09780486144834273
10000000.0,7,284,0.0979707122777585
10000000.0,7,285,0.09818526135275289
10000000.0,7,286,0.09793152157421932
10000000.0,7,287,0.09866269276309535
10000000.0,7,288,0.09835779612059761
10000000.0,7,289,0.09713176789358892
10000000.0,7,290,0.09788142421538103
10000000.0,7,291,0.09779426388275977
10000000.0,7,292,0.0973997295413278
10000000.0,7,293,0.09787445789947323
10000000.0,7,294,0.09769477843022402
10000000.0,7,295,0.09746316648185291
10000000.0,7,296,0.09863824914249293
10000000.0,7,297,0.09790052903569024
10000000.0,7,298,0.09763843640683201
10000000.0,7,299,0.0978255869795993
10000000.0,7,300,0.09783430737587138
10000000.0,7,301,0.09837685166831464
10000000.0,7,302,0.09784735479447693
10000000.0,7,303,0.09744752358394917
10000000.0,7,304,0.09879290708222929
10000000.0,7,305,0.09820002173103243
10000000.0,7,306,0.09809948458317798
10000000.0,7,307,0.09728809962335955
10000000.0,7,308,0.09877801498553213
10000000.0,7,309,0.09754993009933456
10000000.0,7,310,0.09803963153219167
10000000.0,7,311,0.09710768118021526
10000000.0,7,312,0.0979233739165904
10000000.0,7,313,0.09722268912084588
10000000.0,7,314,0.09801959189126641
10000000.0,7,315,0.09773002185911443
10000000.0,7,316,0.0975650676030105
10000000.0,7,317,0.09765498708476908
10000000.0,7,318,0.09788286877020952
10000000.0,7,319,0.09774308023187034
10000000.0,7,320,0.09858002322588097
10000000.0,7,321,0.09829445281917322
10000000.0,7,322,0.0974067033311842
10000000.0,7,323,0.0975861583471205
10000000.0,7,324,0.09787318919792436
10000000.0,7,325,0.09787935408605355
10000000.0,7,326,0.09730486432438493
10000000.0,7,327,0.09863529132961202
10000000.0,7,328,0.0974000465946285
10000000.0,7,329,0.09809952733644153
10000000.0,7,330,0.09898061135598589
10000000.0,7,331,0.09831207581169363
10000000.0,7,332,0.09845577025406771
10000000.0,7,333,0.09798892907229978
10000000.0,7,334,0.09817723719565143
10000000.0,7,335,0.0978423850254858
10000000.0,7,336,0.09799167230244092
10000000.0,7,337,0.09734662558150702
10000000.0,7,338,0.0982660102584472
10000000.0,7,339,0.09777261848534606
10000000.0,7,340,0.09805209292876944
10000000.0,7,341,0.09875119395044446
10000000.0,7,342,0.09760175985469688
10000000.0,7,343,0.09862679320815373
10000000.0,7,344,0.09817087309284564
10000000.0,7,345,0.0972141321136687
10000000.0,7,346,0.09797475683752895
10000000.0,7,347,0.09794514802228976
10000000.0,7,348,0.09770232234898805
10000000.0,7,349,0.09899940111321136
10000000.0,7,350,0.09847862190059982
10000000.0,7,351,0.09806761408059876
10000000.0,7,352,0.0981924439021362
10000000.0,7,353,0.09785313886070997
10000000.0,7,354,0.09758856317389644
10000000.0,7,355,0.09893408609743007
10000000.0,7,356,0.09808504453906958
10000000.0,7,357,0.09785209184720833
10000000.0,7,358,0.09876821765383259
10000000.0,7,359,0.09798798916490227
10000000.0,7,360,0.09863698251850736
10000000.0,7,361,0.09751126954286657
10000000.0,7,362,0.09749941001906619
10000000.0,7,363,0.096951253163228
10000000.0,7,364,0.09898322853436713
10000000.0,7,365,0.09760206366154534
10000000.0,7,366,0.09787201464049816
10000000.0,7,367,0.09839702764640003
10000000.0,7,368,0.09722432876638658
10000000.0,7,369,0.09855522933129612
10000000.0,7,370,0.09763637442198433
10000000.0,7,371,0.0986115648531979
10000000.0,7,372,0.09716905243838467
10000000.0,7,373,0.09854996687429399
10000000.0,7,374,0.09837694926257301
10000000.0,7,375,0.09787454359791112
10000000.0,7,376,0.09786424010960795
10000000.0,7,377,0.09749539424669519
10000000.0,7,378,0.09838613412185908
10000000.0,7,379,0.0985946261657767
10000000.0,7,380,0.09705326777132339
10000000.0,7,381,0.09852476608208996
10000000.0,7,382,0.09819785240368843
10000000.0,7,383,0.09908172273635082
10000000.0,7,384,0.09843653710302487
10000000.0,7,385,0.09806755253124237
10000000.0,7,386,0.09774403546239659
10000000.0,7,387,0.09917634915341456
10000000.0,7,388,0.09820012456781435
10000000.0,7,389,0.0975452541618146
10000000.0,7,390,0.09877292796662561
10000000.0,7,391,0.09793790367681571
10000000.0,7,392,0.0975709967073042
10000000.0,7,393,0.09751818406353574
10000000.0,7,394,0.0983314167779183
10000000.0,7,395,0.09765527080283314
10000000.0,7,396,0.09882942661769017
10000000.0,7,397,0.098621730901031
10000000.0,7,398,0.09887435238275714
10000000.0,7,399,0.09833141957544629
10000000.0,7,400,0.09853820486367885
10000000.0,7,401,0.09754695050516873
10000000.0,7,402,0.09800772727426663
10000000.0,7,403,0.09723382764434367
10000000.0,7,404,0.09926465335722007
10000000.0,7,405,0.09845878995445334
10000000.0,7,406,0.09855406105387061
10000000.0,7,407,0.09787738014343102
10000000.0,7,408,0.09824611889238209
10000000.0,7,409,0.0980984698186094
10000000.0,7,410,0.09827818681700304
10000000.0,7,411,0.09816567329548392
10000000.0,7,412,0.09964199234579726
10000000.0,7,413,0.09840166808936708
10000000.0,7,414,0.09819667022891677
10000000.0,7,415,0.0978938814777011
10000000.0,7,416,0.09822640972419158
10000000.0,7,417,0.09750825544434134
10000000.0,7,418,0.09793437203790974
10000000.0,7,419,0.0984102525895629
10000000.0,7,420,0.09769254873196036
10000000.0,7,421,0.09844852880573794
10000000.0,7,422,0.09833486049715467
10000000.0,7,423,0.098574913184621
10000000.0,7,424,0.0989218653296195
10000000.0,7,425,0.09850521564431004
10000000.0,7,426,0.09824689637416303
10000000.0,7,427,0.09832512612171079
10000000.0,7,428,0.09685308796214723
10000000.0,7,429,0.09636371334339082
10000000.0,7,430,0.09904974522190504
10000000.0,7,431,0.09803882550668362
10000000.0,7,432,0.09887149494540971
10000000.0,7,433,0.09741943851340246
10000000.0,7,434,0.0987083127626894
10000000.0,7,435,0.09834493432906717
10000000.0,7,436,0.09953716614094116
10000000.0,7,437,0.09775451430994105
10000000.0,7,438,0.09796504832176492
10000000.0,7,439,0.09838159100979083
10000000.0,7,440,0.09802708229456637
10000000.0,7,441,0.09805196708832738
10000000.0,7,442,0.09818343709533066
10000000.0,7,443,0.09856662207980267
10000000.0,7,444,0.09926065426868368
10000000.0,7,445,0.09893684549908154
10000000.0,7,446,0.09749666911890302
10000000.0,7,447,0.09855586172068696
10000000.0,7,448,0.09804238589990381
10000000.0,7,449,0.09762346717913896
10000000.0,7,450,0.09769970432962552
10000000.0,7,451,0.09814371122959256
10000000.0,7,452,0.09868352142455653
10000000.0,7,453,0.09832251864493154
10000000.0,7,454,0.09744424208213202
10000000.0,7,455,0.09876935415845309
10000000.0,7,456,0.09851874484268408
10000000.0,7,457,0.09868476655938477
10000000.0,7,458,0.09793816866060234
10000000.0,7,459,0.09802252927476299
10000000.0,7,460,0.09775720945458952
10000000.0,7,461,0.09723928181524202
10000000.0,7,462,0.09842704498873651
10000000.0,7,463,0.09851140748841893
10000000.0,7,464,0.09878655100072156
10000000.0,7,465,0.09773885412407742
10000000.0,7,466,0.0982983640316639
10000000.0,7,467,0.09706049102835841
10000000.0,7,468,0.09769123255026321
10000000.0,7,469,0.09756093764563985
10000000.0,7,470,0.09788582275104821
10000000.0,7,471,0.09764737755202539
10000000.0,7,472,0.09787072173900735
10000000.0,7,473,0.09794640247633588
10000000.0,7,474,0.09827106493788772
10000000.0,7,475,0.09901407135575284
10000000.0,7,476,0.09745273128962367
10000000.0,7,477,0.09842077861449476
10000000.0,7,478,0.09837614241300933
10000000.0,7,479,0.09834231420419384
10000000.0,7,480,0.09888783028388172
10000000.0,7,481,0.09772777335905825
10000000.0,7,482,0.09849620401777122
10000000.0,7,483,0.09868975842022579
10000000.0,7,484,0.09851481028602067
10000000.0,7,485,0.09817151239454373
10000000.0,7,486,0.09916583139607626
10000000.0,7,487,0.09810044464449529
10000000.0,7,488,0.09804425997431875
10000000.0,7,489,0.09783139834602736
10000000.0,7,490,0.09806852865676545
10000000.0,7,491,0.09667718251858856
10000000.0,7,492,0.09733183176405244
10000000.0,7,493,0.09923691685069985
10000000.0,7,494,0.09894756167705301
10000000.0,7,495,0.09668899314857256
10000000.0,7,496,0.09878490499923118
10000000.0,7,497,0.09784601475144625
10000000.0,7,498,0.09885522579266429
10000000.0,7,499,0.09847803288579789
10000000.0,7,500,0.09780296555348113
100000000.0,8,1,0.09829953191784248
100000000.0,8,2,0.09821885371608689
100000000.0,8,3,0.09808510925451934
100000000.0,8,4,0.0980442469774945
100000000.0,8,5,0.09789037860846728
100000000.0,8,6,0.09800375095082864
100000000.0,8,7,0.09793885746876672
100000000.0,8,8,0.09831780472364664
100000000.0,8,9,0.09834241316525891
100000000.0,8,10,0.09786554378883258
100000000.0,8,11,0.09793542052151456
100000000.0,8,12,0.09837968932575539
100000000.0,8,13,0.09794721543261424
100000000.0,8,14,0.0980904742957665
100000000.0,8,15,0.09772732270778507
100000000.0,8,16,0.09820198905852645
100000000.0,8,17,0.09835583146965832
100000000.0,8,18,0.09774142938044578
100000000.0,8,19,0.09786865320035144
100000000.0,8,20,0.09818868129580334
100000000.0,8,21,0.0980107428844498
100000000.0,8,22,0.09797631760745913
100000000.0,8,23,0.09812761344016716
100000000.0,8,24,0.09827083540780798
100000000.0,8,25,0.09799061462445423
100000000.0,8,26,0.09796743543154166
100000000.0,8,27,0.09806277723250896
100000000.0,8,28,0.09787684061929017
100000000.0,8,29,0.09805794434563413
100000000.0,8,30,0.09820763705127106
100000000.0,8,31,0.09805574432423532
100000000.0,8,32,0.09814264569539144
100000000.0,8,33,0.09805463520034417
100000000.0,8,34,0.09817732615095764
100000000.0,8,35,0.09763966530434713
100000000.0,8,36,0.09819347137991444
100000000.0,8,37,0.09817251510914206
100000000.0,8,38,0.09809342641945154
100000000.0,8,39,0.0981151428423132
100000000.0,8,40,0.0981413113404046
100000000.0,8,41,0.09786723400654301
100000000.0,8,42,0.09796795677128121
100000000.0,8,43,0.0980423786888355
100000000.0,8,44,0.09837716255428419
100000000.0,8,45,0.0980708584861137
100000000.0,8,46,0.09826719119835332
100000000.0,8,47,0.0979406016990225
100000000.0,8,48,0.09811314153558418
100000000.0,8,49,0.09791170779227049
100000000.0,8,50,0.09816048250605404
100000000.0,8,51,0.0982663379257892
100000000.0,8,52,0.09832847905645013
100000000.0,8,53,0.09823369456479579
100000000.0,8,54,0.09778320130364254
100000000.0,8,55,0.09769778329174146
100000000.0,8,56,0.09799826148085163
100000000.0,8,57,0.09828853757479548
100000000.0,8,58,0.09811019030550867
100000000.0,8,59,0.09796602257695049
100000000.0,8,60,0.09823407614470557
100000000.0,8,61,0.09788669392812714
100000000.0,8,62,0.09797369326697171
100000000.0,8,63,0.09817470246630833
100000000.0,8,64,0.09819813768066138
100000000.0,8,65,0.09822771518641353
100000000.0,8,66,0.09801655918876037
100000000.0,8,67,0.09806031494057149
100000000.0,8,68,0.09837091005758346
100000000.0,8,69,0.09838789445782394
100000000.0,8,70,0.09835512566019014
100000000.0,8,71,0.09782266839055657
100000000.0,8,72,0.09808187965054467
100000000.0,8,73,0.09805423119678378
100000000.0,8,74,0.0980600410801749
100000000.0,8,75,0.0981036145706439
100000000.0,8,76,0.09812074394738078
100000000.0,8,77,0.09804785056940823
100000000.0,8,78,0.09771812678033934
100000000.0,8,79,0.09805283236550376
100000000.0,8,80,0.09793242143631979
100000000.0,8,81,0.09820032371771216
100000000.0,8,82,0.09804025025649012
100000000.0,8,83,0.09826375639961109
100000000.0,8,84,0.09821562887704269
100000000.0,8,85,0.09768053493367344
100000000.0,8,86,0.09814230028042659
100000000.0,8,87,0.09773549826115131
100000000.0,8,88,0.09829691465409233
100000000.0,8,89,0.09823023940359071
100000000.0,8,90,0.0983429138229227
100000000.0,8,91,0.09799630111029267
100000000.0,8,92,0.09808681959857062
100000000.0,8,93,0.09804754753637508
100000000.0,8,94,0.09773896582016513
100000000.0,8,95,0.09828763875838369
100000000.0,8,96,0.0978453557076639
100000000.0,8,97,0.09789288303667829
100000000.0,8,98,0.09817202446111888
100000000.0,8,99,0.09815989360861108
100000000.0,8,100,0.09837333863783658
100000000.0,8,101,0.09797827910465717
100000000.0,8,102,0.0983273637119186
100000000.0,8,103,0.09804717142416954
100000000.0,8,104,0.09804665987433449
100000000.0,8,105,0.09833126691518486
100000000.0,8,106,0.09804261794947355
100000000.0,8,107,0.09797988033454999
100000000.0,8,108,0.09799242566705375
100000000.0,8,109,0.09835316982916921
100000000.0,8,110,0.09794461492416934
100000000.0,8,111,0.09801054001479596
100000000.0,8,112,0.09795882430081054
100000000.0,8,113,0.09788858620815262
100000000.0,8,114,0.0981558722971195
100000000.0,8,115,0.09798312762395754
100000000.0,8,116,0.09820592542627603
100000000.0,8,117,0.09830408338290691
100000000.0,8,118,0.09811403231769472
100000000.0,8,119,0.09785848075903535
100000000.0,8,120,0.09830199209573687
100000000.0,8,121,0.09783222726205304
100000000.0,8,122,0.09779536645826072
100000000.0,8,123,0.09822499085051879
100000000.0,8,124,0.0980245987233594
100000000.0,8,125,0.09813604652384296
100000000.0,8,126,0.09802405052373304
100000000.0,8,127,0.09842524727075204
100000000.0,8,128,0.09811944510575354
100000000.0,8,129,0.09788662078271866
100000000.0,8,130,0.09810425441883833
100000000.0,8,131,0.09779594161371305
100000000.0,8,132,0.09826873687568054
100000000.0,8,133,0.09791593579377264
100000000.0,8,134,0.09780366572400823
100000000.0,8,135,0.09810002505882456
100000000.0,8,136,0.09813250919432834
100000000.0,8,137,0.09845051686510368
100000000.0,8,138,0.0981067995952259
100000000.0,8,139,0.09837522757624716
100000000.0,8,140,0.09782761047443807
100000000.0,8,141,0.09775548805438489
100000000.0,8,142,0.09821636181068942
100000000.0,8,143,0.09809940623549879
100000000.0,8,144,0.09816683914867923
100000000.0,8,145,0.09795025251449242
100000000.0,8,146,0.09805666816860512
100000000.0,8,147,0.09810308680358842
100000000.0,8,148,0.09817540042533457
100000000.0,8,149,0.09836212383909211
100000000.0,8,150,0.09830971268413916
100000000.0,8,151,0.09816515602186322
100000000.0,8,152,0.09816317898196682
100000000.0,8,153,0.09819542621052936
100000000.0,8,154,0.09803578827950328
100000000.0,8,155,0.09818696977435871
100000000.0,8,156,0.09813201137454361
100000000.0,8,157,0.09830741230414226
100000000.0,8,158,0.09835885237531229
100000000.0,8,159,0.09810330967339947
100000000.0,8,160,0.09807137878135606
100000000.0,8,161,0.0980203089697957
100000000.0,8,162,0.09799476850390464
100000000.0,8,163,0.09818860533018262
100000000.0,8,164,0.09830457405539661
100000000.0,8,165,0.09786948647813544
100000000.0,8,166,0.09820849447845027
100000000.0,8,167,0.09811922141179845
100000000.0,8,168,0.09809911534104601
100000000.0,8,169,0.09812024699886068
100000000.0,8,170,0.09808611893951058
100000000.0,8,171,0.09826449243049502
100000000.0,8,172,0.09819358646963283
100000000.0,8,173,0.09812593778672397
100000000.0,8,174,0.0982173362700525
100000000.0,8,175,0.09801836569010347
100000000.0,8,176,0.09784452598191946
100000000.0,8,177,0.09813991819117114
100000000.0,8,178,0.09799479639500186
100000000.0,8,179,0.09814145464844257
100000000.0,8,180,0.09823949067219645
100000000.0,8,181,0.09810382832619101
100000000.0,8,182,0.09823436376859844
100000000.0,8,183,0.0982531567638874
100000000.0,8,184,0.09821233222937897
100000000.0,8,185,0.09806165284266412
100000000.0,8,186,0.09793621183397427
100000000.0,8,187,0.09837151551219493
100000000.0,8,188,0.09805773803479136
100000000.0,8,189,0.09809820661137045
100000000.0,8,190,0.09808092321967528
100000000.0,8,191,0.09807007509016946
100000000.0,8,192,0.09803965084330052
100000000.0,8,193,0.09816298861317724
100000000.0,8,194,0.09790095260382145
100000000.0,8,195,0.09821257763224363
100000000.0,8,196,0.09806344265145138
100000000.0,8,197,0.09788680960323438
100000000.0,8,198,0.09827796031204879
100000000.0,8,199,0.09815209763305231
100000000.0,8,200,0.09792540325268984
100000000.0,8,201,0.09797497475506038
100000000.0,8,202,0.09806229801873609
100000000.0,8,203,0.09799457508654237
100000000.0,8,204,0.09849878977634147
100000000.0,8,205,0.09822668119305104
100000000.0,8,206,0.09800221895952642
100000000.0,8,207,0.09828972367766828
100000000.0,8,208,0.0981817258060208
100000000.0,8,209,0.09815030957498967
100000000.0,8,210,0.09779055709229231
100000000.0,8,211,0.0979331329275483
100000000.0,8,212,0.098220793261033
100000000.0,8,213,0.09795191180714995
100000000.0,8,214,0.09792751214815393
100000000.0,8,215,0.09836874537890986
100000000.0,8,216,0.09802986420622081
100000000.0,8,217,0.09833221801844225
100000000.0,8,218,0.09811059989729926
100000000.0,8,219,0.09815612496416673
100000000.0,8,220,0.09828854275785372
100000000.0,8,221,0.09818776503248185
100000000.0,8,222,0.09808939506675661
100000000.0,8,223,0.09802985833926976
100000000.0,8,224,0.09801104417004719
100000000.0,8,225,0.09789540065348595
100000000.0,8,226,0.09819438807012096
100000000.0,8,227,0.09799597727461055
100000000.0,8,228,0.09777450657019243
100000000.0,8,229,0.09839142052617028
100000000.0,8,230,0.0981310624276872
100000000.0,8,231,0.09844892751692205
100000000.0,8,232,0.09781646473011434
100000000.0,8,233,0.09771264951238781
100000000.0,8,234,0.09785256222923562
100000000.0,8,235,0.09799203327951879
100000000.0,8,236,0.09794980401316777
100000000.0,8,237,0.09808617406905248
100000000.0,8,238,0.09799914847942158
100000000.0,8,239,0.09846534643056631
100000000.0,8,240,0.09802444340332582
100000000.0,8,241,0.09821285023051367
100000000.0,8,242,0.09839640302438796
100000000.0,8,243,0.09794207249389246
100000000.0,8,244,0.09792209701445281
100000000.0,8,245,0.09796891812494055
100000000.0,8,246,0.09797760685962513
100000000.0,8,247,0.09817735952643142
100000000.0,8,248,0.09820406588510737
100000000.0,8,249,0.09810447497031347
100000000.0,8,250,0.09812682415788888
100000000.0,8,251,0.09813350204438016
100000000.0,8,252,0.09798932038840949
100000000.0,8,253,0.09813664493802905
100000000.0,8,254,0.09806422219452604
100000000.0,8,255,0.09805187170570508
100000000.0,8,256,0.09824852614213049
100000000.0,8,257,0.09785357781744301
100000000.0,8,258,0.09814288099999592
100000000.0,8,259,0.09837533841739327
100000000.0,8,260,0.09804226489053726
100000000.0,8,261,0.09807233995733276
100000000.0,8,262,0.09818979064510554
100000000.0,8,263,0.09808369610976667
100000000.0,8,264,0.09788925988992736
100000000.0,8,265,0.09831527771660492
100000000.0,8,266,0.0978224379930456
100000000.0,8,267,0.09778950276713892
100000000.0,8,268,0.09801768817820891
100000000.0,8,269,0.09783147705028787
100000000.0,8,270,0.09803102705699578
100000000.0,8,271,0.09817937573237463
100000000.0,8,272,0.09800978225022688
100000000.0,8,273,0.09787923965169028
100000000.0,8,274,0.09785919373059378
100000000.0,8,275,0.09831500530801729
100000000.0,8,276,0.09817140189180538
100000000.0,8,277,0.0981382644344151
100000000.0,8,278,0.09834850882542104
100000000.0,8,279,0.09793529818065941
100000000.0,8,280,0.09812886612755209
100000000.0,8,281,0.09812965498709723
100000000.0,8,282,0.09863701874282509
100000000.0,8,283,0.09812734649751813
100000000.0,8,284,0.09832752507245823
100000000.0,8,285,0.09849781074060752
100000000.0,8,286,0.09838235749327778
100000000.0,8,287,0.09799108347515956
100000000.0,8,288,0.09819890876686022
100000000.0,8,289,0.09816410419168696
100000000.0,8,290,0.09778295127612575
100000000.0,8,291,0.09791147282773734
100000000.0,8,292,0.09823867664883136
100000000.0,8,293,0.09815294643800482
100000000.0,8,294,0.09827514707524986
100000000.0,8,295,0.09809329853096932
100000000.0,8,296,0.09856017852169156
100000000.0,8,297,0.09817188515894815
100000000.0,8,298,0.0977505911239092
100000000.0,8,299,0.09796972558349087
100000000.0,8,300,0.09842866729457453
100000000.0,8,301,0.09806764488282413
100000000.0,8,302,0.097872943851351
100000000.0,8,303,0.09811895499749482
100000000.0,8,304,0.0979319373171568
100000000.0,8,305,0.09798029140420556
100000000.0,8,306,0.09807620527710051
100000000.0,8,307,0.09814687843280182
100000000.0,8,308,0.09783043696802676
100000000.0,8,309,0.09811923335203335
100000000.0,8,310,0.09807338708995536
100000000.0,8,311,0.09834640703429237
100000000.0,8,312,0.09798601201976315
100000000.0,8,313,0.09804808015406817
100000000.0,8,314,0.0980559105112499
100000000.0,8,315,0.09804735195627942
100000000.0,8,316,0.09796312380948245
100000000.0,8,317,0.09793668416350856
100000000.0,8,318,0.09810910121638805
100000000.0,8,319,0.09795464111592218
100000000.0,8,320,0.0981617814953588
100000000.0,8,321,0.09809683546528414
100000000.0,8,322,0.09805153462042496
100000000.0,8,323,0.09852015801523462
100000000.0,8,324,0.09794908890343726
100000000.0,8,325,0.09800792124610036
100000000.0,8,326,0.09829915208819255
100000000.0,8,327,0.09833328744495064
100000000.0,8,328,0.0982771092014131
100000000.0,8,329,0.09810305047950432
100000000.0,8,330,0.09780218998272092
100000000.0,8,331,0.09818587688803762
100000000.0,8,332,0.09814958025500953
100000000.0,8,333,0.09777912782375693
100000000.0,8,334,0.09807390138530582
100000000.0,8,335,0.09819824422820732
100000000.0,8,336,0.09810463959095746
100000000.0,8,337,0.09793131136011571
100000000.0,8,338,0.09803260620064244
100000000.0,8,339,0.09771075179268554
100000000.0,8,340,0.09796879899744228
100000000.0,8,341,0.09778254956475481
100000000.0,8,342,0.09826103786164
100000000.0,8,343,0.09795177616451055
100000000.0,8,344,0.09817291898062497
100000000.0,8,345,0.09796695272193641
100000000.0,8,346,0.09781822118261874
100000000.0,8,347,0.09824386949312508
100000000.0,8,348,0.09793634164601862
100000000.0,8,349,0.09813430427253887
100000000.0,8,350,0.09777394577882767
100000000.0,8,351,0.09828416833252504
100000000.0,8,352,0.09802925409451023
100000000.0,8,353,0.09827095799472571
100000000.0,8,354,0.09814446130814285
100000000.0,8,355,0.09813279544540421
100000000.0,8,356,0.09802248619382843
100000000.0,8,357,0.09824422424226881
100000000.0,8,358,0.09811686133699402
100000000.0,8,359,0.09824982174479335
100000000.0,8,360,0.09781410167541936
100000000.0,8,361,0.0980735068385078
100000000.0,8,362,0.09799916875804499
100000000.0,8,363,0.09795095470230669
100000000.0,8,364,0.09816658445340126
100000000.0,8,365,0.09800439674916908
100000000.0,8,366,0.09803942687738076
100000000.0,8,367,0.09781845262118667
100000000.0,8,368,0.09811467481926739
100000000.0,8,369,0.0980838882771039
100000000.0,8,370,0.09824841407634824
100000000.0,8,371,0.09834658908243463
100000000.0,8,372,0.09781535615670249
100000000.0,8,373,0.09819090677947298
100000000.0,8,374,0.0980264803742519
100000000.0,8,375,0.09806463209962026
100000000.0,8,376,0.09802126066769526
100000000.0,8,377,0.09821800380535528
100000000.0,8,378,0.09823700191729531
100000000.0,8,379,0.09812285791004792
100000000.0,8,380,0.09803373871748478
100000000.0,8,381,0.09818610971599549
100000000.0,8,382,0.09838501335896328
100000000.0,8,383,0.09795892205646127
100000000.0,8,384,0.09843745419255748
100000000.0,8,385,0.09817710963306427
100000000.0,8,386,0.09799456135488346
100000000.0,8,387,0.09851096513181015
100000000.0,8,388,0.09829237758742675
100000000.0,8,389,0.09805135176591083
100000000.0,8,390,0.09806294837162614
100000000.0,8,391,0.09806968331236168
100000000.0,8,392,0.09807920648694261
100000000.0,8,393,0.09812625094743788
100000000.0,8,394,0.0981146103584887
100000000.0,8,395,0.09823011265276879
100000000.0,8,396,0.09808754258741453
100000000.0,8,397,0.09800698358678057
100000000.0,8,398,0.09801153991649941
100000000.0,8,399,0.09834986410982013
100000000.0,8,400,0.09821229513829768
100000000.0,8,401,0.09820589140203104
100000000.0,8,402,0.09775994354444459
100000000.0,8,403,0.09835072962270841
100000000.0,8,404,0.09836194943051502
100000000.0,8,405,0.09797931245126337
100000000.0,8,406,0.09809696783039794
100000000.0,8,407,0.09802465515843749
100000000.0,8,408,0.09792024569190011
100000000.0,8,409,0.09824959263397545
100000000.0,8,410,0.09778133620971337
100000000.0,8,411,0.09784579039711669
100000000.0,8,412,0.09830732087856144
100000000.0,8,413,0.09828364354107946
100000000.0,8,414,0.0980608815137437
100000000.0,8,415,0.09787849090614394
100000000.0,8,416,0.09835870229564518
100000000.0,8,417,0.09778898332734406
100000000.0,8,418,0.09809336023728102
100000000.0,8,419,0.09806248174309716
100000000.0,8,420,0.09809314744370341
100000000.0,8,421,0.09840135664395332
100000000.0,8,422,0.09799328402923867
100000000.0,8,423,0.09808024947383702
100000000.0,8,424,0.09799256751079276
100000000.0,8,425,0.09792124403306096
100000000.0,8,426,0.09806369349145129
100000000.0,8,427,0.09789560961101204
100000000.0,8,428,0.09823245329916104
100000000.0,8,429,0.09801950441595182
100000000.0,8,430,0.09812638632278323
100000000.0,8,431,0.0980819300714226
100000000.0,8,432,0.09803502029756024
100000000.0,8,433,0.09814841826035321
100000000.0,8,434,0.09839201236125618
100000000.0,8,435,0.09801791858546242
100000000.0,8,436,0.09796578945650146
100000000.0,8,437,0.09778250555006847
100000000.0,8,438,0.09802419737844795
100000000.0,8,439,0.0981871448123385
100000000.0,8,440,0.09835329744476065
100000000.0,8,441,0.09828971141068757
100000000.0,8,442,0.09783233604967848
100000000.0,8,443,0.09839630809396566
100000000.0,8,444,0.0980450365552324
100000000.0,8,445,0.09801222195590675
100000000.0,8,446,0.098354691465974
100000000.0,8,447,0.09799508180213272
100000000.0,8,448,0.09791201262571812
100000000.0,8,449,0.09828322366818518
100000000.0,8,450,0.0981890110201329
100000000.0,8,451,0.09819509240003303
100000000.0,8,452,0.09792513003281086
100000000.0,8,453,0.09818203287509471
100000000.0,8,454,0.09785888836464837
100000000.0,8,455,0.09832624269774809
100000000.0,8,456,0.09823727968519226
100000000.0,8,457,0.09794876240641788
100000000.0,8,458,0.09832523252009333
100000000.0,8,459,0.09791376283404649
100000000.0,8,460,0.09788690899225623
100000000.0,8,461,0.09772875163662598
100000000.0,8,462,0.09811822058071076
100000000.0,8,463,0.0979614237907967
100000000.0,8,464,0.09813860466835424
100000000.0,8,465,0.09801718329339072
100000000.0,8,466,0.097903505288281
100000000.0,8,467,0.09824928892382159
100000000.0,8,468,0.09809171615615576
100000000.0,8,469,0.0980323791565512
100000000.0,8,470,0.09816234532874749
100000000.0,8,471,0.09807795407002047
100000000.0,8,472,0.09769841983723626
100000000.0,8,473,0.09808149918763309
100000000.0,8,474,0.09785727366488099
100000000.0,8,475,0.09804800833757445
100000000.0,8,476,0.09780556042364136
100000000.0,8,477,0.0978719626353994
100000000.0,8,478,0.09813239370118379
100000000.0,8,479,0.0976399322546053
100000000.0,8,480,0.09811105209681585
100000000.0,8,481,0.09787847720537811
100000000.0,8,482,0.09776515340063914
100000000.0,8,483,0.0976911113631846
100000000.0,8,484,0.09783148196599856
100000000.0,8,485,0.09797121325849592
100000000.0,8,486,0.09806431024523989
100000000.0,8,487,0.09790527413865342
100000000.0,8,488,0.09809057213944689
100000000.0,8,489,0.0982618018685612
100000000.0,8,490,0.09808962371952519
100000000.0,8,491,0.09801707007309093
100000000.0,8,492,0.09819717377131537
100000000.0,8,493,0.09807782953313023
100000000.0,8,494,0.09815174632324249
100000000.0,8,495,0.09824974030180306
100000000.0,8,496,0.0980781120600523
100000000.0,8,497,0.0979709401014422
100000000.0,8,498,0.09835319137047246
100000000.0,8,499,0.09795380467364385
100000000.0,8,500,0.09819076245298326
1000000000.0,9,1,0.09814281711318254
1000000000.0,9,2,0.09811239653917575
1000000000.0,9,3,0.09793481703494454
1000000000.0,9,4,0.09810614424068308
1000000000.0,9,5,0.09821482229268003
1000000000.0,9,6,0.09810116913151432
1000000000.0,9,7,0.09807432721759081
1000000000.0,9,8,0.09808539837943292
1000000000.0,9,9,0.09818492903722978
1000000000.0,9,10,0.09803672414989162
1000000000.0,9,11,0.09802947336850071
1000000000.0,9,12,0.09803807863043118
1000000000.0,9,13,0.09805876564845299
1000000000.0,9,14,0.0981713567490549
1000000000.0,9,15,0.0979454261685667
1000000000.0,9,16,0.09808811741582012
1000000000.0,9,17,0.09807116378334427
1000000000.0,9,18,0.09808350125327658
1000000000.0,9,19,0.09800312178118228
1000000000.0,9,20,0.09814660174168062
1000000000.0,9,21,0.0980615531925323
1000000000.0,9,22,0.09812556172409702
1000000000.0,9,23,0.09811615559237623
1000000000.0,9,24,0.0979979635669787
1000000000.0,9,25,0.09814293530744672
1000000000.0,9,26,0.09808417050284934
1000000000.0,9,27,0.09802525038821364
1000000000.0,9,28,0.0981431685195198
1000000000.0,9,29,0.09808347512996006
1000000000.0,9,30,0.09816742275431371
1000000000.0,9,31,0.09801713422254729
1000000000.0,9,32,0.09804262185605478
1000000000.0,9,33,0.09812725318254828
1000000000.0,9,34,0.09806569207172608
1000000000.0,9,35,0.09812678070222616
1000000000.0,9,36,0.0981503057043643
1000000000.0,9,37,0.09806394542013454
1000000000.0,9,38,0.09804969188981556
1000000000.0,9,39,0.09809690948783063
1000000000.0,9,40,0.09817698818213368
1000000000.0,9,41,0.09799363558426094
1000000000.0,9,42,0.09816862458580923
1000000000.0,9,43,0.09813473267509794
1000000000.0,9,44,0.09807587550279927
1000000000.0,9,45,0.0980181378894546
1000000000.0,9,46,0.09809102628222442
1000000000.0,9,47,0.09800481199170805
1000000000.0,9,48,0.09812174129197478
1000000000.0,9,49,0.0980842178652277
1000000000.0,9,50,0.0980762044731555
1000000000.0,9,51,0.09803493280971073
1000000000.0,9,52,0.09802065732067942
1000000000.0,9,53,0.09811714566579556
1000000000.0,9,54,0.09800577536175609
1000000000.0,9,55,0.09807219756193424
1000000000.0,9,56,0.09807112659090686
1000000000.0,9,57,0.0981415557810657
1000000000.0,9,58,0.098165157446208
1000000000.0,9,59,0.09811888133795452
1000000000.0,9,60,0.09819190420728803
1000000000.0,9,61,0.09802181307072305
1000000000.0,9,62,0.0980846762906201
1000000000.0,9,63,0.09813784464294291
1000000000.0,9,64,0.09809447520824838
1000000000.0,9,65,0.09810125964116526
1000000000.0,9,66,0.09804949600142025
1000000000.0,9,67,0.09808183230211281
1000000000.0,9,68,0.09812776203187991
1000000000.0,9,69,0.09822867467852521
1000000000.0,9,70,0.09804856549093509
1000000000.0,9,71,0.09804421567012525
1000000000.0,9,72,0.09810031706813907
1000000000.0,9,73,0.09807364408324885
1000000000.0,9,74,0.09819792258993315
1000000000.0,9,75,0.09816770424697614
1000000000.0,9,76,0.09808814752036547
1000000000.0,9,77,0.09804967486522817
1000000000.0,9,78,0.09814253123764015
1000000000.0,9,79,0.09805904388867569
1000000000.0,9,80,0.09808195368378639
1000000000.0,9,81,0.09807571616523933
1000000000.0,9,82,0.09811084921151829
1000000000.0,9,83,0.09796974455263996
1000000000.0,9,84,0.09801487931954313
1000000000.0,9,85,0.09814110983414841
1000000000.0,9,86,0.0981646648131516
1000000000.0,9,87,0.0981224902461741
1000000000.0,9,88,0.09805450382243872
1000000000.0,9,89,0.09813343457572436
1000000000.0,9,90,0.0980757145830934
1000000000.0,9,91,0.09805340843057489
1000000000.0,9,92,0.09819230157009745
1000000000.0,9,93,0.09808462106181216
1000000000.0,9,94,0.09810882624281288
1000000000.0,9,95,0.09807347368363237
1000000000.0,9,96,0.09817497310483957
1000000000.0,9,97,0.09811148672303176
1000000000.0,9,98,0.09801230302809238
1000000000.0,9,99,0.09807654077645779
1000000000.0,9,100,0.09816196291721582
1000000000.0,9,101,0.09811855845110583
1000000000.0,9,102,0.0980988342079134
1000000000.0,9,103,0.09818308252563357
1000000000.0,9,104,0.09804745322572612
1000000000.0,9,105,0.09814107151130819
1000000000.0,9,106,0.09810511498395873
1000000000.0,9,107,0.09816211958645106
1000000000.0,9,108,0.09803804939435769
1000000000.0,9,109,0.09813817060773777
1000000000.0,9,110,0.09807099547716475
1000000000.0,9,111,0.098076647946455
1000000000.0,9,112,0.09807438090300989
1000000000.0,9,113,0.09821534485294056
1000000000.0,9,114,0.09812023422706652
1000000000.0,9,115,0.0980489783258667
1000000000.0,9,116,0.09812559239969945
1000000000.0,9,117,0.09797359282314992
1000000000.0,9,118,0.09815597660674405
1000000000.0,9,119,0.09806982498598624
1000000000.0,9,120,0.09805230989761972
1000000000.0,9,121,0.09805957185675812
1000000000.0,9,122,0.09812590548907757
1000000000.0,9,123,0.09799046799025393
1000000000.0,9,124,0.09809169227172256
1000000000.0,9,125,0.09805638653123999
1000000000.0,9,126,0.09799607707924819
1000000000.0,9,127,0.09818912343611003
1000000000.0,9,128,0.09809614891199303
1000000000.0,9,129,0.09806536842131854
1000000000.0,9,130,0.09806520717516946
1000000000.0,9,131,0.09806319206004573
1000000000.0,9,132,0.09802437746756577
1000000000.0,9,133,0.09812714233786082
1000000000.0,9,134,0.09809095108541513
1000000000.0,9,135,0.0982052945793922
1000000000.0,9,136,0.09810381482935167
1000000000.0,9,137,0.09807288693412972
1000000000.0,9,138,0.09814155596292139
1000000000.0,9,139,0.09809571007049656
1000000000.0,9,140,0.09810927636654425
1000000000.0,9,141,0.09801854058506393
1000000000.0,9,142,0.0981622509009416
1000000000.0,9,143,0.09814448022304606
1000000000.0,9,144,0.09810853583398867
1000000000.0,9,145,0.09800024412754155
1000000000.0,9,146,0.09809298882407713
1000000000.0,9,147,0.09805141854667807
1000000000.0,9,148,0.09810600394421101
1000000000.0,9,149,0.09811207587983466
1000000000.0,9,150,0.0980595331944189
1000000000.0,9,151,0.09815235703961372
1000000000.0,9,152,0.0980599398018465
1000000000.0,9,153,0.0981694345712576
1000000000.0,9,154,0.09803310423561669
1000000000.0,9,155,0.098144115338943
1000000000.0,9,156,0.0981647895848601
1000000000.0,9,157,0.09799006920738959
1000000000.0,9,158,0.09814706838880563
1000000000.0,9,159,0.09806978855370807
1000000000.0,9,160,0.09810213907103849
1000000000.0,9,161,0.09815005700299144
1000000000.0,9,162,0.09799965816245079
1000000000.0,9,163,0.09816737572646046
1000000000.0,9,164,0.09794748699542666
1000000000.0,9,165,0.09816388039201307
1000000000.0,9,166,0.09805921770029997
1000000000.0,9,167,0.09801477953642679
1000000000.0,9,168,0.09814440678928017
1000000000.0,9,169,0.09803297861535788
1000000000.0,9,170,0.09801574304775619
1000000000.0,9,171,0.0981154827578702
1000000000.0,9,172,0.09804447807363796
1000000000.0,9,173,0.09802761142994404
1000000000.0,9,174,0.09812108659602475
1000000000.0,9,175,0.09808835329924392
1000000000.0,9,176,0.09812916562382626
1000000000.0,9,177,0.09803860110535836
1000000000.0,9,178,0.09809831254367518
1000000000.0,9,179,0.09810721873883319
1000000000.0,9,180,0.09811757515271283
1000000000.0,9,181,0.09811866973613238
1000000000.0,9,182,0.09816000488398074
1000000000.0,9,183,0.09819779088308597
1000000000.0,9,184,0.09812582443917323
1000000000.0,9,185,0.09817971567278194
1000000000.0,9,186,0.09803124909212661
1000000000.0,9,187,0.09811792266583585
1000000000.0,9,188,0.09814828667498994
1000000000.0,9,189,0.0981100166941762
1000000000.0,9,190,0.09811324057987737
1000000000.0,9,191,0.09812798188484598
1000000000.0,9,192,0.09803908893494177
1000000000.0,9,193,0.09800703322137022
1000000000.0,9,194,0.09814169603125501
1000000000.0,9,195,0.09810905015139985
1000000000.0,9,196,0.09810667992777347
1000000000.0,9,197,0.09806389688006759
1000000000.0,9,198,0.0980729683907199
1000000000.0,9,199,0.09806465240624547
1000000000.0,9,200,0.09804970992461061
1000000000.0,9,201,0.09808292767426371
1000000000.0,9,202,0.09805694627093696
1000000000.0,9,203,0.09796046938028026
1000000000.0,9,204,0.0981473507492156
1000000000.0,9,205,0.09809114070682669
1000000000.0,9,206,0.09807956688097096
1000000000.0,9,207,0.09815894895471668
1000000000.0,9,208,0.09816377851903582
1000000000.0,9,209,0.09814417549025178
1000000000.0,9,210,0.09816522700457192
1000000000.0,9,211,0.09802263816837073
1000000000.0,9,212,0.09807280929481386
1000000000.0,9,213,0.09810578452453471
1000000000.0,9,214,0.09812441993575596
1000000000.0,9,215,0.09823073312789345
1000000000.0,9,216,0.0981101901960814
1000000000.0,9,217,0.0980784227516427
1000000000.0,9,218,0.0981573406476028
1000000000.0,9,219,0.09808671476091003
1000000000.0,9,220,0.0981988995335865
1000000000.0,9,221,0.09806335925494528
1000000000.0,9,222,0.09808978119132185
1000000000.0,9,223,0.09810883862643123
1000000000.0,9,224,0.0980527692509036
1000000000.0,9,225,0.09804325855952097
1000000000.0,9,226,0.09809583760898447
1000000000.0,9,227,0.09811390718014931
1000000000.0,9,228,0.09806213723010254
1000000000.0,9,229,0.09804301997465587
1000000000.0,9,230,0.09819639579294252
1000000000.0,9,231,0.098132260767246
1000000000.0,9,232,0.09817077389763808
1000000000.0,9,233,0.09815362528053737
1000000000.0,9,234,0.0981301816669221
1000000000.0,9,235,0.0981077033520658
1000000000.0,9,236,0.09805987091690326
1000000000.0,9,237,0.09815045486653114
1000000000.0,9,238,0.09795770828529858
1000000000.0,9,239,0.09800937593447351
1000000000.0,9,240,0.0980825094467721
1000000000.0,9,241,0.09808062627171016
1000000000.0,9,242,0.09815668113072515
1000000000.0,9,243,0.0980556956072681
1000000000.0,9,244,0.0980269814482236
1000000000.0,9,245,0.09810360522871041
1000000000.0,9,246,0.09806413921032572
1000000000.0,9,247,0.0981202526101098
1000000000.0,9,248,0.09808765634286189
1000000000.0,9,249,0.09816932383020878
1000000000.0,9,250,0.09818574131572629
1000000000.0,9,251,0.09811402511294318
1000000000.0,9,252,0.09816611167810273
1000000000.0,9,253,0.09804040898840427
1000000000.0,9,254,0.09808971679203535
1000000000.0,9,255,0.09811194635314727
1000000000.0,9,256,0.09814052164609241
1000000000.0,9,257,0.09823839720327258
1000000000.0,9,258,0.09808791173924064
1000000000.0,9,259,0.0981752591410265
1000000000.0,9,260,0.09799149071012998
1000000000.0,9,261,0.09813291575816846
1000000000.0,9,262,0.09817278075985313
1000000000.0,9,263,0.09811371047698879
1000000000.0,9,264,0.09813572489359712
1000000000.0,9,265,0.09805533349956488
1000000000.0,9,266,0.09811074348023892
1000000000.0,9,267,0.09808618769783235
1000000000.0,9,268,0.09813150414867734
1000000000.0,9,269,0.09800953850885726
1000000000.0,9,270,0.09810280454925728
1000000000.0,9,271,0.09816109996559072
1000000000.0,9,272,0.09811909380321669
1000000000.0,9,273,0.09810411959811782
1000000000.0,9,274,0.09809570363067006
1000000000.0,9,275,0.09803715631300855
1000000000.0,9,276,0.09811780796228552
1000000000.0,9,277,0.09799317854971147
1000000000.0,9,278,0.09805100206931282
1000000000.0,9,279,0.09803355705149865
1000000000.0,9,280,0.0979793783551364
1000000000.0,9,281,0.09808422792691708
1000000000.0,9,282,0.09814103712215066
1000000000.0,9,283,0.09813932894131708
1000000000.0,9,284,0.09808737210841537
1000000000.0,9,285,0.09825252035373401
1000000000.0,9,286,0.09816210520058895
1000000000.0,9,287,0.09813286222898387
1000000000.0,9,288,0.09806046174347686
1000000000.0,9,289,0.0980388376205566
1000000000.0,9,290,0.09812085501317143
1000000000.0,9,291,0.09803340174936366
1000000000.0,9,292,0.09810274577362514
1000000000.0,9,293,0.09819118730954575
1000000000.0,9,294,0.09804053759777236
1000000000.0,9,295,0.09808374464745974
1000000000.0,9,296,0.09819119277368331
1000000000.0,9,297,0.09810000073650527
1000000000.0,9,298,0.09798423321965576
1000000000.0,9,299,0.09811222202081538
1000000000.0,9,300,0.09810407606127595
1000000000.0,9,301,0.0980985659951663
1000000000.0,9,302,0.09799388030560302
1000000000.0,9,303,0.09808230377596855
1000000000.0,9,304,0.09808802896567678
1000000000.0,9,305,0.09812578675095868
1000000000.0,9,306,0.09806118576034284
1000000000.0,9,307,0.0981371295765388
1000000000.0,9,308,0.09809065886376905
1000000000.0,9,309,0.0980472709949038
1000000000.0,9,310,0.09820312737802815
1000000000.0,9,311,0.09820567217317319
1000000000.0,9,312,0.09802883498237419
1000000000.0,9,313,0.09810231062514042
1000000000.0,9,314,0.09812773356757355
1000000000.0,9,315,0.09804228121351719
1000000000.0,9,316,0.09814035435949278
1000000000.0,9,317,0.0981108134746089
1000000000.0,9,318,0.09809870969378758
1000000000.0,9,319,0.09803754344104719
1000000000.0,9,320,0.09813807812893056
1000000000.0,9,321,0.09808843057295966
1000000000.0,9,322,0.09811069742237663
1000000000.0,9,323,0.09818453620786333
1000000000.0,9,324,0.09814846263431692
1000000000.0,9,325,0.09806157159047103
1000000000.0,9,326,0.098082162342592
1000000000.0,9,327,0.09812586884231662
1000000000.0,9,328,0.09807755647387409
1000000000.0,9,329,0.09818083246726203
1000000000.0,9,330,0.09807993486246228
1000000000.0,9,331,0.09804673089352656
1000000000.0,9,332,0.09811135886046958
1000000000.0,9,333,0.09807318943152046
1000000000.0,9,334,0.09810267729406309
1000000000.0,9,335,0.09809501445567513
1000000000.0,9,336,0.09805009121456384
1000000000.0,9,337,0.09801117694440198
1000000000.0,9,338,0.09809372374825645
1000000000.0,9,339,0.09814215373818684
1000000000.0,9,340,0.09811936993654108
1000000000.0,9,341,0.09800598104794025
1000000000.0,9,342,0.09806694261588526
1000000000.0,9,343,0.09817540136913872
1000000000.0,9,344,0.09805850302420473
1000000000.0,9,345,0.09813585357076239
1000000000.0,9,346,0.09814399999319624
1000000000.0,9,347,0.09806825138126993
1000000000.0,9,348,0.09809295205668069
1000000000.0,9,349,0.09804448468458342
1000000000.0,9,350,0.0980190994810655
1000000000.0,9,351,0.09809673709176873
1000000000.0,9,352,0.09809325579462742
1000000000.0,9,353,0.09808089640334391
1000000000.0,9,354,0.09808477440527702
1000000000.0,9,355,0.09812650865284944
1000000000.0,9,356,0.09811617632168841
1000000000.0,9,357,0.09800943707621193
1000000000.0,9,358,0.09810808482105612
1000000000.0,9,359,0.09803815556786442
1000000000.0,9,360,0.09813536134513044
1000000000.0,9,361,0.09805513535516333
1000000000.0,9,362,0.09814126025369072
1000000000.0,9,363,0.09816320260493398
1000000000.0,9,364,0.09809221998563052
1000000000.0,9,365,0.09811959541376662
1000000000.0,9,366,0.098086910762959
1000000000.0,9,367,0.0980718351725254
1000000000.0,9,368,0.09806454762153625
1000000000.0,9,369,0.09812227318339348
1000000000.0,9,370,0.09805413367416406
1000000000.0,9,371,0.09803024639999795
1000000000.0,9,372,0.09807444591472864
1000000000.0,9,373,0.0980711142714007
1000000000.0,9,374,0.09809193538262749
1000000000.0,9,375,0.09796167200076032
1000000000.0,9,376,0.09815184644725561
1000000000.0,9,377,0.09818052568009591
1000000000.0,9,378,0.0981018463734684
1000000000.0,9,379,0.09811164258965277
1000000000.0,9,380,0.09809907781845832
1000000000.0,9,381,0.09807746468895649
1000000000.0,9,382,0.09810803258485269
1000000000.0,9,383,0.09810480164364671
1000000000.0,9,384,0.09803895725527383
1000000000.0,9,385,0.09809672566984558
1000000000.0,9,386,0.09807844839082312
1000000000.0,9,387,0.09812422951010204
1000000000.0,9,388,0.0980939903862753
1000000000.0,9,389,0.09804462657974529
1000000000.0,9,390,0.09802403837121844
1000000000.0,9,391,0.09811521991613173
1000000000.0,9,392,0.09819796738025069
1000000000.0,9,393,0.09799462539642262
1000000000.0,9,394,0.09812257972785378
1000000000.0,9,395,0.09811442674961018
1000000000.0,9,396,0.09803514429587794
1000000000.0,9,397,0.0980163595075841
1000000000.0,9,398,0.09815009340860176
1000000000.0,9,399,0.098032565894567
1000000000.0,9,400,0.0980643027952683
1000000000.0,9,401,0.0981118707751913
1000000000.0,9,402,0.09803089681498814
1000000000.0,9,403,0.09815396092228126
1000000000.0,9,404,0.09807129614264964
1000000000.0,9,405,0.09803261013564515
1000000000.0,9,406,0.09800746765369606
1000000000.0,9,407,0.09808549193308305
1000000000.0,9,408,0.09818661006862425
1000000000.0,9,409,0.09814510467266274
1000000000.0,9,410,0.09803334525214696
1000000000.0,9,411,0.09807351068359804
1000000000.0,9,412,0.09811135574924898
1000000000.0,9,413,0.09806746745664191
1000000000.0,9,414,0.09807286958963442
1000000000.0,9,415,0.09803434558297944
1000000000.0,9,416,0.09809414628723954
1000000000.0,9,417,0.09818168422702146
1000000000.0,9,418,0.09814628565769648
1000000000.0,9,419,0.09809255820397425
1000000000.0,9,420,0.09804537059885597
1000000000.0,9,421,0.0981463636495986
1000000000.0,9,422,0.0980589678639052
1000000000.0,9,423,0.09807483802753711
1000000000.0,9,424,0.0980759724850626
1000000000.0,9,425,0.09805346956122851
1000000000.0,9,426,0.09806765605282855
1000000000.0,9,427,0.09813596777799344
1000000000.0,9,428,0.09809936603487707
1000000000.0,9,429,0.09809037004624581
1000000000.0,9,430,0.09814899023480987
1000000000.0,9,431,0.0981545999998312
1000000000.0,9,432,0.09811802317486883
1000000000.0,9,433,0.09801026788326955
1000000000.0,9,434,0.0982324461479745
1000000000.0,9,435,0.09801369359174919
1000000000.0,9,436,0.09812928042345286
1000000000.0,9,437,0.09812755905669046
1000000000.0,9,438,0.09803207865235353
1000000000.0,9,439,0.09806467551408386
1000000000.0,9,440,0.09810713719964552
1000000000.0,9,441,0.09804941419083882
1000000000.0,9,442,0.09811965530588054
1000000000.0,9,443,0.09797246517596078
1000000000.0,9,444,0.09804653350940895
1000000000.0,9,445,0.09808703635283064
1000000000.0,9,446,0.09806959029688
1000000000.0,9,447,0.09807685896903634
1000000000.0,9,448,0.09806579656630492
1000000000.0,9,449,0.09806042844584846
1000000000.0,9,450,0.09807703971503091
1000000000.0,9,451,0.09809827624677706
1000000000.0,9,452,0.09809290450175881
1000000000.0,9,453,0.09800155410002351
1000000000.0,9,454,0.09811053141849184
1000000000.0,9,455,0.09805101666327358
1000000000.0,9,456,0.09807890375979782
1000000000.0,9,457,0.09816445763010716
1000000000.0,9,458,0.09804357772478342
1000000000.0,9,459,0.09804793936199617
1000000000.0,9,460,0.09816270817954206
1000000000.0,9,461,0.09806034403480363
1000000000.0,9,462,0.09806471008078217
1000000000.0,9,463,0.09820765776135087
1000000000.0,9,464,0.09804253611550903
1000000000.0,9,465,0.09804709679054785
1000000000.0,9,466,0.09812208727674698
1000000000.0,9,467,0.09809170882982493
1000000000.0,9,468,0.09806694748139166
1000000000.0,9,469,0.09817190405008792
1000000000.0,9,470,0.09811336926181602
1000000000.0,9,471,0.09807433248947549
1000000000.0,9,472,0.09809422118032837
1000000000.0,9,473,0.09813154939593315
1000000000.0,9,474,0.09808152015171981
1000000000.0,9,475,0.09802427412693167
1000000000.0,9,476,0.09803932543986392
1000000000.0,9,477,0.09808513459613442
1000000000.0,9,478,0.09812160003148913
1000000000.0,9,479,0.09808118513156366
1000000000.0,9,480,0.09812117024601388
1000000000.0,9,481,0.09809880881465745
1000000000.0,9,482,0.0980769148821156
1000000000.0,9,483,0.09812749657309866
1000000000.0,9,484,0.09810978875602698
1000000000.0,9,485,0.09803202355163479
1000000000.0,9,486,0.09806973473043847
1000000000.0,9,487,0.09810813268232918
1000000000.0,9,488,0.09792236048859548
1000000000.0,9,489,0.09814139025290369
1000000000.0,9,490,0.098063812641114
1000000000.0,9,491,0.09797437846662474
1000000000.0,9,492,0.09807974176459146
1000000000.0,9,493,0.0980745777538569
1000000000.0,9,494,0.09806580004179596
1000000000.0,9,495,0.09809340394900799
1000000000.0,9,496,0.09811629751027155
1000000000.0,9,497,0.0981191697672863
1000000000.0,9,498,0.09802712924364304
1000000000.0,9,499,0.09809704683115245
1000000000.0,9,500,0.0980570052167468
10000000000.0,10,1,0.09806775693729705
10000000000.0,10,2,0.09811514049906787
10000000000.0,10,3,0.09809132848124351
10000000000.0,10,4,0.09809287403461894
10000000000.0,10,5,0.09810441531119422
10000000000.0,10,6,0.09810192840447846
10000000000.0,10,7,0.09809514154139633
10000000000.0,10,8,0.09810117879747925
10000000000.0,10,9,0.09810216037763882
10000000000.0,10,10,0.09809602035887088
10000000000.0,10,11,0.09807351500247555
10000000000.0,10,12,0.09809851609856529
10000000000.0,10,13,0.09810450988578072
10000000000.0,10,14,0.09808800910879555
10000000000.0,10,15,0.09808488462931424
10000000000.0,10,16,0.09807931383195172
10000000000.0,10,17,0.09810234143133316
10000000000.0,10,18,0.09809295694766121
10000000000.0,10,19,0.09810483664857789
10000000000.0,10,20,0.09810188186094741
10000000000.0,10,21,0.09812301062316094
10000000000.0,10,22,0.09808998166732007
10000000000.0,10,23,0.09809914766075935
10000000000.0,10,24,0.09807737823311806
10000000000.0,10,25,0.09811702446039981
10000000000.0,10,26,0.09810241827207661
10000000000.0,10,27,0.09808128100500488
10000000000.0,10,28,0.09809148090967254
10000000000.0,10,29,0.09808508999417744
10000000000.0,10,30,0.098067727537541
10000000000.0,10,31,0.09810904028871746
10000000000.0,10,32,0.09811182478005981
10000000000.0,10,33,0.0981220100878254
10000000000.0,10,34,0.09808726161089076
10000000000.0,10,35,0.09809596100476875
10000000000.0,10,36,0.09809231110069713
10000000000.0,10,37,0.09814912325151577
10000000000.0,10,38,0.09807544839571819
10000000000.0,10,39,0.09809794202185135
10000000000.0,10,40,0.09810242376748371
10000000000.0,10,41,0.09809050330406552
10000000000.0,10,42,0.0980851841141407
10000000000.0,10,43,0.09809367429704056
10000000000.0,10,44,0.09804193852314759
10000000000.0,10,45,0.09809424367127266
10000000000.0,10,46,0.09809692555654353
10000000000.0,10,47,0.0980623705423666
10000000000.0,10,48,0.09807888242763481
10000000000.0,10,49,0.0980772108397089
10000000000.0,10,50,0.09805577757180424
10000000000.0,10,51,0.09813190035396538
10000000000.0,10,52,0.09808109762858887
10000000000.0,10,53,0.09807601709102706
10000000000.0,10,54,0.09808811906401062
10000000000.0,10,55,0.0980615693722023
10000000000.0,10,56,0.09809538447972832
10000000000.0,10,57,0.09809911919154721
10000000000.0,10,58,0.09809847863525657
10000000000.0,10,59,0.0980744772806488
10000000000.0,10,60,0.09811083365906029
10000000000.0,10,61,0.0980948547521061
10000000000.0,10,62,0.09810644877955971
10000000000.0,10,63,0.09809128913307533
10000000000.0,10,64,0.09809862103509197
10000000000.0,10,65,0.09809122682799092
10000000000.0,10,66,0.09811799661196079
10000000000.0,10,67,0.098073847805513
10000000000.0,10,68,0.09808348158830661
10000000000.0,10,69,0.09809540381027317
10000000000.0,10,70,0.09812594213473892
10000000000.0,10,71,0.09813129462825604
10000000000.0,10,72,0.09806523185378227
10000000000.0,10,73,0.09808321272482624
10000000000.0,10,74,0.09807597597046071
10000000000.0,10,75,0.09807757070372715
10000000000.0,10,76,0.09811914602485848
10000000000.0,10,77,0.09810756358527355
10000000000.0,10,78,0.09809393710634041
10000000000.0,10,79,0.09808686480705948
10000000000.0,10,80,0.09806443350408249
10000000000.0,10,81,0.09806987333527088
10000000000.0,10,82,0.0981366983311758
10000000000.0,10,83,0.0981169964053629
10000000000.0,10,84,0.09808664955792465
10000000000.0,10,85,0.09805164236131592
10000000000.0,10,86,0.09809195273167438
10000000000.0,10,87,0.09805839969821567
10000000000.0,10,88,0.09810656321975669
10000000000.0,10,89,0.09806298596403103
10000000000.0,10,90,0.09809497240444202
10000000000.0,10,91,0.09806294745179119
10000000000.0,10,92,0.09809270817524242
10000000000.0,10,93,0.0981083221540823
10000000000.0,10,94,0.09808810143996811
10000000000.0,10,95,0.09807566990028038
10000000000.0,10,96,0.09810664964077645
10000000000.0,10,97,0.09810420644592933
10000000000.0,10,98,0.09809459943521252
10000000000.0,10,99,0.09808790234082775
10000000000.0,10,100,0.09810724119550152
10000000000.0,10,101,0.0980894947118576
10000000000.0,10,102,0.09810348712327442
10000000000.0,10,103,0.09808725649956818
10000000000.0,10,104,0.09808503626016579
10000000000.0,10,105,0.09808141935060978
10000000000.0,10,106,0.09809722604127903
10000000000.0,10,107,0.09804763585119705
10000000000.0,10,108,0.09809103190858402
10000000000.0,10,109,0.09808869453148021
10000000000.0,10,110,0.0980986143398224
10000000000.0,10,111,0.09808935188943996
10000000000.0,10,112,0.0981147970556591
10000000000.0,10,113,0.098078608975424
10000000000.0,10,114,0.09807988464958534
10000000000.0,10,115,0.09810208426557025
10000000000.0,10,116,0.09809514548620148
10000000000.0,10,117,0.09808993659744053
10000000000.0,10,118,0.09811686921406307
10000000000.0,10,119,0.09808925322785854
10000000000.0,10,120,0.09809241944492969
10000000000.0,10,121,0.09810885869361344
10000000000.0,10,122,0.09809047945906829
10000000000.0,10,123,0.09809435145774098
10000000000.0,10,124,0.09808625210437126
10000000000.0,10,125,0.09811971458733673
10000000000.0,10,126,0.09808202271935139
10000000000.0,10,127,0.09812398604742051
10000000000.0,10,128,0.09809047963557949
10000000000.0,10,129,0.09809868663020974
10000000000.0,10,130,0.09809289308661728
10000000000.0,10,131,0.09809103694703178
10000000000.0,10,132,0.09808349990251503
10000000000.0,10,133,0.09812399489074383
10000000000.0,10,134,0.0980558229575901
10000000000.0,10,135,0.09813029950505371
10000000000.0,10,136,0.098132552784832
10000000000.0,10,137,0.09809714175690212
10000000000.0,10,138,0.09810682302818642
10000000000.0,10,139,0.09809122861262856
10000000000.0,10,140,0.0980973022968092
10000000000.0,10,141,0.09810779229095459
10000000000.0,10,142,0.09811207259637851
10000000000.0,10,143,0.09811263357775345
10000000000.0,10,144,0.0980454714448452
10000000000.0,10,145,0.09808017147473297
10000000000.0,10,146,0.09805725404346276
10000000000.0,10,147,0.09811456377806625
10000000000.0,10,148,0.09810782090848465
10000000000.0,10,149,0.09810105215505505
10000000000.0,10,150,0.09812204794635124
10000000000.0,10,151,0.09807799783281002
10000000000.0,10,152,0.09809277154041901
10000000000.0,10,153,0.09811891753429508
10000000000.0,10,154,0.09807503603202725
10000000000.0,10,155,0.0981209586419464
10000000000.0,10,156,0.09807281229266719
10000000000.0,10,157,0.09806710083128757
10000000000.0,10,158,0.09807112440034618
10000000000.0,10,159,0.09808563242232342
10000000000.0,10,160,0.0980778297495615
10000000000.0,10,161,0.09811056499642581
10000000000.0,10,162,0.09811619614749241
10000000000.0,10,163,0.09810863734830647
10000000000.0,10,164,0.09810885788890286
10000000000.0,10,165,0.09812189691022091
10000000000.0,10,166,0.09810731706034909
10000000000.0,10,167,0.09806631743130474
10000000000.0,10,168,0.09813159109489289
10000000000.0,10,169,0.09810945295272293
10000000000.0,10,170,0.09811677992982273
10000000000.0,10,171,0.09808246239194583
10000000000.0,10,172,0.09809859310422954
10000000000.0,10,173,0.09810708635226192
10000000000.0,10,174,0.09810253700932274
10000000000.0,10,175,0.0980866617848177
10000000000.0,10,176,0.09811648238008633
10000000000.0,10,177,0.09806201746152
10000000000.0,10,178,0.09808734026068669
10000000000.0,10,179,0.09811496749348335
10000000000.0,10,180,0.09808661824128552
10000000000.0,10,181,0.09809430840075646
10000000000.0,10,182,0.09807404205149613
10000000000.0,10,183,0.0981105911903389
10000000000.0,10,184,0.09811070341572056
10000000000.0,10,185,0.09810642600814438
10000000000.0,10,186,0.09810949784634342
10000000000.0,10,187,0.09809850117928086
10000000000.0,10,188,0.09810655424925595
10000000000.0,10,189,0.09810338846898155
10000000000.0,10,190,0.09809872377390423
10000000000.0,10,191,0.09804558292208633
10000000000.0,10,192,0.09807930393115712
10000000000.0,10,193,0.09809860716514492
10000000000.0,10,194,0.09809809720268231
10000000000.0,10,195,0.0981079698364458
10000000000.0,10,196,0.0980833104620472
10000000000.0,10,197,0.09806195698030472
10000000000.0,10,198,0.0980886305659647
10000000000.0,10,199,0.09808614747778721
10000000000.0,10,200,0.09808782101123924
10000000000.0,10,201,0.09809707467966786
10000000000.0,10,202,0.09810660868820743
10000000000.0,10,203,0.09810986151761875
10000000000.0,10,204,0.09810255841613827
10000000000.0,10,205,0.09810671498755608
10000000000.0,10,206,0.09806656249919776
10000000000.0,10,207,0.09805817324212342
10000000000.0,10,208,0.09807598051309356
10000000000.0,10,209,0.09810329585903454
10000000000.0,10,210,0.09809641490427322
10000000000.0,10,211,0.09810537665858192
10000000000.0,10,212,0.09808615263730144
10000000000.0,10,213,0.09808412903011837
10000000000.0,10,214,0.09813843904139137
10000000000.0,10,215,0.09812390459290829
10000000000.0,10,216,0.09809270809104272
10000000000.0,10,217,0.0980787368355442
10000000000.0,10,218,0.09809421524172707
10000000000.0,10,219,0.09807197447109661
10000000000.0,10,220,0.09810693156214638
10000000000.0,10,221,0.09810179447199821
10000000000.0,10,222,0.09807657348622169
10000000000.0,10,223,0.09808106014729691
10000000000.0,10,224,0.09810498051440487
10000000000.0,10,225,0.09811528539815521
10000000000.0,10,226,0.09809717820211677
10000000000.0,10,227,0.09811853886177044
10000000000.0,10,228,0.09807323585844764
10000000000.0,10,229,0.09807182633274174
10000000000.0,10,230,0.09807081197704468
10000000000.0,10,231,0.09808757749141732
10000000000.0,10,232,0.09811410683201141
10000000000.0,10,233,0.09808875718208179
10000000000.0,10,234,0.09810661794418889
10000000000.0,10,235,0.09810942411100235
10000000000.0,10,236,0.09808953401154728
10000000000.0,10,237,0.09809678987405376
10000000000.0,10,238,0.0980733307527279
10000000000.0,10,239,0.09809702275222301
10000000000.0,10,240,0.09809539338215427
10000000000.0,10,241,0.09809812972329769
10000000000.0,10,242,0.09810315723242913
10000000000.0,10,243,0.0980876030436184
10000000000.0,10,244,0.0980992773700613
10000000000.0,10,245,0.0981104660532814
10000000000.0,10,246,0.0980975878997097
10000000000.0,10,247,0.09810898767608414
10000000000.0,10,248,0.09810120803700237
10000000000.0,10,249,0.09811314612167969
10000000000.0,10,250,0.09811309006218186
10000000000.0,10,251,0.09808687329553203
10000000000.0,10,252,0.09810834159616795
10000000000.0,10,253,0.09812338739089871
10000000000.0,10,254,0.0981002761575508
10000000000.0,10,255,0.09808514740684643
10000000000.0,10,256,0.09810075989634037
10000000000.0,10,257,0.09810035272957325
10000000000.0,10,258,0.09808772379181804
10000000000.0,10,259,0.09806774855493126
10000000000.0,10,260,0.09808207824186439
10000000000.0,10,261,0.09810495312065926
10000000000.0,10,262,0.09807131583141765
10000000000.0,10,263,0.09810103381069755
10000000000.0,10,264,0.0980734433823841
10000000000.0,10,265,0.09809830927539424
10000000000.0,10,266,0.09810071596142846
10000000000.0,10,267,0.09813453558411789
10000000000.0,10,268,0.09809059231894646
10000000000.0,10,269,0.09806790915143604
10000000000.0,10,270,0.09810686295918007
10000000000.0,10,271,0.09808094892795849
10000000000.0,10,272,0.09808235640554656
10000000000.0,10,273,0.09811661671986828
10000000000.0,10,274,0.09810002789546624
10000000000.0,10,275,0.09809280758468761
10000000000.0,10,276,0.09807984998395748
10000000000.0,10,277,0.09809429511402931
10000000000.0,10,278,0.09809432990428314
10000000000.0,10,279,0.09808259252372493
10000000000.0,10,280,0.09807630911386604
10000000000.0,10,281,0.09809438865074291
10000000000.0,10,282,0.09805804986001262
10000000000.0,10,283,0.09806877099482632
10000000000.0,10,284,0.09808548585643044
10000000000.0,10,285,0.09810339157782574
10000000000.0,10,286,0.09810984390336418
10000000000.0,10,287,0.0981203489740097
10000000000.0,10,288,0.0980773009078905
10000000000.0,10,289,0.09808383795197124
10000000000.0,10,290,0.09808898979366837
10000000000.0,10,291,0.09806468093808003
10000000000.0,10,292,0.09811172686805687
10000000000.0,10,293,0.09809750950900402
10000000000.0,10,294,0.09808433988003579
10000000000.0,10,295,0.09810422173008537
10000000000.0,10,296,0.09811371755583839
10000000000.0,10,297,0.09808319186069507
10000000000.0,10,298,0.09812933036319103
10000000000.0,10,299,0.0980951405682005
10000000000.0,10,300,0.09807636093171826
10000000000.0,10,301,0.09810213937254887
10000000000.0,10,302,0.09812975775906353
10000000000.0,10,303,0.09808352229908619
10000000000.0,10,304,0.09810511187794342
10000000000.0,10,305,0.09808474233603268
10000000000.0,10,306,0.09811364220168152
10000000000.0,10,307,0.09812905410728741
10000000000.0,10,308,0.09805151753374672
10000000000.0,10,309,0.09810628934000798
10000000000.0,10,310,0.098086918987533
10000000000.0,10,311,0.09810474143719139
10000000000.0,10,312,0.09811512874611836
10000000000.0,10,313,0.09811840096879998
10000000000.0,10,314,0.09808936853615856
10000000000.0,10,315,0.09811419767146244
10000000000.0,10,316,0.09811116296303883
10000000000.0,10,317,0.098091503337368
10000000000.0,10,318,0.09808993011560173
10000000000.0,10,319,0.09810404873134479
10000000000.0,10,320,0.09808559830786381
10000000000.0,10,321,0.0981016073875866
10000000000.0,10,322,0.09808765897953911
10000000000.0,10,323,0.09809657027456703
10000000000.0,10,324,0.09813012485021096
10000000000.0,10,325,0.09810462662901497
10000000000.0,10,326,0.0980617406600769
10000000000.0,10,327,0.09807198071537036
10000000000.0,10,328,0.09807544358244209
10000000000.0,10,329,0.09812528181903934
10000000000.0,10,330,0.0981197847794674
10000000000.0,10,331,0.09807000038461838
10000000000.0,10,332,0.09809718165082588
10000000000.0,10,333,0.09808569553564472
10000000000.0,10,334,0.09808708239631672
10000000000.0,10,335,0.09812420438519573
10000000000.0,10,336,0.0980994315047823
10000000000.0,10,337,0.0981052516523508
10000000000.0,10,338,0.09809196607553979
10000000000.0,10,339,0.09808629471880836
10000000000.0,10,340,0.09809770649274521
10000000000.0,10,341,0.09810822314444981
10000000000.0,10,342,0.09807627911056176
10000000000.0,10,343,0.0980970219018486
10000000000.0,10,344,0.09808346945664158
10000000000.0,10,345,0.09808699363780422
10000000000.0,10,346,0.09807647611021138
10000000000.0,10,347,0.09808427920243377
10000000000.0,10,348,0.09813646747424011
10000000000.0,10,349,0.09809341500709705
10000000000.0,10,350,0.09808202050896873
10000000000.0,10,351,0.0980926541714386
10000000000.0,10,352,0.09807930722966232
10000000000.0,10,353,0.09810417449063111
10000000000.0,10,354,0.09807793607893277
10000000000.0,10,355,0.09808492710114898
10000000000.0,10,356,0.09808871738418637
10000000000.0,10,357,0.098112999378652
10000000000.0,10,358,0.09812021267360573
10000000000.0,10,359,0.09809299384174214
10000000000.0,10,360,0.09808957974840642
10000000000.0,10,361,0.09812204453219033
10000000000.0,10,362,0.09808782581891537
10000000000.0,10,363,0.09812014147289924
10000000000.0,10,364,0.098089081485639
10000000000.0,10,365,0.09805908349871578
10000000000.0,10,366,0.09806771021869412
10000000000.0,10,367,0.09808866285147533
10000000000.0,10,368,0.09806251950062485
10000000000.0,10,369,0.09807381129952736
10000000000.0,10,370,0.09807476757382565
10000000000.0,10,371,0.0981008628636404
10000000000.0,10,372,0.09808275912147865
10000000000.0,10,373,0.09809165058551407
10000000000.0,10,374,0.09808878707891559
10000000000.0,10,375,0.0980846093432558
10000000000.0,10,376,0.09809014347170468
10000000000.0,10,377,0.09809724829207707
10000000000.0,10,378,0.09809620437154637
10000000000.0,10,379,0.0981031543971733
10000000000.0,10,380,0.09809533774281368
10000000000.0,10,381,0.09809722559017314
10000000000.0,10,382,0.09806862841749878
10000000000.0,10,383,0.09809922818604298
10000000000.0,10,384,0.09810364419221076
10000000000.0,10,385,0.09809888707258357
10000000000.0,10,386,0.09809598460425739
10000000000.0,10,387,0.09808999691754379
10000000000.0,10,388,0.09811251154502583
10000000000.0,10,389,0.09809201946030979
10000000000.0,10,390,0.0980781004139513
10000000000.0,10,391,0.09810754857508869
10000000000.0,10,392,0.09809364789811555
10000000000.0,10,393,0.09808816611540584
10000000000.0,10,394,0.09812094184891758
10000000000.0,10,395,0.09811538997755603
10000000000.0,10,396,0.0981009116863676
10000000000.0,10,397,0.09811322609332428
10000000000.0,10,398,0.09811532796014347
10000000000.0,10,399,0.09810520030230789
10000000000.0,10,400,0.098077190672118
10000000000.0,10,401,0.09808311662361202
10000000000.0,10,402,0.09810338787178745
10000000000.0,10,403,0.0980873726373518
10000000000.0,10,404,0.09807655136109696
10000000000.0,10,405,0.09810327610306892
10000000000.0,10,406,0.09807779099926815
10000000000.0,10,407,0.09807266071283627
10000000000.0,10,408,0.09809350379287128
10000000000.0,10,409,0.0981033570511135
10000000000.0,10,410,0.09811240058024921
10000000000.0,10,411,0.09813701640121136
10000000000.0,10,412,0.09812943629270306
10000000000.0,10,413,0.09812809583422832
10000000000.0,10,414,0.09808421656448478
10000000000.0,10,415,0.09809171900101585
10000000000.0,10,416,0.0981294301777626
10000000000.0,10,417,0.09807733866191082
10000000000.0,10,418,0.09807639787846507
10000000000.0,10,419,0.09804940081018905
10000000000.0,10,420,0.09810931629375172
10000000000.0,10,421,0.09806616428377171
10000000000.0,10,422,0.0981109685189825
10000000000.0,10,423,0.0980689796542202
10000000000.0,10,424,0.09808911339020672
10000000000.0,10,425,0.09812378671950264
10000000000.0,10,426,0.09806901068411178
10000000000.0,10,427,0.09806108219540939
10000000000.0,10,428,0.09810702879169693
10000000000.0,10,429,0.09807626839250373
10000000000.0,10,430,0.09812382388940086
10000000000.0,10,431,0.09809031993865662
10000000000.0,10,432,0.09813105018631363
10000000000.0,10,433,0.09807977802426186
10000000000.0,10,434,0.0981001686668211
10000000000.0,10,435,0.09809556712922268
10000000000.0,10,436,0.09811287566798439
10000000000.0,10,437,0.09806888180291863
10000000000.0,10,438,0.09811074028070088
10000000000.0,10,439,0.09810473294483242
10000000000.0,10,440,0.09809463400493221
10000000000.0,10,441,0.09806832520249806
10000000000.0,10,442,0.09809777442165031
10000000000.0,10,443,0.09809567538605594
10000000000.0,10,444,0.09807281016720314
10000000000.0,10,445,0.09811630452287426
10000000000.0,10,446,0.09807966570028553
10000000000.0,10,447,0.09807809290416603
10000000000.0,10,448,0.09809239290700092
10000000000.0,10,449,0.09806011191501827
10000000000.0,10,450,0.09810179440936985
10000000000.0,10,451,0.09808851491589679
10000000000.0,10,452,0.09807600122308788
10000000000.0,10,453,0.09809909217814007
10000000000.0,10,454,0.09813833968261337
10000000000.0,10,455,0.09805706427991295
10000000000.0,10,456,0.0980751197885994
10000000000.0,10,457,0.09807928205358543
10000000000.0,10,458,0.09808564798340244
10000000000.0,10,459,0.09810743905449448
10000000000.0,10,460,0.09805662777456894
10000000000.0,10,461,0.09814033150781803
10000000000.0,10,462,0.09809855846587791
10000000000.0,10,463,0.09808120961642856
10000000000.0,10,464,0.09808321786064891
10000000000.0,10,465,0.09808180542602425
10000000000.0,10,466,0.09809893911325417
10000000000.0,10,467,0.09807768665952969
10000000000.0,10,468,0.09807105887069054
10000000000.0,10,469,0.09808664960659942
10000000000.0,10,470,0.0981011435304388
10000000000.0,10,471,0.09805279404354764
10000000000.0,10,472,0.09809994431314316
10000000000.0,10,473,0.09810368386330967
10000000000.0,10,474,0.09811374113055477
10000000000.0,10,475,0.09811654081344967
10000000000.0,10,476,0.09809148362219887
10000000000.0,10,477,0.09810827490053349
10000000000.0,10,478,0.09808960957077885
10000000000.0,10,479,0.0981054885388237
10000000000.0,10,480,0.09811396467429905
10000000000.0,10,481,0.09805850846501503
10000000000.0,10,482,0.09811870444857579
10000000000.0,10,483,0.09812158382746276
10000000000.0,10,484,0.09810996312031726
10000000000.0,10,485,0.09809055882179413
10000000000.0,10,486,0.09810280265492477
10000000000.0,10,487,0.09811653716639367
10000000000.0,10,488,0.09809769786909008
10000000000.0,10,489,0.09808578169354382
10000000000.0,10,490,0.09810453375979995
10000000000.0,10,491,0.09811391044167767
10000000000.0,10,492,0.09809640970248584
10000000000.0,10,493,0.0980716094784666
10000000000.0,10,494,0.09806023405870228
10000000000.0,10,495,0.09807596441267662
10000000000.0,10,496,0.09808602808991718
10000000000.0,10,497,0.09807183413254872
10000000000.0,10,498,0.09809966738222274
10000000000.0,10,499,0.0981021837120554
10000000000.0,10,500,0.09808196584854545
